<?xml version="1.0" encoding="UTF-8"?>
<!-- Foundation -->
<window type="dialog" id="1109">
    
    <onload condition="String.IsEqual(Container.Viewmode, $LOCALIZE[37619])">SetFocus(3125)</onload>
	<onload condition="String.IsEqual(Container.Viewmode, $LOCALIZE[31265])">SetFocus(3121)</onload>
    
	<onload condition="String.IsEqual(Container.Viewmode, $LOCALIZE[37590]) + !Container.Content(seasons) + !Container.Content(episodes)">SetFocus(3122)</onload>
    <onload condition="String.IsEqual(Container.Viewmode, $LOCALIZE[37590]) + [Container.Content(seasons) | Container.Content(episodes)]">SetFocus(3101)</onload>
    
	<onload condition="String.IsEqual(Container.Viewmode, $LOCALIZE[37537])">SetFocus(3123)</onload>
	<onload condition="String.IsEqual(Container.Viewmode, $LOCALIZE[37517])">SetFocus(3124)</onload>
	<onload condition="String.IsEqual(Container.Viewmode, $LOCALIZE[544])">SetFocus(3139)</onload>
	<onload condition="String.IsEqual(Container.Viewmode, $LOCALIZE[20180])">SetFocus(3127)</onload>
	<onload condition="String.IsEqual(Container.Viewmode, $LOCALIZE[31147])">SetFocus(3128)</onload>
	<onload condition="String.IsEqual(Container.Viewmode, $LOCALIZE[31258])">SetFocus(3129)</onload>
	<onload condition="String.IsEqual(Container.Viewmode, $LOCALIZE[31244])">SetFocus(3130)</onload>
	<onload condition="String.IsEqual(Container.Viewmode, $LOCALIZE[539])">SetFocus(3131)</onload>
	<onload condition="String.IsEqual(Container.Viewmode, $LOCALIZE[540])">SetFocus(3132)</onload>
	<onload condition="String.IsEqual(Container.Viewmode, $LOCALIZE[31198])">SetFocus(3133)</onload>
	<onload condition="String.IsEqual(Container.Viewmode, $LOCALIZE[537])">SetFocus(3134)</onload>
	<onload condition="String.IsEqual(Container.Viewmode, $LOCALIZE[31264])">SetFocus(3135)</onload>
	<onload condition="String.IsEqual(Container.Viewmode, $LOCALIZE[538])">SetFocus(3136)</onload>
	<onload condition="String.IsEqual(Container.Viewmode, $LOCALIZE[535])">SetFocus(3138)</onload>
	<onload condition="String.IsEqual(Container.Viewmode, $LOCALIZE[37606])">SetFocus(3126)</onload>
    <onload condition="String.IsEqual(Container.Viewmode, $LOCALIZE[37518])">SetFocus(3141)</onload>
	<onload condition="String.IsEqual(Container.Viewmode, $LOCALIZE[37710])">SetFocus(3142)</onload>
    <onload condition="String.IsEqual(Container.Viewmode, $LOCALIZE[37773])">SetFocus(3140)</onload>
    <onload condition="String.IsEqual(Container.Viewmode, $LOCALIZE[37775])">SetFocus(3157)</onload>
    <onload condition="String.IsEqual(Container.Viewmode, $LOCALIZE[37782])">SetFocus(3143)</onload>
    <onload condition="String.IsEqual(Container.Viewmode, $LOCALIZE[37823])">SetFocus(3119)</onload>
    <onload condition="String.IsEmpty(System.CurrentControlID)">SetFocus(3138)</onload>
	<allowoverlay>yes</allowoverlay>
    <zorder>100</zorder>
    <controls>		
        <control type="group">			
			<include>Animation.FadeIn</include>
            <include>Animation.FadeOut</include>			
			<control type="image">
				<left>590</left>
				<top>184</top>	
				<width>429</width>
				<height>690</height>
				<colordiffuse>White100</colordiffuse>
				<texture border="16">common/rounded-shadow8.png</texture>
			</control>
			
			<control type="group">
				<left>612</left>
				<top>206</top>
				<control type="label">
					<description>Header Label</description>
					<left>70</left>
					<width>1000</width>
					<posy>0</posy>
					<include>FontTop</include>
					<textcolor>Dark2</textcolor>
					<label>582</label>
				</control>
				
				<include>Kodi_Logo</include>
				
				<!-- Lines -->
				<control type="image">
					<top>70</top>
					<left>17</left>
					<width>350</width>
					<height>1</height>
					<bottom>10</bottom>
					<colordiffuse>Black12</colordiffuse>
					<texture>common/white.png</texture>
				</control>
			</control>
			
			<control type="group">
				<height>390</height>
				<left>587</left>
				<top>200</top>
				<control type="image">
					<description>arrow image</description>
					<left>200</left>
					<top>-30</top>
					<width>16</width>
					<height>16</height>
					<texture colordiffuse="White70" flipy="true">common/arrow-small.png</texture>
				</control>
				<control type="image">
					<description>arrow image</description>
					<left>200</left>
					<top>672</top>
					<width>16</width>
					<height>16</height>
					<texture colordiffuse="White70" flipy="false">common/arrow-small.png</texture>
				</control>
			</control>
            
            <control type="image">
                <top>294</top>
                <left>598</left>
                <height>70</height>
                <width>410</width>
                <texture colordiffuse="$VAR[ColorSelectOtherBar]">common/white.png</texture>
                <visible>ControlGroup(9001).HasFocus()</visible>
                <animation effect="slide" end="0,70" time="0" condition="Integer.IsGreater(Container(9001).Position,0)">Conditional</animation>
                <animation effect="slide" end="0,70" time="0" condition="Integer.IsGreater(Container(9001).Position,1)">Conditional</animation>
                <animation effect="slide" end="0,70" time="0" condition="Integer.IsGreater(Container(9001).Position,2)">Conditional</animation>
                <animation effect="slide" end="0,70" time="0" condition="Integer.IsGreater(Container(9001).Position,3)">Conditional</animation>
                <animation effect="slide" end="0,70" time="0" condition="Integer.IsGreater(Container(9001).Position,4)">Conditional</animation>
                <animation effect="slide" end="0,70" time="0" condition="Integer.IsGreater(Container(9001).Position,5)">Conditional</animation>
                <animation effect="slide" end="0,70" time="0" condition="Integer.IsGreater(Container(9001).Position,6)">Conditional</animation>
            </control> 
            
		 	<control type="grouplist" id="9001">
                <height>560</height>
                <left>598</left>
    			<top>294</top>
				<onleft>SetFocus(9305)</onleft>
				<onleft>Close</onleft>
				<onright>SetFocus(9305)</onright>
				<onright>Close</onright>			
				<itemgap>0</itemgap> 
                <scrolltime>0</scrolltime>	                             
				<control type="button" id="3121">
				    <width>413</width>
                    <include>DefContextButtonGradient</include>
                    <label>31265</label>
					<align>left</align>
                    <onclick>Container.SetViewMode(507)</onclick>
					<onclick>Close</onclick> 
                    <enable>!Container.Content(videos) + !Container.Content(actors)</enable>
                </control>
                <control type="button" id="3123">
				    <width>413</width>
                    <include>DefContextButtonGradient</include>
                    <label>37537</label>
					<align>left</align>
                    <onclick>Container.SetViewMode(509)</onclick>
					<onclick>Close</onclick> 
					<enable>!Container.Content(episodes) + !Container.Content(videos) + !Container.Content(actors)</enable>                    
                </control> 
				<control type="button" id="3122">
				    <width>413</width>
                    <include>DefContextButtonGradient</include>
                    <label>37590</label>
					<align>left</align>
                    <onclick>Container.SetViewMode(510)</onclick>
					<onclick>Close</onclick> 
                    <enable>!Container.Content(videos) + !Container.Content(actors)</enable> 
                    <visible>!Container.Content(seasons) + !Container.Content(episodes)</visible> 
                </control>
                <control type="button" id="3101">
				    <width>413</width>
                    <include>DefContextButtonGradient</include>
                    <label>37590</label>
					<align>left</align>
                    <onclick>Container.SetViewMode(520)</onclick>
					<onclick>Close</onclick> 
                    <visible>Container.Content(seasons) | Container.Content(episodes)</visible> 
                </control>
                <control type="button" id="3142">
				    <width>413</width>
                    <include>DefContextButtonGradient</include>
                    <label>37710</label>
					<align>left</align>
                    <onclick>Container.SetViewMode(514)</onclick>
					<onclick>Close</onclick>
                    <enable>!Container.Content(videos) + !Container.Content(actors)</enable> 
                </control>       			
				<control type="button" id="3124">
				    <width>413</width>
                    <include>DefContextButtonGradient</include>
                    <label>37517</label>
					<align>left</align>
                    <onclick>Container.SetViewMode(504)</onclick>
					<onclick>Close</onclick> 
                    <enable>!Container.Content(videos) + !Container.Content(actors)</enable> 
                </control>
				<control type="button" id="3125">
				    <width>413</width>
                    <include>DefContextButtonGradient</include>
                    <label>37619</label>
					<align>left</align>
                    <onclick>Container.SetViewMode(512)</onclick>
					<onclick>Close</onclick> 
                    <visible>!Container.Content(videos) + !Container.Content(actors)</visible> 
                </control>	
				<control type="button" id="3126">
				    <width>413</width>
                    <include>DefContextButtonGradient</include>
                    <label>37606</label>
					<align>left</align>
                    <onclick>Container.SetViewMode(511)</onclick>
					<onclick>Close</onclick> 
                    <visible>!Container.Content(videos) + !Container.Content(actors)</visible> 
                </control>		
				<control type="button" id="3127">
				    <width>413</width>
                    <include>DefContextButtonGradient</include>
                    <label>20180</label>
					<align>left</align>
                    <onclick>Container.SetViewMode(55)</onclick>
					<onclick>Close</onclick> 
					<enable>!Container.Content(episodes) + !Container.Content(videos) + !Container.Content(actors)</enable>                     
                </control>				
				<control type="button" id="3128">
				    <width>413</width>
                    <include>DefContextButtonGradient</include>
                    <label>31147</label>
					<align>left</align>	
                    <onclick>Container.SetViewMode(57)</onclick>
					<onclick>Close</onclick> 
                </control>
				<control type="button" id="3129">
				    <width>413</width>
                    <include>DefContextButtonGradient</include>
                    <label>31258</label>
					<align>left</align>	
                    <onclick>Container.SetViewMode(555)</onclick>
					<onclick>Close</onclick> 
                    <enable>!Container.Content(actors)</enable>
                </control>
				<control type="button" id="3130">
				    <width>413</width>
                    <include>DefContextButtonGradient</include>
                    <label>31244</label>
					<align>left</align>	
                    <onclick>Container.SetViewMode(59)</onclick>
					<onclick>Close</onclick> 
					<enable>Container.Content(movies) | Container.Content(tvshows)</enable>
                </control>
				<control type="button" id="3131">
				    <width>413</width>
                    <include>DefContextButtonGradient</include>
                    <label>539</label>
					<align>left</align>	
                    <onclick>Container.SetViewMode(54)</onclick>
					<onclick>Close</onclick> 
                    <enable>!Container.Content(videos) + !Container.Content(actors)</enable>
                </control>
				<control type="button" id="3132">
				    <width>413</width>
                    <include>DefContextButtonGradient</include>
                    <label>540</label>
					<align>left</align>	
                    <onclick>Container.SetViewMode(51)</onclick>
					<onclick>Close</onclick> 
                    <enable>!Container.Content(videos) + !Container.Content(actors)</enable>
                </control>
				<control type="button" id="3133">
				    <width>413</width>
                    <include>DefContextButtonGradient</include>
                    <label>31198</label>
					<align>left</align>	
                    <onclick>Container.SetViewMode(58)</onclick>
					<onclick>Close</onclick> 
                    <enable>!Container.Content(videos)</enable>
                </control>
				<control type="button" id="3134">
				    <width>413</width>
                    <include>DefContextButtonGradient</include>
                    <label>537</label>
					<align>left</align>	
                    <onclick>Container.SetViewMode(52)</onclick>
					<onclick>Close</onclick> 
                </control>
				<control type="button" id="3135">
				    <width>413</width>
                    <include>DefContextButtonGradient</include>
                    <label>31264</label>
					<align>left</align>	
                    <onclick>Container.SetViewMode(500)</onclick>
					<onclick>Close</onclick> 
                </control>
				<control type="button" id="3136">
				    <width>413</width>
                    <include>DefContextButtonGradient</include>
                    <label>538</label>
					<align>left</align>	
                    <onclick>Container.SetViewMode(53)</onclick>
					<onclick>Close</onclick> 
					<enable>!Container.Content(episodes) + !Container.Content(videos) + !Container.Content(actors)</enable>
                </control>			
				<control type="button" id="3138">
				    <width>413</width>
                    <include>DefContextButtonGradient</include>
                    <label>535</label>
					<align>left</align>	
                    <onclick>Container.SetViewMode(50)</onclick>
					<onclick>Close</onclick> 
                </control>
				<control type="button" id="3139">
				    <width>413</width>
                    <include>DefContextButtonGradient</include>
                    <label>544</label>
					<align>left</align>
                    <onclick>Container.SetViewMode(56)</onclick>
					<onclick>Close</onclick> 
                    <enable>!Container.Content(videos)</enable>
                </control>
                <control type="button" id="3140">
				    <width>413</width>
                    <include>DefContextButtonGradient</include>
                    <label>37773</label>
					<align>left</align>
                    <onclick>Container.SetViewMode(515)</onclick>
					<onclick>Close</onclick> 
                    <enable>!Container.Content(actors)</enable>
                </control>
				<control type="button" id="3141">
				    <width>413</width>
                    <include>DefContextButtonGradient</include>
                    <label>37518</label>
					<align>left</align>
                    <onclick>Container.SetViewMode(501)</onclick>
					<onclick>Close</onclick>
                    <enable>!Container.Content(videos) + !Container.Content(actors)</enable> 
                </control>
                <control type="button" id="3119">
				    <width>413</width>
                    <include>DefContextButtonGradient</include>
                    <label>37823</label>
					<align>left</align>
                    <onclick>Container.SetViewMode(519)</onclick>
					<onclick>Close</onclick>
                    <enable>!Container.Content(episodes) + !Container.Content(videos) + !Container.Content(actors)</enable>
                </control>                
                <control type="button" id="3143">
				    <width>413</width>
                    <include>DefContextButtonGradient</include>
                    <label>37782</label>
					<align>left</align>
                    <onclick>Container.SetViewMode(517)</onclick>
					<onclick>Close</onclick>
                    <enable>Container.Content(musicvideos) | Container.Content(movies) | Container.Content(tvshows) | Container.Content(sets)</enable>
                </control>
                <control type="button" id="3157">
				    <width>413</width>
                    <include>DefContextButtonGradient</include>
                    <label>37775</label>
					<align>left</align>
                    <onclick>Container.SetViewMode(516)</onclick>
					<onclick>Close</onclick> 
                    <enable>Container.Content(seasons)</enable>
                </control>
				<control type="button" id="3120">
				    <width>413</width>
                    <include>DefContextButtonGradient</include>
                    <label>Shifted More</label>
					<align>left</align>
                    <onclick>Container.SetViewMode(513)</onclick>
					<onclick>Close</onclick>
                    <enable>!Container.Content(videos) + !Container.Content(actors)</enable> 
                </control>
            </control>
			<control type="image">
				<left>1025</left>
				<top>184</top>	
				<width>803</width>
				<height>463</height>
				<colordiffuse>White100</colordiffuse>
				<texture border="16">common/rounded-shadow8.png</texture>
			</control>			
			<control type="image">
				<visible>ControlGroup(9001).HasFocus(3120)</visible>
				<description>Thumb image</description>
				<left>1036</left>
				<top>196</top>
				<width>780</width>
				<height>439</height>
				<texture border="5">special://skin/extras/views/$VAR[ColorTheme]513.jpg</texture>
			</control>
			<control type="image">
				<visible>ControlGroup(9001).HasFocus(3125)</visible>
				<description>Thumb image</description>
				<left>1036</left>
				<top>196</top>
				<width>780</width>
				<height>439</height>
				<texture border="5">special://skin/extras/views/$VAR[ColorTheme]512.jpg</texture>
			</control>
			<control type="image">
				<visible>ControlGroup(9001).HasFocus(3126)</visible>
				<description>Thumb image</description>
				<left>1036</left>
				<top>196</top>
				<width>780</width>
				<height>439</height>
				<texture border="5">special://skin/extras/views/$VAR[ColorTheme]511.jpg</texture>
			</control>
			<control type="image">
				<visible>ControlGroup(9001).HasFocus(3141)</visible>
				<description>Thumb image</description>
				<left>1036</left>
				<top>196</top>
				<width>780</width>
				<height>439</height>
				<texture border="5">special://skin/extras/views/$VAR[ColorTheme]501.jpg</texture>
			</control>
			<control type="image">
				<visible>ControlGroup(9001).HasFocus(3121)</visible>
				<description>Thumb image</description>
				<left>1036</left>
				<top>196</top>
				<width>780</width>
				<height>439</height>
				<texture border="5">special://skin/extras/views/$VAR[ColorTheme]507.jpg</texture>
			</control>	
			<control type="image">
				<visible>ControlGroup(9001).HasFocus(3139)</visible>
				<description>Thumb image</description>
				<left>1036</left>
				<top>196</top>
				<width>780</width>
				<height>439</height>
				<texture border="5">special://skin/extras/views/$VAR[ColorTheme]56.jpg</texture>
			</control>	
			<control type="image">
				<visible>ControlGroup(9001).HasFocus(3124)</visible>
				<description>Thumb image</description>
				<left>1036</left>
				<top>196</top>
				<width>780</width>
				<height>439</height>
				<texture border="5">special://skin/extras/views/$VAR[ColorTheme]504.jpg</texture>
			</control>	
			<control type="image">
				<visible>ControlGroup(9001).HasFocus(3123)</visible>
				<description>Thumb image</description>
				<left>1036</left>
				<top>196</top>
				<width>780</width>
				<height>439</height>
				<texture border="5">special://skin/extras/views/$VAR[ColorTheme]509.jpg</texture>
			</control>	
			<control type="image">
				<visible>ControlGroup(9001).HasFocus(3127)</visible>
				<description>Thumb image</description>
				<left>1036</left>
				<top>196</top>
				<width>780</width>
				<height>439</height>
				<texture border="5">special://skin/extras/views/$VAR[ColorTheme]55.jpg</texture>
			</control>	
			<control type="image">
				<visible>ControlGroup(9001).HasFocus(3128)</visible>
				<description>Thumb image</description>
				<left>1036</left>
				<top>196</top>
				<width>780</width>
				<height>439</height>
				<texture border="5">special://skin/extras/views/$VAR[ColorTheme]57.jpg</texture>
			</control>	
			<control type="image">
				<visible>ControlGroup(9001).HasFocus(3129)</visible>
				<description>Thumb image</description>
				<left>1036</left>
				<top>196</top>
				<width>780</width>
				<height>439</height>
				<texture border="5">special://skin/extras/views/$VAR[ColorTheme]555.jpg</texture>
			</control>	
			<control type="image">
				<visible>ControlGroup(9001).HasFocus(3130)</visible>
				<description>Thumb image</description>
				<left>1036</left>
				<top>196</top>
				<width>780</width>
				<height>439</height>
				<texture border="5">special://skin/extras/views/$VAR[ColorTheme]59.jpg</texture>
			</control>	
			<control type="image">
				<visible>ControlGroup(9001).HasFocus(3131)</visible>
				<description>Thumb image</description>
				<left>1036</left>
				<top>196</top>
				<width>780</width>
				<height>439</height>
				<texture border="5">special://skin/extras/views/$VAR[ColorTheme]54.jpg</texture>
			</control>
			<control type="image">
				<visible>ControlGroup(9001).HasFocus(3132)</visible>
				<description>Thumb image</description>
				<left>1036</left>
				<top>196</top>
				<width>780</width>
				<height>439</height>
				<texture border="5">special://skin/extras/views/$VAR[ColorTheme]51.jpg</texture>
			</control>	
			<control type="image">
				<visible>ControlGroup(9001).HasFocus(3133)</visible>
				<description>Thumb image</description>
				<left>1036</left>
				<top>196</top>
				<width>780</width>
				<height>439</height>
				<texture border="5">special://skin/extras/views/$VAR[ColorTheme]58.jpg</texture>
			</control>
			<control type="image">
				<visible>ControlGroup(9001).HasFocus(3134)</visible>
				<description>Thumb image</description>
				<left>1036</left>
				<top>196</top>
				<width>780</width>
				<height>439</height>
				<texture border="5">special://skin/extras/views/$VAR[ColorTheme]52.jpg</texture>
			</control>	
			<control type="image">
				<visible>ControlGroup(9001).HasFocus(3135)</visible>
				<description>Thumb image</description>
				<left>1036</left>
				<top>196</top>
				<width>780</width>
				<height>439</height>
				<texture border="5">special://skin/extras/views/$VAR[ColorTheme]500.jpg</texture>
			</control>	
			<control type="image">
				<visible>ControlGroup(9001).HasFocus(3136)</visible>
				<description>Thumb image</description>
				<left>1036</left>
				<top>196</top>
				<width>780</width>
				<height>439</height>
				<texture border="5">special://skin/extras/views/$VAR[ColorTheme]53.jpg</texture>
			</control>	
			<control type="image">
				<visible>ControlGroup(9001).HasFocus(3137)</visible>
				<description>Thumb image</description>
				<left>1036</left>
				<top>196</top>
				<width>780</width>
				<height>439</height>
				<texture border="5">special://skin/extras/views/$VAR[ColorTheme]57.jpg</texture>
			</control>		
			<control type="image">
				<visible>ControlGroup(9001).HasFocus(3138)</visible>
				<description>Thumb image</description>
				<left>1036</left>
				<top>196</top>
				<width>780</width>
				<height>439</height>
				<texture border="5">special://skin/extras/views/$VAR[ColorTheme]50.jpg</texture>
			</control>	
			<control type="image">
				<visible>ControlGroup(9001).HasFocus(3101)</visible>
				<description>Thumb image</description>
				<left>1036</left>
				<top>196</top>
				<width>780</width>
				<height>439</height>
				<texture border="5">special://skin/extras/views/$VAR[ColorTheme]520.jpg</texture>
			</control>
            <control type="image">
				<visible>ControlGroup(9001).HasFocus(3122)</visible>
				<description>Thumb image</description>
				<left>1036</left>
				<top>196</top>
				<width>780</width>
				<height>439</height>
				<texture border="5">special://skin/extras/views/$VAR[ColorTheme]510.jpg</texture>
			</control>
            <control type="image">
				<visible>ControlGroup(9001).HasFocus(3142)</visible>
				<description>Thumb image</description>
				<left>1036</left>
				<top>196</top>
				<width>780</width>
				<height>439</height>
				<texture border="5">special://skin/extras/views/$VAR[ColorTheme]514.jpg</texture>
			</control>
            <control type="image">
				<visible>ControlGroup(9001).HasFocus(3140)</visible>
				<description>Thumb image</description>
				<left>1036</left>
				<top>196</top>
				<width>780</width>
				<height>439</height>
				<texture border="5">special://skin/extras/views/$VAR[ColorTheme]515.jpg</texture>
			</control>	
            <control type="image">
				<visible>ControlGroup(9001).HasFocus(3157)</visible>
				<description>Thumb image</description>
				<left>1036</left>
				<top>196</top>
				<width>780</width>
				<height>439</height>
				<texture border="5">special://skin/extras/views/$VAR[ColorTheme]516.jpg</texture>
			</control>
            <control type="image">
				<visible>ControlGroup(9001).HasFocus(3143)</visible>
				<description>Thumb image</description>
				<left>1036</left>
				<top>196</top>
				<width>780</width>
				<height>439</height>
				<texture border="5">special://skin/extras/views/$VAR[ColorTheme]517.jpg</texture>
			</control>
            <control type="image">
				<visible>ControlGroup(9001).HasFocus(3119)</visible>
				<description>Thumb image</description>
				<left>1036</left>
				<top>196</top>
				<width>780</width>
				<height>439</height>
				<texture border="5">special://skin/extras/views/$VAR[ColorTheme]519.jpg</texture>
			</control>
		</control>
    </controls>
</window>
