<?xml version="1.0" encoding="UTF-8"?>
<!-- Foundation -->
<window id="2000">
    <defaultcontrol always="true">3</defaultcontrol>
    <onunload>ClearProperty(SetUserRating,home)</onunload>
    <onunload>ClearProperty(SetUserRating2,home)</onunload>
    <onload>ClearProperty(down)</onload>
	<onunload>ClearProperty(down)</onunload>
    <onload condition="!String.IsEmpty(Window(home).Property(SetUserRating)) + !String.IsEmpty(Window(home).Property(SetUserRating2))">SetFocus(21)</onload>
    <controls>

        <include>GlobalOverlay</include>
        <control type="group">
            <include condition="String.IsEmpty(Window(home).Property(SetUserRating)) + String.IsEmpty(Window(home).Property(SetUserRating2))">DefDialogBackground</include>
            <include condition="!String.IsEmpty(Window(home).Property(SetUserRating)) | !String.IsEmpty(Window(home).Property(SetUserRating))">DefDialogBackgroundRating</include>
            <control type="label" id="1">
                <include condition="String.IsEmpty(Window(home).Property(SetUserRating)) + String.IsEmpty(Window(home).Property(SetUserRating2))">DefDialogHeader</include>
                <include condition="!String.IsEmpty(Window(home).Property(SetUserRating)) | !String.IsEmpty(Window(home).Property(SetUserRating))">DefDialogHeaderUserRating</include>
                <label></label>
            </control>
			
			<include content="Kodi_Logo">
                <param name="dimensions" value="40" />
                <param name="top" value="40" />
                <param name="left" value="40" />
            </include>
			
			<!-- Lines -->
			<control type="image">
				<top>95</top>
				<left>40</left>
				<right>40</right>
				<height>1</height>
				<bottom>10</bottom>
				<colordiffuse>Black12</colordiffuse>
				<texture>common/white.png</texture>
			</control>

            <include condition="String.IsEmpty(Window(home).Property(SetUserRating)) + String.IsEmpty(Window(home).Property(SetUserRating2))">DialogSelect</include>
            <include condition="!String.IsEmpty(Window(home).Property(SetUserRating)) | !String.IsEmpty(Window(home).Property(SetUserRating))">DialogSelectUserRating</include>         

            <include content="scrollbar_dialog_3">
                <param name="scrollid" value="1723" />
                <param name="onleft" value="3" />
                <param name="onright" value="1888" />
            </include> 
            <include content="scrollbar_dialog">
                <param name="scrollid" value="1723" />
                <param name="onleft" value="6" />
                <param name="onright" value="1888" />
            </include>            
            
            <control type="list" id="6">
                <posx>8</posx>
                <posy>120</posy>
                <width>700</width>
                <height>690</height>
                <onleft>5</onleft>
                <onright>1723</onright>
                <pagecontrol>1723</pagecontrol>
                <onup>6</onup>
                <ondown>6</ondown>
                <itemlayout height="138">					
                    <control type="image">
                        <posx>32</posx>
                        <posy>12</posy>
                        <width>111</width>
                        <height>111</height>
                        <aspectratio scalediffuse="false">scale</aspectratio>
                        <texture diffuse="diffuse/dialogselect.png" fallback="DefaultAddonNone.png">$INFO[Listitem.Icon]</texture>
                        <visible>!Skin.HasSetting(global.hidecirles)</visible>
                    </control>
                    <control type="image">
                        <posx>32</posx>
                        <posy>12</posy>
                        <width>111</width>
                        <height>111</height>
                        <aspectratio scalediffuse="false">keep</aspectratio>
                        <texture fallback="DefaultAddonNone.png">$INFO[Listitem.Icon]</texture>
                        <visible>Skin.HasSetting(global.hidecirles)</visible>
                    </control>
                    <control type="image">
						<top>11</top>
						<left>31</left>
						<width>113</width>
						<height>113</height>                         
						<texture colordiffuse="Box2" border="4" background="true">common/box21.png</texture>    
						<visible>!Skin.HasSetting(thumbnails.white) + Skin.HasSetting(global.hidecirles)</visible>                        
					</control>
                    <control type="label">
                        <posy>-18</posy>
                        <posx>170</posx>
                        <width>496</width>
                        <height>135</height>
                        <font>Small</font>
                        <textcolor>Black70</textcolor>
                        <selectedcolor>Black70</selectedcolor>
                        <label>$INFO[ListItem.Label]</label>
                        <animation effect="slide" end="0,18" condition="String.IsEmpty(ListItem.Label2)">Conditional</animation>
                    </control>
                    <control type="label">
                        <posx>170</posx>
                        <posy>18</posy>
                        <width>496</width>
                        <height>135</height>
                        <font>Mini</font>
                        <textcolor>Black70</textcolor>
                        <selectedcolor>Black70</selectedcolor>
                        <label>$INFO[ListItem.Label2]</label>
                    </control>
                    <control type="image">
                        <right>30</right>
                        <centertop>50%</centertop>
                        <width>24</width>
                        <height>24</height>
                        <texture colordiffuse="$VAR[ColorHighlight]">osd/minicheck.png</texture>
                        <visible>ListItem.IsSelected</visible>
                    </control>
                </itemlayout>

                <focusedlayout height="138">
                    <control type="group">
                        <visible>!Control.HasFocus(6)</visible>						
                        <control type="image">
                            <posx>32</posx>
                            <posy>12</posy>
                            <width>111</width>
                            <height>111</height>
                            <aspectratio scalediffuse="false">scale</aspectratio>
                            <texture diffuse="diffuse/dialogselect.png" fallback="DefaultAddonNone.png">$INFO[Listitem.Icon]</texture>
                            <visible>!Skin.HasSetting(global.hidecirles)</visible>
                        </control>
                        <control type="image">
                            <posx>32</posx>
                            <posy>12</posy>
                            <width>111</width>
                            <height>111</height>
                            <aspectratio scalediffuse="false">keep</aspectratio>
                            <texture fallback="DefaultAddonNone.png">$INFO[Listitem.Icon]</texture>
                            <visible>Skin.HasSetting(global.hidecirles)</visible>
                        </control>
                        <control type="image">
							<top>11</top>
							<left>31</left>
							<width>113</width>
							<height>113</height>                         
							<texture colordiffuse="Box2" border="4" background="true">common/box21.png</texture>   
							<visible>!Skin.HasSetting(thumbnails.white) + Skin.HasSetting(global.hidecirles)</visible>                        
						</control>
                        <control type="label">
                            <posy>-18</posy>
                            <posx>170</posx>
                            <width>496</width>
                            <height>135</height>
                            <font>Small</font>
                            <textcolor>Black70</textcolor>
                            <selectedcolor>Black70</selectedcolor>
                            <info>ListItem.Label</info>
                            <animation effect="slide" end="0,18" condition="String.IsEmpty(ListItem.Label2)">Conditional</animation>
                        </control>
                        <control type="label">
                            <posx>170</posx>
                            <posy>18</posy>
                            <width>496</width>
                            <height>135</height>
                            <font>Mini</font>
                            <textcolor>Black70</textcolor>
                            <selectedcolor>Black70</selectedcolor>
                            <label>$INFO[ListItem.Label2]</label>
                        </control>
                        <control type="image">
                            <right>30</right>
                            <centertop>50%</centertop>
                            <width>24</width>
                            <height>24</height>
                            <texture colordiffuse="ffffffff">osd/minicheck.png</texture>
                            <visible>ListItem.IsSelected</visible>
                        </control>
                    </control>
                    <control type="group">
                        <visible>Control.HasFocus(6)</visible>						
                        <control type="image">
                            <width>696</width>
                            <height>135</height>
                            <texture border="5" colordiffuse="$VAR[ColorHighlight]">common/white.png</texture>
                        </control> 
                        <control type="image">                                
                            <width>696</width>
                            <height>135</height>
                            <texture border="8" colordiffuse="$VAR[ColorHighlightOtherBar]">common/gradient-box-wide-cut.png</texture>                   
                        </control>                       
                        <control type="image">
                            <posx>32</posx>
                            <posy>12</posy>
                            <width>111</width>
                            <height>111</height>
                            <aspectratio scalediffuse="false">scale</aspectratio>
                            <texture diffuse="diffuse/dialogselect.png" fallback="DefaultAddonNone.png">$INFO[Listitem.Icon]</texture>
                            <visible>!Skin.HasSetting(global.hidecirles)</visible>
                        </control>
                        <control type="image">
                            <posx>32</posx>
                            <posy>12</posy>
                            <width>111</width>
                            <height>111</height>
                            <aspectratio scalediffuse="false">keep</aspectratio>
                            <texture fallback="DefaultAddonNone.png">$INFO[Listitem.Icon]</texture>
                            <visible>Skin.HasSetting(global.hidecirles)</visible>
                        </control>
                        <control type="image">
							<top>11</top>
							<left>31</left>
							<width>113</width>
							<height>113</height>                         
							<texture colordiffuse="Box2" border="4" background="true">common/box21.png</texture>   
							<visible>!Skin.HasSetting(thumbnails.white) + Skin.HasSetting(global.hidecirles)</visible>                        
						</control>
                        <control type="label">
                            <posy>-18</posy>
                            <posx>170</posx>
                            <width>496</width>
                            <height>135</height>
                            <font>Small</font>
                            <textcolor>Selected</textcolor>
                            <selectedcolor>Selected</selectedcolor>
                            <label>$INFO[ListItem.Label]</label>
                            <animation effect="slide" end="0,18" condition="String.IsEmpty(ListItem.Label2)">Conditional</animation>
                        </control>
                        <control type="label">
                            <posx>170</posx>
                            <posy>18</posy>
                            <width>496</width>
                            <height>135</height>
                            <font>Mini</font>
                            <textcolor>Selected</textcolor>
                            <selectedcolor>Selected</selectedcolor>
                            <label>$INFO[ListItem.Label2]</label>
                        </control>
                        <control type="image">
                            <right>30</right>
                            <centertop>50%</centertop>
                            <width>24</width>
                            <height>24</height>
                            <texture colordiffuse="Selected">osd/minicheck.png</texture>
                            <visible>ListItem.IsSelected</visible>
                        </control>
                    </control>
                </focusedlayout>
            </control>
            <control type="group" id="1888">                
                <control type="button" id="5">
                    <description>Manual</description>
                    <posx>738</posx>
                    <posy>120</posy>
                    <width>300</width>
                    <height>70</height>
                    <align>center</align>
                    <label>368</label>
                    <onleft>1723</onleft>
                    <onup>3</onup>
                    <ondown>7</ondown>
                    <font>Button</font>
                    <textcolor>Black70</textcolor>
                    <texturefocus colordiffuse="$VAR[ColorHighlight]" border="5">common/box.png</texturefocus>
                    <!--<animation effect="slide" start="0" end="22,-100" condition="!Control.IsVisible(6)">Conditional</animation>-->
                </control>
                <control type="button" id="7">
                    <description>Cancel</description>
                    <posx>738</posx>
                    <posy>200</posy>
                    <width>300</width>
                    <height>70</height>
                    <align>center</align>
                    <label>222</label>
                    <onleft>1723</onleft>
                    <onup>5</onup>
                    <ondown>3</ondown>
                    <font>Button</font>
                    <textcolor>Black70</textcolor>
                    <texturefocus colordiffuse="$VAR[ColorHighlight]" border="5">common/box.png</texturefocus>
                    <!--<animation effect="slide" start="0" end="22,-100" condition="!Control.IsVisible(6)">Conditional</animation>-->
                    <visible>!Control.IsVisible(21)</visible>
                    <animation effect="slide" start="0" end="0,-80" condition="!Control.IsVisible(5)">Conditional</animation>
                </control>
            </control>		
            <control type="image">
                <description>Large Icon Image</description>
                <posx>738</posx>
                <posy>357</posy>
                <width>300</width>
                <height>450</height>
                <texture fallback="DefaultAddonNone.png">$INFO[Container(6).ListItem.Icon]</texture>
                <aspectratio align="center" aligny="bottom">keep</aspectratio>
                <visible>Control.IsVisible(6)</visible>
            </control>          
            <control type="image">
                <posx>705</posx>
                <top>120</top>
                <height>687</height>
                <width>1</width>
                <texture colordiffuse="Black12">common/white.png</texture>
                <visible>!Control.IsVisible(21)</visible>
                <animation effect="fade" start="0" end="100" time="100" condition="!Control.HasFocus(1723) + !Container.Scrolling">Conditional</animation>
            </control>
            
            <include condition="String.IsEmpty(Window(home).Property(SetUserRating)) + String.IsEmpty(Window(home).Property(SetUserRating2))">DialogSelectlabelInclude</include>
        </control>
    </controls>
</window>