<?xml version="1.0" encoding="UTF-8"?>
<!-- Foundation -->
<window id="139">
    <defaultcontrol always="true">5</defaultcontrol>
    <controls>
        <include>GlobalOverlay</include>
        <control type="group">
            <centerleft>50%</centerleft>
            <posy>210</posy>
            <width>900</width>
            <height>664</height>
            <include>DefDialogInfoPanel</include>
            <control type="group">
				<left>27</left>
				<top>15</top>
				<control type="label">
					<description>Header Label</description>
					<left>70</left>
					<width>1000</width>
					<posy>0</posy>
					<include>FontTop</include>
					<textcolor>Dark2</textcolor>
					<label>13406</label>
				</control>				
				<include>Kodi_Logo</include>
                				
				<!-- Lines -->
				<control type="image">
					<top>70</top>
					<left>17</left>
					<width>810</width>
					<height>1</height>
					<bottom>10</bottom>
					<colordiffuse>Black12</colordiffuse>
					<texture>common/white.png</texture>
				</control>
			</control>
            <control type="list" id="5">
                <posx>15</posx>
                <posy>111</posy>
                <bottom>10</bottom>
                <width>870</width>
                <height>552</height>
                <onleft>450</onleft>
                <onright>450</onright>
                <onup>450</onup>
                <ondown>450</ondown>
                <itemlayout height="69" width="870">
                    <control type="image">
                        <width>870</width>
                        <height>66</height>
                        <texture border="5" colordiffuse="Black12">common/box.png</texture>
                    </control>
                    <control type="label">
                        <posx>30</posx>
                        <width>405</width>
                        <info>ListItem.Label</info>
                    </control>
                    <control type="label">
                        <right>30</right>
                        <width>405</width>
                        <align>right</align>
                        <font>Tiny</font>
                        <info>ListItem.Label2</info>
                    </control>
                </itemlayout>
                <focusedlayout height="69" width="870">
                    <control type="image">
                        <width>870</width>
                        <height>66</height>
                        <texture border="5" colordiffuse="$VAR[ColorSquares]">common/box.png</texture>
                    </control>
                    <control type="label">
                        <posx>30</posx>
                        <width>405</width>
                        <textcolor>Selected</textcolor>
                        <info>ListItem.Label</info>
                    </control>
                    <control type="label">
                        <right>30</right>
                        <width>405</width>
                        <align>right</align>
                        <font>Tiny</font>
                        <textcolor>Selected</textcolor>
                        <info>ListItem.Label2</info>
                    </control>
                </focusedlayout>
            </control>
        </control>
    </controls>
</window>