<?xml version="1.0" encoding="UTF-8"?>
<!-- Foundation -->
<window id="502">
    <defaultcontrol always="true">50</defaultcontrol>
    <menucontrol>9000</menucontrol>
    <views>50,505,506,507,508,514,500,503,54,57,51</views>
    
    <controls>

        <include>GlobalBackground</include>
        <include>Furniture_Header</include>
        <include>Furniture_Clock</include>
        <include>Furniture_Weather</include>
        <include>Furniture_NowPlaying</include>
		<include>Furniture_Flags_Audio</include>
        <include>View_50_List_Square_Music</include>
        <include condition="!Skin.HasSetting(51bigwide.showinfo)">View_51_BigWide</include>
        <include condition="Skin.HasSetting(51bigwide.showinfo)">View_51_BigWide_Info</include>		
        <include>View_500_Thumbnails</include>
        <include>View_503_Poster_Square</include>
		<include>View_508_Cd_Square</include>
        <include>View_505_506_Wall</include>
        <include>View_54_Banner</include>
        <include>View_514_Albums</include>
        <include condition="!Skin.HasSetting(57list.low)">View_57_ExtraInfo</include>
        <include condition="Skin.HasSetting(57list.low)">View_57_ExtraInfo_LowList</include>
        
        <control type="group">
            <include>Animation.FadeIn</include>
            <include>Animation.FadeOut</include>
            <visible>ControlGroup(9000).HasFocus()</visible>
            <include>GlobalOverlay</include>
        </control>
        <control type="group">
            <animation effect="slide" start="0" end="-610" time="200" condition="Window.IsVisible(1153)">Conditional</animation>
			<visible allowhiddenfocus="true">ControlGroup(9000).HasFocus()</visible>
            <include>Animation.ZoomIn</include>
            <include>Animation.FadeOut</include>
            <top>184</top>
            <centerleft>50%</centerleft>
            <height>622</height>
            <width>466</width>
            
            <control type="image">
                <description>background image</description>
                <posx>0</posx>
                <posy>0</posy>
                <width>466</width>
                <height>100%</height>
                <texture border="16" colordiffuse="White100">common/rounded-shadow8.png</texture>
            </control>
			<control type="group">
				<left>22</left>
				<top>22</top>
				<control type="label">
					<description>Header Label</description>
					<left>70</left>
					<width>1000</width>
					<posy>0</posy>
					<include>FontTop</include>
					<textcolor>Dark2</textcolor>
					<label>14018</label>
				</control>
				
				<include>Kodi_Logo</include>
				
				<!-- Lines -->
				<control type="image">
					<top>70</top>
					<left>17</left>
					<width>385</width>
					<height>1</height>
					<bottom>10</bottom>
					<colordiffuse>Black12</colordiffuse>
					<texture>common/white.png</texture>
				</control>
			</control>
            <control type="group">
                <control type="image">
                    <description>arrow image</description>
                    <centerleft>50%</centerleft>
                    <posy>-16</posy>
                    <width>16</width>
                    <height>16</height>
                    <texture colordiffuse="White70" flipy="true">common/arrow-small.png</texture>
                </control>
                <control type="image">
                    <description>arrow image</description>
                    <centerleft>50%</centerleft>
                    <posy>622</posy>
                    <width>16</width>
                    <height>16</height>
                    <texture colordiffuse="White70" flipy="false">common/arrow-small.png</texture>
                </control>
            </control>
            
            <control type="image">
                <top>110</top>
                <left>8</left>
                <height>70</height>
                <width>450</width>
                <texture colordiffuse="$VAR[ColorSelectOtherBar]">common/white.png</texture>
                <visible>ControlGroup(9000).HasFocus()</visible>
                <animation effect="slide" end="0,70" time="0" condition="Integer.IsGreater(Container(9000).Position,0)">Conditional</animation>
                <animation effect="slide" end="0,70" time="0" condition="Integer.IsGreater(Container(9000).Position,1)">Conditional</animation>
                <animation effect="slide" end="0,70" time="0" condition="Integer.IsGreater(Container(9000).Position,2)">Conditional</animation>
                <animation effect="slide" end="0,70" time="0" condition="Integer.IsGreater(Container(9000).Position,3)">Conditional</animation>
                <animation effect="slide" end="0,70" time="0" condition="Integer.IsGreater(Container(9000).Position,4)">Conditional</animation>
                <animation effect="slide" end="0,70" time="0" condition="Integer.IsGreater(Container(9000).Position,5)">Conditional</animation>
            </control> 
            
            <control type="grouplist" id="9000">
                <visible allowhiddenfocus="true">ControlGroup(9000).HasFocus()</visible>
                <onleft>50</onleft>
                <onright>50</onright>
                <onback>50</onback>
                <posx>8</posx>
                <posy>110</posy>
                <width>510</width>
                <height>490</height>
                <itemgap>0</itemgap>
                <usecontrolcoords>true</usecontrolcoords>
                <scrolltime>0</scrolltime>
                <include>Def9000MusicSide</include>
                
                <!--<control type="radiobutton" id="9050">
                    <include>DefSettingsButtonLabelContextName</include>
                    <align>left</align>
                    <label>37594</label>
                    <enable>false</enable> 
                    <visible>Control.IsVisible(57)| Container.Content(songs) | Control.IsVisible(514) | Control.IsVisible(51)</visible>
                </control>-->
                
                <control type="radiobutton" id="9051" description="Low List (57)">
                    <include>DefContextButtonGradient</include>
                    <align>left</align>
                    <label>31142</label>
                    <selected>Skin.HasSetting(57list.low)</selected>
                    <onclick>Skin.ToggleSetting(57list.low)</onclick>
                    <onclick>ReloadSkin()</onclick>
                    <visible>Control.IsVisible(57) </visible>
                </control>
                
                <control type="button" id="9025">
                    <include>DefContextButtonGradient</include>
                    <align>left</align>
                    <label>37847</label>
                    <label2>$VAR[514Align]</label2>
                    <selected>Skin.HasSetting(514NoCenter)</selected>
                    <onclick>Skin.ToggleSetting(514NoCenter)</onclick>
					<visible>Control.IsVisible(514)</visible>
                    <onclick>ReloadSkin()</onclick>
                </control>
                
                <control type="radiobutton" id="9027" description="Thumbs white">
                    <include>DefContextButtonGradient</include>
                    <align>left</align>
                    <label>37722</label>                   
                    <selected>!Skin.HasSetting(No50ListInfo)</selected>
                    <onclick>Skin.ToggleSetting(No50ListInfo)</onclick>
					<!--<onclick>Skin.Reset(50list.showplot)</onclick>-->
					<visible>Control.IsVisible(50)</visible>
                </control>
                
                <control type="radiobutton" id="9052" description="Erweiterte Informationen">
                    <include>DefContextButtonGradient</include>
                    <align>left</align>
                    <label>37721</label>
                    <selected>Skin.HasSetting(thumbnails.moreinfos)</selected>
                    <onclick>Skin.ToggleSetting(thumbnails.moreinfos)</onclick>
                    <visible>Container.Content(songs)</visible>
                </control>
				
				<control type="radiobutton" id="9053" description="Thumbs white">
                    <include>DefContextButtonGradient</include>
                    <align>left</align>
                    <label>37591</label>                   
                    <selected>!Skin.HasSetting(NotShowClearart514)</selected>
                    <onclick>Skin.ToggleSetting(NotShowClearart514)</onclick>
					<visible>Control.IsVisible(514)</visible>
                </control>	
                
                <control type="radiobutton" id="9054" description="Big Wide Info (51)">
                    <include>DefContextButtonGradient</include>
                    <align>left</align>
                    <label>31147</label>
                    <selected>Skin.HasSetting(51bigwide.showinfo)</selected>
                    <onclick>Skin.ToggleSetting(51bigwide.showinfo)</onclick>
                    <onclick>ReloadSkin()</onclick>
                    <visible>Control.IsVisible(51)</visible>
                </control>
                
                <control type="radiobutton" id="9055" description="Thumbs white">
                    <include>DefContextButtonGradient</include>
                    <align>left</align>
                    <label>37613</label>                   
                    <selected>Skin.HasSetting(511ListInfo)</selected>
                    <onclick>Skin.ToggleSetting(511ListInfo)</onclick>
					<!--<onclick>Skin.Reset(50list.showplot)</onclick>-->
					<visible>Control.IsVisible(57)</visible>
                </control>
 
                <!--<control type="radiobutton" id="9057">
                    <include>DefSettingsButtonLabelContextName</include>
                    <align>left</align>
                    <label>37595</label>
                    <enable>false</enable> 
                </control>-->
                
                <control type="radiobutton" id="9057" description="moreshadows">
                    <include>DefContextButtonGradient</include>
                    <align>left</align>
                    <label>37776</label>                   
                    <selected>Skin.HasSetting(global.moreshadows)</selected>
                    <onclick>Skin.ToggleSetting(global.moreshadows)</onclick>
                </control>	
                
                <control type="radiobutton" id="9058">
					<include>DefContextButtonGradient</include>
					<label>37521</label>
					<align>left</align>
					<selected>Skin.HasSetting(furniture.coloredicons)</selected>
					<onclick>Skin.ToggleSetting(furniture.coloredicons)</onclick>
				</control>
                
				<!--<control type="radiobutton" id="9059">
                    <include>DefSettingsButtonLabelContextName</include>
                    <align>left</align>
                    <label>37596</label>
                    <enable>false</enable> 
                </control>-->
              
                <control type="button" id="9091">
                    <description>Global Search</description>
                    <include>DefContextButtonGradient</include>
                    <align>left</align>
                    <label>137</label>
                    <onclick>RunScript(script.globalsearch,artists=true&amp;albums=true&amp;songs=true)</onclick>
                </control>

                <control type="radiobutton" id="16">
                    <description>PartyMode</description>
                    <include>DefContextButtonGradient</include>
                    <align>left</align>
                    <label>589</label>
                </control>

                <control type="radiobutton" id="98">
                    <visible>Container.CanFilterAdvanced</visible>
                    <description>Filter</description>
                    <include>DefContextButtonGradient</include>
                    <label>587</label>
                    <align>left</align>
                    <onclick>SetFocus(50)</onclick>
                    <onclick>Filter</onclick>
                    <selected>Container.Filtered</selected>
                </control>

                <control type="togglebutton" id="20">
                    <description>Update</description>
                    <align>left</align>
                    <label>653</label>
                    <altlabel>13353</altlabel>
                    <include>DefContextButtonGradient</include>
                    <usealttexture>Library.IsScanningMusic</usealttexture>
                </control>
                
                <include>ControlButtons</include>
                
                <control type="button" id="5555">
                    <include>DefContextButtonGradient</include>
                    <align>left</align>
                    <label>31195</label>
                    <onclick>ReloadSkin()</onclick>
                    <visible>Skin.HasSetting(DebugInfo)</visible>
                </control>
            </control>
        </control>
        

    </controls>

</window>
