<?xml version="1.0" encoding="UTF-8"?>
<!-- Foundation -->
<window id="2">
    <defaultcontrol always="true">50</defaultcontrol>
    <menucontrol>9000</menucontrol>
    <views>50,51,500,506</views>

    <controls>

        <include>GlobalBackground</include>

        <include>Furniture_Header</include>
        <include>Furniture_NowPlaying</include>
        <include>Furniture_Clock</include>
        <include>Furniture_Weather</include>
        <include>View_50_List_Square</include>
		<include>View_51_List_Squarepics</include>
        <include>View_500_Thumbnails</include>
		<include>View_506_Slider</include>
		<!--<include>View_500_Thumbnails</include>-->

        <control type="group">
            <include>Animation.FadeIn</include>
            <include>Animation.FadeOut</include>
            <visible>ControlGroup(9000).HasFocus()</visible>
            <include>GlobalOverlay</include>
        </control>
        <control type="group">
            <height>481</height>
            <include>Def9000Background</include>
            <control type="group">
                <control type="image">
                    <description>arrow image</description>
                    <centerleft>50%</centerleft>
                    <posy>-16</posy>
                    <width>16</width>
                    <height>16</height>
                    <texture colordiffuse="White70" flipy="true">common/arrow-small.png</texture>
                </control>
                <control type="image">
                    <description>arrow image</description>
                    <centerleft>50%</centerleft>
                    <posy>480</posy>
                    <width>16</width>
                    <height>16</height>
                    <texture colordiffuse="White70" flipy="false">common/arrow-small.png</texture>
                </control>
            </control>
            <control type="group">
				<left>22</left>
				<top>22</top>
				<control type="label">
					<description>Header Label</description>
					<left>70</left>
					<width>1000</width>
					<posy>0</posy>
					<include>FontTop</include>
					<textcolor>Dark2</textcolor>
					<label>14018</label>
				</control>
				
				<include>Kodi_Logo</include>
				
				<!-- Lines -->
				<control type="image">
					<top>70</top>
					<left>17</left>
					<width>385</width>
					<height>1</height>
					<bottom>10</bottom>
					<colordiffuse>Black12</colordiffuse>
					<texture>common/white.png</texture>
				</control>
			</control>
            
            <control type="image">
                <top>110</top>
                <left>8</left>
                <height>70</height>
                <width>450</width>
                <texture colordiffuse="$VAR[ColorSelectOtherBar]">common/white.png</texture>
                <visible>ControlGroup(9000).HasFocus()</visible>
                <animation effect="slide" end="0,70" time="0" condition="Integer.IsGreater(Container(9000).Position,0)">Conditional</animation>
                <animation effect="slide" end="0,70" time="0" condition="Integer.IsGreater(Container(9000).Position,1)">Conditional</animation>
                <animation effect="slide" end="0,70" time="0" condition="Integer.IsGreater(Container(9000).Position,2)">Conditional</animation>
                <animation effect="slide" end="0,70" time="0" condition="Integer.IsGreater(Container(9000).Position,3)">Conditional</animation>
            </control>
            
            <control type="grouplist" id="9000">
                <top>110</top>
                <height>353</height>
                <scrolltime>0</scrolltime>
                <include>Def9000GroupList</include>

                <control type="button" id="2">
                    <description>View</description>
                    <include>DefContextButtonGradient</include>
                    <align>left</align>
                </control>

                <control type="button" id="3">
                    <description>Sort</description>
                    <include>DefContextButtonGradient</include>
                    <align>left</align>
                </control>

                <control type="togglebutton" id="4">
                    <description>Ascending</description>
                    <include>DefContextButtonGradient</include>
                    <align>left</align>
                    <label>584</label>
                    <altlabel>585</altlabel>
                </control>
				
                <control type="button" id="6">
                    <description>Slideshow</description>
                    <include>DefContextButtonGradient</include>
                    <align>left</align>
                    <label>108</label>
                    <visible>!ListItem.IsFolder</visible>
                </control>

                <control type="button" id="7">
                    <description>Recursive Slideshow</description>
                    <include>DefContextButtonGradient</include>
                    <align>left</align>
                    <label>108</label>
                    <visible>ListItem.IsFolder</visible>
                </control>

                <control type="radiobutton" id="9">
                    <description>Randomise</description>
                    <include>DefContextButtonGradient</include>
                    <align>left</align>
                    <label>13319</label>
                </control>

            </control>

        </control>

    </controls>

</window>
