﻿<?xml version="1.0" encoding="UTF-8"?>
<window>
	<defaultcontrol>9001</defaultcontrol>
    <onload>ClearProperty(down)</onload>
	<onunload>ClearProperty(down)</onunload>
    
    <onload>SetProperty(onback_10052,SetFocus(9000))</onload>
    <onload>SetProperty(onback_10053,SetFocus(9000))</onload>
    <onload>SetProperty(onback_10054,SetFocus(9000))</onload>
    <onload>SetProperty(onback_10055,SetFocus(9000))</onload>
    <onload>SetProperty(onback_160,SetFocus(10054))</onload>
	<controls>
    
		<!-- Storage container for the item details -->
		<control type="list" id="10051">
			<top>-3000</top>
			<left>-3000</left>
			<width>1</width>
			<height>1</height>
			<itemlayout/>
			<focusedlayout/>
		</control>        
        <control type="button" id="1616">		
			<left>-30</left>
			<top>-30</top>
			<width>1</width>
			<height>1</height>
			<label></label>
			<font></font>
			<texturenofocus></texturenofocus>
			<texturefocus></texturefocus>
			<ondown>SetFocus(9000)</ondown>
            <onback>9501</onback>
			<onleft>SetFocus(9501)</onleft>
			<onright>SetFocus(9501)</onright>
		</control>
        <control type="image">
            <include>Animation.FadeIn</include>
            <include>Animation.FadeOut</include>
            <width>100%</width>
            <height>100%</height>
            <animation effect="fade" start="100" end="90" condition="Skin.HasSetting(osd.usetheme)">Conditional</animation>
            <texture colordiffuse="$VAR[OSDPanel]">common/white.png</texture>
            <visible>Window.IsVisible(fullscreenvideo) | Container.Content(actors) | [Window.IsVisible(home) + !Window.IsVisible(DialogVideoInfo.xml)] | !Window.IsVisible(DialogVideoInfo.xml)</visible>
        </control>        
        <control type="group">
            <animation type="Conditional" reversible="true" condition="Window.IsVisible(FileBrowser.xml) | Window.IsVisible(DialogConfirm.xml) | Window.IsVisible(DialogSelect.xml) | Window.IsVisible(DialogContextMenu.xml) | Window.IsVisible(DialogButtonMenu.xml)">
                <effect type="zoom" end="95" start="100" time="200" center="auto" tween="quadratic" easing="in" />
            </animation>
            <!-- Side Poster -->
            <control type="group">
                <include>Animation.SidePoster</include>
				<animation condition="!ControlGroup(9000).HasFocus() + !Control.HasFocus(9601)" effect="fade" end="0"  start="100" time="300">Conditional</animation>
                <control type="group" description="Poster">
                    <left>SidePad</left>
                    <top>PosterPad</top>
                    <control type="image">
                        <top>PosterH</top>
                        <width>PosterW</width>
                        <height>PosterH</height>
                        <fadetime>100</fadetime>
                        <aspectratio align="center" aligny="center" scalediffuse="false">scale</aspectratio>
                        <texture flipy="true" diffuse="diffuse/listposter-ref.png" background="true">$INFO[Container(10051).ListItem.Art(thumb)]</texture>
                        <visible>Skin.HasSetting(show.reflections)</visible>
                    </control>
                    <control type="image">
                        <centertop>PosterH</centertop>
                        <width>PosterW</width>
                        <height>48</height>
                        <aspectratio>stretch</aspectratio>
                        <texture>diffuse/shadowspot.png</texture>    
                    </control>
                    <control type="image">
                        <width>PosterW</width>
                        <height>PosterH</height>
                        <texture border="5" colordiffuse="FF181818">common/box.png</texture>
                    </control>
					<control type="image">
                        <left>-24</left>
                        <top>-24</top>
                        <width>PosterShadowW</width>
                        <height>PosterShadowH</height>
                        <texture border="32">common/$VAR[shadow-24]</texture>
                    </control>					
                    <control type="image">
                        <width>PosterW</width>
                        <height>PosterH</height>
                        <fadetime>100</fadetime>
                        <aspectratio align="center" aligny="center" scalediffuse="false">scale</aspectratio>
                        <texture diffuse="diffuse/listposter2.png" background="true">$INFO[Container(10051).ListItem.Art(thumb)]</texture>
                    </control> 
                    <control type="image">
						<left>-1</left>
						<top>-1</top>
						<height>642</height>
						<width>430</width>                           
						<texture colordiffuse="Box2" border="4" background="true">common/box21.png</texture>    
						<visible>!Skin.HasSetting(thumbnails.white)</visible>                        
					</control>   
                </control>
            </control>
            
            <!-- Right Side Info -->
            <control type="group">
                <include>Animation.RightSide</include>
                
                <!-- Control Buttons -->
                <control type="group">
                    <bottom>-80</bottom>
                    <include>Animation.VideoFadeOut</include>    
				    <include>ExtendedDialogInfoNavigationWIP</include>
                </control>
                <control type="group">
                    <top>210</top>
                    <left>570</left>                    
                    <animation condition="!ControlGroup(9000).HasFocus() + !Control.HasFocus(9601)" effect="fade" end="0"  start="100" time="300">Conditional</animation>
                    <control type="label">
                        <top>-120</top>
                        <left>0</left>
                        <font>LargeNew</font>
                        <description>Header Label</description>
                        <textcolor>Dark1</textcolor>
                        <include>DefDialogInfoHeader</include>
                        <label>$VAR[LabelWIPDialogVideoInfoHeader]</label>
                    </control>
                    <control type="grouplist">
                        <top>-80</top>
                        <itemgap>10</itemgap>
                        <right>SidePad</right>
                        <orientation>horizontal</orientation>
                        <control type="label">
                            <label>$INFO[Container(10052).NumItems] $LOCALIZE[342]</label>
                            <width>auto</width>
                            <font>Tiny</font>
                            <textcolor>Dark1</textcolor>
                            <visible>Integer.IsGreater(Container(10052).NumItems,0)</visible>
                        </control>
                        <control type="label">
                            <label>$INFO[Container(10053).NumItems,/ , $LOCALIZE[20343]]</label>
                            <width>auto</width>
                            <font>Tiny</font>
                            <textcolor>Dark1</textcolor>
                            <visible>Integer.IsGreater(Container(10053).NumItems,0)</visible>
                        </control>
                        <control type="label">
                            <label>$VAR[LabelKnownFor]</label>
                            <width>auto</width>
                            <font>Tiny</font>
                            <textcolor>Dark1</textcolor>
                        </control>
                    </control>                                     
                </control>
                <control type="group">
                    <animation condition="!ControlGroup(9000).HasFocus() + !Control.HasFocus(9601)" effect="fade" end="0"  start="100" time="300">Conditional</animation>
                    <left>540</left>
                    <right>SidePad</right>
                    <bottom>292</bottom>
                    <top>212</top>
     				<include>Animation.FadeIn</include>
	                <control type="grouplist">
                        <height>325</height>
                        <itemgap>0</itemgap>
                        <left>30</left>
                        <orentation>vertical</orentation>               
                        <control type="group">
                            <height>36</height>
                            <control type="label">
                                <width>100%</width>
                                <height>36</height>
                                <font>Tiny</font>
                                <textcolor>Dark1</textcolor>
                                <label>[B]$LOCALIZE[21893][/B]</label>
                                <aligny>center</aligny>
                            </control>
                            <control type="label">
                                <left>200</left>
                                <width>100%</width>
                                <height>36</height>
                                <font>Tiny</font>
                                <textcolor>Dark2</textcolor>
                                <label fallback="19055">$INFO[Container(10051).ListItem.Property(Birthday)]</label>
                                <aligny>center</aligny>
                            </control>
                        </control>
                        <control type="group">
                            <height>36</height>
                            <control type="label">
                                <width>100%</width>
                                <height>36</height>
                                <font>Tiny</font>
                                <textcolor>Dark1</textcolor>
                                <label>[B]$ADDON[script.embuary.info 32007][/B]</label>
                                <aligny>center</aligny>
                            </control>
                            <control type="label">
                                <left>200</left>
                                <width>100%</width>
                                <height>36</height>
                                <font>Tiny</font>
                                <textcolor>Dark2</textcolor>
                                <label fallback="19055">$INFO[Container(10051).ListItem.Property(place_of_birth)]</label>
                                <aligny>center</aligny>
                            </control>
                        </control>
                        <control type="group">
                            <height>36</height>
                            <control type="label">
                                <width>100%</width>
                                <height>36</height>
                                <font>Tiny</font>
                                <textcolor>Dark1</textcolor>
                                <label>[B]$ADDON[script.embuary.info 32006][/B]</label>
                                <aligny>center</aligny>
                            </control>
                            <control type="label">
                                <left>200</left>
                                <width>100%</width>
                                <height>36</height>
                                <font>Tiny</font>
                                <textcolor>Dark2</textcolor>
                                <label fallback="19055">$INFO[Container(10051).ListItem.Property(Age),, ]$INFO[Container(10051).ListItem.Property(Deathday), ($LOCALIZE[37708] ,)]</label>
                                <aligny>center</aligny>
                            </control>
                        </control>
                        <control type="group">
                            <visible>!String.IsEmpty(Container(10051).ListItem.Property(Homepage))</visible>
                            <height>36</height>
                            <control type="label">
                                <width>100%</width>
                                <height>36</height>
                                <font>Tiny</font>
                                <textcolor>Dark1</textcolor>
                                <label>[B]$LOCALIZE[37720][/B]</label>
                                <aligny>center</aligny>
                            </control>
                            <control type="label">
                                <left>200</left>
                                <width>100%</width>
                                <height>36</height>
                                <font>Tiny</font>
                                <textcolor>Dark2</textcolor>
                                <label fallback="19055">$INFO[Container(10051).ListItem.Property(Homepage)]</label>
                                <aligny>center</aligny>
                            </control>
                        </control>
                        <control type="group">
                            <height>32</height>
                        </control>
                        <control type="textbox">
                            <width>100%</width>
                            <height>auto</height>
                            <font>Tiny</font>
                            <textcolor>Dark2</textcolor>                         
                            <label>$INFO[Container(10051).ListItem.Property(Biography)]</label>
                        </control>  
                    </control>
                </control>
                
                <control type="group">
                    <top>200</top>
                    <left>200</left>
                    <!-- Images -->
                    <include content="VideoListCast">
                        <param name="arrowleft" value="-8" />
                        <param name="arrowtop" value="342" />
                        <param name="arrowright" value="153" />
                        <param name="fallbackpicture" value="pbtmdb.png" />
                        <param name="visi" value="String.IsEmpty(Window.Property(actinfo))" />
                        <param name="animation.new" value="Animation.ExtendedCastInfo" />
                        <param name="controlid" value="10054" />                  
                        <param name="visible.layouts" value="Control.HasFocus(10054) | Control.HasFocus(10) | Control.HasFocus(6) | Control.HasFocus(160) | Window.IsVisible(script-embuary-image.xml)" />                                                   
                        <param name="focusposition" value="2" />                
                        <param name="listbottom" value="30" />
                        <param name="listleft" value="-250" />
                        <param name="leftbackgroundlist" value="362" />
                        <param name="width" value="260" />
                        <param name="headerbottom" value="710" />
                        <param name="headerleft" value="575" />
                        <param name="labelbottom" value="-110" />
                        <param name="labelleft" value="-20" />
                        <param name="labeltwovisible" value="true" />
                        <param name="labeltwobottom" value="-150" />
                        <param name="labeltwoleft" value="130" />      
                    </include>                    
                    <include content="ListInfoUpdating">
                        <param name="visi" value="String.IsEmpty(Window.Property(actinfo))" />
                        <param name="controlid" value="10054" />
                        <param name="alignleft" value="750" />
                        <param name="alignbottom" value="240" />
                    </include>

                    <!-- Movies -->
                    <include content="VideoListCast">
                        <param name="arrowleft" value="-8" />
                        <param name="arrowtop" value="355" />
                        <param name="arrowright" value="153" />
                        <param name="fallbackpicture" value="pbtmdb.png" />
                        <param name="visi" value="String.IsEqual(Window.Property(actinfo),1)" />
                        <param name="animation.new" value="Animation.ExtendedCastInfo" />
                        <param name="controlid" value="10052" />                  
                        <param name="visible.layouts" value="Control.HasFocus(10052) | Control.HasFocus(10) | Control.HasFocus(6)" />                                                    
                        <param name="focusposition" value="2" />                
                        <param name="listbottom" value="30" />
                        <param name="listleft" value="-250" />
                        <param name="leftbackgroundlist" value="362" />
                        <param name="width" value="260" />
                        <param name="headerbottom" value="710" />
                        <param name="headerleft" value="575" />
                        <param name="labelbottom" value="-110" />
                        <param name="labelleft" value="-20" />
                        <param name="labeltwovisible" value="true" />
                        <param name="labeltwobottom" value="-150" />
                        <param name="labeltwoleft" value="130" />      
                    </include>
                    <include content="ListInfoUpdating">
                        <param name="visi" value="String.IsEqual(Window.Property(actinfo),1)" />
                        <param name="controlid" value="10052" />
                        <param name="alignleft" value="750" />
                        <param name="alignbottom" value="240" />
                    </include>

                    <!-- TV Shows -->
                    <include content="VideoListCast">
                        <param name="arrowleft" value="-8" />
                        <param name="arrowtop" value="355" />
                        <param name="arrowright" value="153" />
                        <param name="fallbackpicture" value="pbtmdb.png" />
                        <param name="visi" value="String.IsEqual(Window.Property(actinfo),2)" />
                        <param name="animation.new" value="Animation.ExtendedCastInfo" />
                        <param name="controlid" value="10053" />                  
                        <param name="visible.layouts" value="Control.HasFocus(10053) | Control.HasFocus(10) | Control.HasFocus(6)" />                                                    
                        <param name="focusposition" value="2" />                
                        <param name="listbottom" value="30" />
                        <param name="listleft" value="-250" />
                        <param name="leftbackgroundlist" value="362" />
                        <param name="width" value="260" />
                        <param name="headerbottom" value="710" />
                        <param name="headerleft" value="575" />
                        <param name="labelbottom" value="-110" />
                        <param name="labelleft" value="-20" />
                        <param name="labeltwovisible" value="true" />
                        <param name="labeltwobottom" value="-150" />
                        <param name="labeltwoleft" value="130" />      
                    </include>                    
                    <include content="ListInfoUpdating">
                        <param name="visi" value="String.IsEqual(Window.Property(actinfo),2)" />
                        <param name="controlid" value="10053" />
                        <param name="alignleft" value="750" />
                        <param name="alignbottom" value="240" />
                    </include>
                </control>
            </control>
        </control>
		<control type="label">
			<right>83</right>
			<bottom>105</bottom>
			<height>50</height>
			<font>Mini</font>
			<scroll>false</scroll>
			<textcolor>Dark3</textcolor>
			<label>$VAR[DialogInfoLabel]</label>
			<aligny>center</aligny>
			<align>right</align>
			<visible>ControlGroup(9000).HasFocus() + !Skin.HasSetting(olddialogbuttons)</visible>
			<include>Animation.FadeIn</include>
			<include>Animation.FadeOut</include>
		</control>        
        <include content="ExtendedImage">
            <param name="buttonid" value="160" />
            <param name="containerid" value="10054" />
        </include>       
        <include>Furniture_OverlayInfoExtendedInfo</include>
	</controls>
</window>