<?xml version="1.0" encoding="UTF-8"?>
<!-- Foundation -->
<window>
    <defaultcontrol always="true">9315</defaultcontrol>
	<onload>Skin.SetBool(osd.usetheme)</onload>
    <onload>SetProperty(SkinInitStarted,1,home)</onload>
	<onload>RunScript(script.skin.info.service)</onload>
    <controls>
        <control type="image" description="Background">
            <include>Dimensions_Fullscreen</include>
            <texture colordiffuse="Background">common/bg.jpg</texture>
            <animation effect="fade" start="100" end="0" time="500" tween="quadratic">WindowClose</animation>
            <visible>String.IsEmpty(Skin.String(StartupPlaylist))</visible>
        </control>
        <control type="button" id="9315">
            <visible allowhiddenfocus="true">false</visible>
            <onfocus condition="System.HasAddon(script.skin.info.service)">RunScript(script.skin.info.service)</onfocus>
            <onfocus condition="!Skin.HasSetting(SkinHelper.EnablePVRThumbs)">Skin.SetBool(SkinHelper.EnablePVRThumbs)</onfocus>
            <onfocus condition="String.IsEmpty(Window(home).Property(SkinInitStarted)) + !String.IsEmpty(Skin.String(StartupPlaylist))">PlayMedia($ESCINFO[Skin.String(StartupPlaylist)])</onfocus>
            <onfocus condition="!Player.HasVideo + !String.IsEmpty(Skin.String(StartupPlaylist))">ReplaceWindow(Home)</onfocus>
            <onfocus condition="String.IsEmpty(Skin.String(StartupPlaylist))">AlarmClock(GoHome,ReplaceWindow(home),00:04,silent,false)</onfocus>
        </control>
        <control type="label">
            <description>Loading</description>
            <width>100%</width>
            <height>100%</height>
            <align>center</align>
            <aligny>center</aligny>
            <label>Arctic [COLOR=$VAR[ColorHighlight]]Zephyr[/COLOR]</label>
            <font>EpisodeNumber</font>
            <textcolor>Dark1</textcolor>
            <animation effect="fade" start="100" end="0" time="500" tween="quadratic">WindowClose</animation>
            <visible>String.IsEmpty(Skin.String(StartupPlaylist))</visible>
        </control>
		<control type="image">
			<left>950</left>
			<top>470</top>
			<width>400</width>
			<height>300</height>
			<centertop>50%</centertop>
			<texture>backg/elegant.png</texture>
			<animation effect="fade" start="0" end="100" time="800" delay="2000" tween="quadratic">WindowOpen</animation>	
			<animation effect="fade" start="100" end="0" time="500" tween="quadratic">WindowClose</animation>
            <visible>String.IsEmpty(Skin.String(StartupPlaylist))</visible>				
		</control>
    </controls>
</window>
