<?xml version="1.0" encoding="UTF-8"?>
<!-- Foundation -->
<includes>

   <include name="View_502_Slider">
    
        <control type="group">
            <include>Animation.Common</include>
            <visible>Control.IsVisible(500)</visible>
         
            
            <control type="group">
                <control type="panel" id="500">
                    <top>206</top>
                    <left>70</left>
                    <width>1780</width>
                    <height>660</height>
                    <onleft condition="!Skin.HasSetting(global.kioskmode)">9000</onleft>
                    <onright>60</onright>
                    <onup>500</onup>
                    <ondown>500</ondown>
                    <preloaditems>2</preloaditems>
                    <pagecontrol>60</pagecontrol>
                    <orientation>vertical</orientation>
                    <viewtype label="Slider">list</viewtype>
                    <scrolltime tween="quadratic">400</scrolltime>
                    <itemlayout height="330" width="296">
                        <control type="image">
                            <width>100%</width>
                            <height>100%</height>
                            <texture border="10">common/nofocus-shadow10.png</texture>
                        </control>
                        <control type="image">
                            <left>10</left>
                            <top>10</top>
                            <right>10</right>
                            <bottom>10</bottom>
                            <texture border="5" colordiffuse="Panel">common/box.png</texture>
                        </control>
                        <control type="label">
                            <left>20</left>
                            <right>20</right>
                            <bottom>10</bottom>
                            <height>50</height>
                            <aligny>center</aligny>
                            <font>Tiny</font>
                            <label>$INFO[ListItem.Label]</label>
                            <textcolor>PanelWhite70</textcolor>
                        </control>
                        <control type="image">
                            <left>20</left>
                            <top>20</top>
                            <right>20</right>
                            <height>256</height>
                            <aspectratio scalediffuse="false">scale</aspectratio>
                            <texture diffuse="diffuse/wall.png" colordiffuse="ff181818">common/white.png</texture>
                        </control>
                        <control type="image">
                            <left>20</left>
                            <top>20</top>
                            <right>20</right>
                            <height>256</height>
                            <aspectratio scalediffuse="false" align="center" aligny="center">keep</aspectratio>
                            <texture diffuse="diffuse/wall.png" background="true">$VAR[ThumbImage]</texture>
                            <visible>!Container.Content(albums) + !Container.Content(artists) + !Container.Content(songs)</visible>
                        </control>
                        <control type="image">
                            <left>20</left>
                            <top>20</top>
                            <right>20</right>
                            <height>256</height>
                            <aspectratio scalediffuse="false" align="center" aligny="center">scale</aspectratio>
                            <texture diffuse="diffuse/wall.png" background="true">$VAR[ThumbImage]</texture>
                            <visible>Container.Content(albums) | Container.Content(artists) | Container.Content(songs)</visible>
                        </control>
                        <control type="image">
                            <centerright>42</centerright>
                            <centertop>42</centertop>
                            <width>32</width>
                            <height>32</height>
                            <aspectratio aligny="top">keep</aspectratio>
                            <texture>$VAR[PercentWatched]</texture>
                            <visible>!String.IsEqual(ListItem.Label,..)</visible>
                            <visible>String.IsEqual(ListItem.Overlay,OverlayWatched.png)</visible>
                        </control>

                    </itemlayout>
                    <focusedlayout height="330" width="296">
						<control type="group">
						
                        <animation center="auto" easing="inout" effect="zoom" end="110" start="100" time="100" tween="sine">Focus</animation>
						<animation center="auto" easing="inout" effect="zoom" end="100" start="110" time="100" tween="sine">UnFocus</animation>
                        <control type="image">
                            <width>100%</width>
                            <height>100%</height>
                            <texture border="10">common/nofocus-shadow10.png</texture>
                        </control>
						<control type="image">
                            <left>10</left>
                            <top>10</top>
                            <right>10</right>
                            <bottom>10</bottom>
                            <texture border="5" colordiffuse="Panel">common/box.png</texture>
                        </control>
						<control type="image">
							<animation center="auto" condition="Control.HasFocus(500)" easing="inout" effect="fade" end="100" start="0" time="150" tween="sine">Focus</animation>
                            <animation center="auto" condition="Control.HasFocus(500)" easing="inout" effect="fade" end="0" start="100" time="150" tween="sine">UnFocus</animation>
                            <left>10</left>
                            <top>10</top>
                            <right>10</right>
                            <bottom>10</bottom>
                            <texture border="5" colordiffuse="$VAR[ColorHighlight]">common/box.png</texture>
                        </control>
                        <control type="label">
                            <left>20</left>
                            <right>20</right>
                            <bottom>10</bottom>
                            <height>50</height>
                            <aligny>center</aligny>
                            <font>Tiny</font>
                            <label>$INFO[ListItem.Label]</label>
                            <textcolor>Selected</textcolor>
                        </control>
                        <control type="image">
                            <left>20</left>
                            <top>20</top>
                            <right>20</right>
                            <height>256</height>
                            <aspectratio scalediffuse="false">scale</aspectratio>
                            <texture diffuse="diffuse/wall.png" colordiffuse="ff181818">common/white.png</texture>
                        </control>
                        <control type="image">
                            <left>20</left>
                            <top>20</top>
                            <right>20</right>
                            <height>256</height>
                            <aspectratio scalediffuse="false" align="center" aligny="center">keep</aspectratio>
                            <texture diffuse="diffuse/wall.png" background="true">$VAR[ThumbImage]</texture>
                            <visible>!Container.Content(albums) + !Container.Content(artists) + !Container.Content(songs)</visible>
                        </control>
                        <control type="image">
                            <left>20</left>
                            <top>20</top>
                            <right>20</right>
                            <height>256</height>
                            <aspectratio scalediffuse="false" align="center" aligny="center">scale</aspectratio>
                            <texture diffuse="diffuse/wall.png" background="true">$VAR[ThumbImage]</texture>
                            <visible>Container.Content(albums) | Container.Content(artists) | Container.Content(songs)</visible>
                        </control>
                        <control type="image">
                            <centerright>42</centerright>
                            <centertop>42</centertop>
                            <width>32</width>
                            <height>32</height>
                            <aspectratio aligny="top">keep</aspectratio>
                            <texture>$VAR[PercentWatched]</texture>
                            <visible>!String.IsEqual(ListItem.Label,..)</visible>
                            <visible>String.IsEqual(ListItem.Overlay,OverlayWatched.png)</visible>
                        </control>
						</control>
                    </focusedlayout>
                </control>
                
            
            </control>
            <include>Furniture_Scrollbar</include>
        </control>
    </include>
	
	
	
	
	
	
	
	
	
	
	
	
	
</includes>

<!--

<includes>

   <include name="View_500_Thumbnails">
    
        <control type="group">
            <include>Animation.Common</include>
            <visible>Control.IsVisible(500)</visible>
         
            
            <control type="group">
                <control type="panel" id="500">
                    <top>206</top>
                    <left>70</left>
                    <width>1780</width>
                    <height>660</height>
                    <onleft condition="!Skin.HasSetting(global.kioskmode)">9000</onleft>
                    <onright>60</onright>
                    <onup>500</onup>
                    <ondown>500</ondown>
                    <preloaditems>2</preloaditems>
                    <pagecontrol>60</pagecontrol>
                    <orientation>vertical</orientation>
                    <viewtype label="21371">list</viewtype>
                    <scrolltime tween="quadratic">400</scrolltime>
                    <itemlayout height="330" width="296">
                        <control type="image">
                            <width>100%</width>
                            <height>100%</height>
                            <texture border="10">common/nofocus-shadow10.png</texture>
                        </control>
                        <control type="image">
                            <left>10</left>
                            <top>10</top>
                            <right>10</right>
                            <bottom>10</bottom>
                            <texture border="5" colordiffuse="Panel">common/box.png</texture>
                        </control>
                        <control type="label">
                            <left>20</left>
                            <right>20</right>
                            <bottom>10</bottom>
                            <height>50</height>
                            <aligny>center</aligny>
                            <font>Tiny</font>
                            <label>$INFO[ListItem.Label]</label>
                            <textcolor>PanelWhite70</textcolor>
                        </control>
                        <control type="image">
                            <left>20</left>
                            <top>20</top>
                            <right>20</right>
                            <height>256</height>
                            <aspectratio scalediffuse="false">scale</aspectratio>
                            <texture diffuse="diffuse/wall.png" colordiffuse="ff181818">common/white.png</texture>
                        </control>
                        <control type="image">
                            <left>20</left>
                            <top>20</top>
                            <right>20</right>
                            <height>256</height>
                            <aspectratio scalediffuse="false" align="center" aligny="center">keep</aspectratio>
                            <texture diffuse="diffuse/wall.png" background="true">$VAR[ThumbImage]</texture>
                            <visible>!Container.Content(albums) + !Container.Content(artists) + !Container.Content(songs)</visible>
                        </control>
                        <control type="image">
                            <left>20</left>
                            <top>20</top>
                            <right>20</right>
                            <height>256</height>
                            <aspectratio scalediffuse="false" align="center" aligny="center">scale</aspectratio>
                            <texture diffuse="diffuse/wall.png" background="true">$VAR[ThumbImage]</texture>
                            <visible>Container.Content(albums) | Container.Content(artists) | Container.Content(songs)</visible>
                        </control>
                        <control type="image">
                            <centerright>42</centerright>
                            <centertop>42</centertop>
                            <width>32</width>
                            <height>32</height>
                            <aspectratio aligny="top">keep</aspectratio>
                            <texture>$VAR[PercentWatched]</texture>
                            <visible>!String.IsEqual(ListItem.Label,..)</visible>
                            <visible>String.IsEqual(ListItem.Overlay,OverlayWatched.png)</visible>
                        </control>

                    </itemlayout>
                    <focusedlayout height="330" width="296">
						<control type="group">
						
                        <animation center="auto" easing="inout" effect="zoom" end="110" start="100" time="100" tween="sine">Focus</animation>
						<animation center="auto" easing="inout" effect="zoom" end="100" start="110" time="100" tween="sine">UnFocus</animation>
                        <control type="image">
                            <width>100%</width>
                            <height>100%</height>
                            <texture border="10">common/nofocus-shadow10.png</texture>
                        </control>
						<control type="image">
                            <left>10</left>
                            <top>10</top>
                            <right>10</right>
                            <bottom>10</bottom>
                            <texture border="5" colordiffuse="Panel">common/box.png</texture>
                        </control>
						<control type="image">
							<animation center="auto" condition="Control.HasFocus(500)" easing="inout" effect="fade" end="100" start="0" time="150" tween="sine">Focus</animation>
                            <animation center="auto" condition="Control.HasFocus(500)" easing="inout" effect="fade" end="0" start="100" time="150" tween="sine">UnFocus</animation>
                            <left>10</left>
                            <top>10</top>
                            <right>10</right>
                            <bottom>10</bottom>
                            <texture border="5" colordiffuse="$VAR[ColorHighlight]">common/box.png</texture>
                        </control>
                        <control type="label">
                            <left>20</left>
                            <right>20</right>
                            <bottom>10</bottom>
                            <height>50</height>
                            <aligny>center</aligny>
                            <font>Tiny</font>
                            <label>$INFO[ListItem.Label]</label>
                            <textcolor>Selected</textcolor>
                        </control>
                        <control type="image">
                            <left>20</left>
                            <top>20</top>
                            <right>20</right>
                            <height>256</height>
                            <aspectratio scalediffuse="false">scale</aspectratio>
                            <texture diffuse="diffuse/wall.png" colordiffuse="ff181818">common/white.png</texture>
                        </control>
                        <control type="image">
                            <left>20</left>
                            <top>20</top>
                            <right>20</right>
                            <height>256</height>
                            <aspectratio scalediffuse="false" align="center" aligny="center">keep</aspectratio>
                            <texture diffuse="diffuse/wall.png" background="true">$VAR[ThumbImage]</texture>
                            <visible>!Container.Content(albums) + !Container.Content(artists) + !Container.Content(songs)</visible>
                        </control>
                        <control type="image">
                            <left>20</left>
                            <top>20</top>
                            <right>20</right>
                            <height>256</height>
                            <aspectratio scalediffuse="false" align="center" aligny="center">scale</aspectratio>
                            <texture diffuse="diffuse/wall.png" background="true">$VAR[ThumbImage]</texture>
                            <visible>Container.Content(albums) | Container.Content(artists) | Container.Content(songs)</visible>
                        </control>
                        <control type="image">
                            <centerright>42</centerright>
                            <centertop>42</centertop>
                            <width>32</width>
                            <height>32</height>
                            <aspectratio aligny="top">keep</aspectratio>
                            <texture>$VAR[PercentWatched]</texture>
                            <visible>!String.IsEqual(ListItem.Label,..)</visible>
                            <visible>String.IsEqual(ListItem.Overlay,OverlayWatched.png)</visible>
                        </control>
						</control>
                    </focusedlayout>
                </control>
                
            
            </control>
            <include>Furniture_Scrollbar</include>
        </control>
    </include>
</includes>


-->
