<?xml version="1.0" encoding="UTF-8"?>
<!-- Foundation -->
<includes>
    <include name="View_507_Fanart2">
        <description>List View (id=507)</description>		
		<control type="group">
		<visible>Control.IsVisible(507)</visible>
		<include>JumpBarHorizontal</include>
		<include>ViewSlideForJumpBar</include>		
		<control type="group">	
			<visible>Control.IsVisible(507)</visible>		
			<include>Animation.Common</include>				
       		<control type="group">
			<left>70</left>
			<control type="group">
				<top>185</top>
				<left>-26</left>
				<control type="group">				
					<control type="image">
						<left>19</left>
						<top>0</top>
						<width>1811</width>
						<height>30</height>
						<texture background="true">common/background_top.png</texture>
					</control>
					<control type="image">
						<left>15</left>
						<top>681</top>
						<width>1811</width>
						<height>30</height>
						<texture background="true" flipy="true">common/background_top.png</texture>
					</control>					
					<control type="image">
						<left>14</left>
						<top>33</top>
						<width>30</width>
						<height>650</height>
						<texture background="true">common/background_side.png</texture>
					</control>
					<control type="image">
						<left>1796</left>
						<top>33</top>
						<width>30</width>
						<height>650</height>
						<texture background="true" flipx="true">common/background_side.png</texture>
					</control>
				</control>
				<control type="image">
					<left>42</left>
                    <top>28</top>
                    <right>80</right>
                    <bottom>212</bottom>                          
					<texture colordiffuse="Box2" background="true">common/box6.png</texture>   
					<visible>!Skin.HasSetting(thumbnails.white)</visible>                        
				</control>
				<control type="image">
					<width>1752</width>
					<height>653</height>
					<top>29</top>
					<left>43</left>
					<texture colordiffuse="InfoBackground" background="true" border="12">backg/Bild2Inlay.png</texture>
				</control>
			</control>			
            <visible>Control.IsVisible(507)</visible>
            <control type="group">               
				<control type="wraplist" id="507">
					<oninfo condition="ListItem.IsCollection">ActivateWindow(1132)</oninfo>	
					<!--<visible>Container.Content(movies) | Container.Content(sets) | Container.Content(tvshows)</visible>-->
					<visible>Container.Content(movies) | Container.Content(tvshows) | Container.Content(episodes) | Container.Content(seasons) | Container.Content(sets)</visible>
                    <top>214</top>
                    <left>-20</left>
                    <width>1980</width>
                    <height>653</height>
                    <onleft condition="!Skin.HasSetting(global.kioskmode)">9000</onleft>
                    <onright>1600</onright>
                    <onup>500</onup>
                    <ondown>500</ondown>
                    <preloaditems>2</preloaditems>
                    <pagecontrol>1600</pagecontrol>
                    <orientation>vertical</orientation>
                    <viewtype label="31265">wraplist</viewtype>
                    <scrolltime tween="quadratic">400</scrolltime>
                    <itemlayout height="653" width="1900">
						 <control type="image">
							<right>111</right>
							<width>1160</width>
							<height>653</height>
							<aspectratio aligny="center" align="center">scale</aspectratio>
							<texture fallback="DefaultMovies.png" background="true">$VAR[FanartImageFanart]</texture>	
							<!-- diffuse="diffuse/pvrinfo.png" -->
						</control>
	
						<control type="group">
							<visible>Skin.HasSetting(507.noscrolling)</visible>
							<left>65</left>						
							<height>650</height>
							<width>532</width>
							<!--<include>Animation.SwitchText</include>-->							
							<control type="label">
								<top>8</top>
								<aligny>center</aligny>
								<height>64</height>
								<font>SmallBold</font>
								<textcolor>Dark1</textcolor>
								<selectedcolor>Dark1</selectedcolor>
								<label>$INFO[ListItem.Label]</label>
							</control>
							<control type="label">
								<top>50</top>
								<height>64</height>
								<aligny>center</aligny>
								<font>Small333</font>
								<textcolor>Dark1</textcolor>
								<selectedcolor>Dark1</selectedcolor>
								<label>$INFO[ListItem.Year]</label>
							</control>
							<control type="label">
								<top>50</top>
								<height>64</height>
								<left>65</left>
								<aligny>center</aligny>
								<size>38</size>
								<font>Small333</font>
								<size>38</size>
								<textcolor>Dark1</textcolor>
								<selectedcolor>Dark1</selectedcolor>
								<label>$VAR[LabelDurationTimeCheckInfo]</label>
								<visible>!ListItem.IsFolder</visible> 
							</control>							
							<control type="textbox">						
								<top>136</top>
								<bottom>17</bottom>
								<font>TinyPlot</font>
								<height>360</height>
								<textcolor>Dark2</textcolor>
								<selectedcolor>Dark1</selectedcolor>
								<label>$INFO[ListItem.Plot]</label>
								<align>justify</align>
								<autoscroll>false</autoscroll>
							</control>							
							<control type="label">
								<posy>575</posy>
								<width>450</width>
								<font>Small333</font>
								<textcolor>Dark1</textcolor>
								<label fallback="0.0">$INFO[ListItem.RatingAndVotes]</label>
								<selectedcolor>Dark1</selectedcolor>
								<visible>!Skin.HasSetting(furniture.numericrating) + !String.IsEqual(ListItem.Label,..) + !Skin.HasSetting(hidevotesfanart)</visible>
							</control>
							<control type="label">
								<posy>575</posy>
								<width>450</width>
								<font>Small333</font>
								<textcolor>Dark1</textcolor>
								<label fallback="0.0">$INFO[ListItem.Votes,, $LOCALIZE[205]]</label>
								<selectedcolor>Dark1</selectedcolor>
								<visible>Skin.HasSetting(furniture.numericrating) + !String.IsEqual(ListItem.Label,..) + !Skin.HasSetting(hidevotesfanart)</visible>
							</control>						
							<control type="group">						
								<posy>505</posy>
								<left>230</left>
								<width>155</width>
								<height>155</height>
								<visible>Skin.HasSetting(furniture.overlayinfobalken)</visible>
								<control type="group">								
									<visible>!String.IsEqual(ListItem.Label,..) + Container.Content(movies)</visible>
									<control type="image" description="Back">
										<width>155</width>
										<height>155</height>
										<aspectratio align="center" aligny="center">keep</aspectratio>
										<texture border="0">progress/back2.png</texture>									
									</control>
									<control type="group">									
										<control type="image">
											<!--<include>Animation.SwitchText</include>-->
											<visible>ListItem.IsResumable</visible>
											<left>-2</left>
											<centertop>50%</centertop>
											<width>157</width>
											<height>158</height>
											<texture colordiffuse="$VAR[ColorHighlight]">$INFO[ListItem.PercentPlayed,progress/circle/p,.png]</texture>																			
											<aspectratio align="center">keep</aspectratio>
										</control>
										<control type="image">
											<!--<include>Animation.SwitchText</include>-->
											<visible>String.Contains(ListItem.Overlay,OverlayWatched.png) + !ListItem.IsResumable</visible>
											<left>-2</left>
											<centertop>50%</centertop>
											<width>157</width>
											<height>158</height>
											<texture colordiffuse="$VAR[ColorHighlight]">progress/circle/p100.png</texture>																			
											<aspectratio align="center">keep</aspectratio>
										</control>
									</control>
									<control type="image" description="Back">
										<left>30</left>
										<top>30</top>
										<width>95</width>
										<height>94</height>
										<align>center</align>
										<aligny>center</aligny>
										<aspectratio align="center" aligny="center">keep</aspectratio>
										<texture  colordiffuse="MenuSlide" border="0">backg/ring2.png</texture>									
									</control>								
									<control type="group">									
										<control type="label">					
											<width>155</width>
											<centertop>50%</centertop>
											<align>center</align>
											<label>$VAR[Percentagelabel]</label>
											<font>Small333</font>
											<textcolor>Dark2</textcolor>
										</control>	
									</control>
								</control>		
								<control type="group">
									<visible>[!String.IsEqual(ListItem.Label,..) + Container.Content(tvshows)]</visible>
									<!--  | [!String.IsEqual(ListItem.Label,..) + Container.Content(seasons)] -->
									<control type="image" description="Back">
										<width>155</width>
										<height>155</height>
										<aspectratio align="center" aligny="center">keep</aspectratio>
										<texture border="0">progress/back2.png</texture>									
									</control>
									<control type="image">
										<!--<include>Animation.SwitchText</include>-->
										<left>-2</left>
										<centertop>50%</centertop>
										<width>157</width>
										<height>158</height>
										<texture colordiffuse="$VAR[ColorHighlight]">$INFO[Skin.String(perc),progress/circle/p,.png]</texture>																			
										<aspectratio align="center">keep</aspectratio>
									</control>
									<control type="image" description="Back">
										<left>30</left>
										<top>30</top>
										<width>95</width>
										<height>94</height>
										<align>center</align>
										<aligny>center</aligny>
										<aspectratio align="center" aligny="center">keep</aspectratio>
										<texture colordiffuse="MenuSlide" border="0">backg/ring2.png</texture>			
									</control>
									<control type="label">				
										<width>155</width>
										<centertop>50%</centertop>
										<align>center</align>
										<label>$INFO[ListItem.Property(WatchedEpisodes)]/$INFO[ListItem.Property(TotalEpisodes)]</label>
										<!--  $INFO[Skin.String(perc)] -->
										<font>Small333</font>
										<textcolor>Dark2</textcolor>									
									</control>									
								</control>
							</control>				
							<control type="group">
								<!--<include>Animation.SwitchStars</include>-->
								<posy>460</posy>
								<posx>0</posx>
								<width>1050</width>
								<visible>!String.IsEqual(ListItem.Label,..)</visible>
								<control type="image">
								<posx>0</posx>
									<width>40</width>
									<height>40</height>
									<centertop>50%</centertop>
									<texture colordiffuse="$VAR[ColorHighlight]">backg/$VAR[Flagstar1].png</texture>
									<visible>!Skin.HasSetting(furniture.numericrating)</visible>
								</control>
								<control type="image">
									<posx>50</posx>
									<width>40</width>
									<height>40</height>
									<centertop>50%</centertop>
									<texture colordiffuse="$VAR[ColorHighlight]">backg/$VAR[Flagstar2].png</texture>
									<visible>!Skin.HasSetting(furniture.numericrating)</visible>
								</control>
								<control type="image">
									<posx>100</posx>
									<width>40</width>
									<height>40</height>
									<centertop>50%</centertop>
									<texture colordiffuse="$VAR[ColorHighlight]">backg/$VAR[Flagstar3].png</texture>
									<visible>!Skin.HasSetting(furniture.numericrating)</visible>
								</control>
								<control type="image">
									<posx>150</posx>
									<width>40</width>
									<height>40</height>
									<centertop>50%</centertop>
									<texture colordiffuse="$VAR[ColorHighlight]">backg/$VAR[Flagstar4].png</texture>
									<visible>!Skin.HasSetting(furniture.numericrating)</visible>
								</control>
								<control type="image">
									<posx>200</posx>
									<width>45</width>
									<height>43</height>
									<centertop>50%</centertop>
									<texture colordiffuse="$VAR[ColorHighlight]">backg/$VAR[Flagstar5].png</texture>
									<visible>!Skin.HasSetting(furniture.numericrating)</visible>
								</control>							
							</control> 
							<control type="group">
								<posy>460</posy>
								<posx>0</posx>
								<width>1050</width>	
								<visible>Skin.HasSetting(furniture.numericrating)</visible>
								<visible>!String.IsEqual(ListItem.Label,..)</visible>
								<control type="image">
									<posx>0</posx>
									<width>40</width>
									<height>40</height>
									<centertop>50%</centertop>
									<texture colordiffuse="$VAR[ColorHighlight]">backg/$VAR[Flagstar1].png</texture>
								</control>
								<control type="label">
									<left>45</left>
									<width min="48">auto</width>
									<centertop>50%</centertop>
									<height>64</height>
									<align>left</align>
									<aligny>center</aligny>
									<label fallback="0.0">$INFO[ListItem.Rating]</label>
									<visible>!String.IsEqual(ListItem.Label,..)</visible>
									<font>Flag</font>
									<textcolor>Dark1</textcolor>							
								</control>
							</control> 			
						</control>
                    </itemlayout>
                    <focusedlayout height="653" width="1900">
						 <control type="image">
							<right>111</right>
							<width>1160</width>
							<height>653</height>
							<aspectratio aligny="center" align="center">scale</aspectratio>
							<texture fallback="DefaultMovies.png" background="true">$VAR[FanartImageFanart]</texture>							
							<!-- diffuse="diffuse/pvrinfo.png" -->
						</control>
						<control type="group">
							<visible>Skin.HasSetting(507.noscrolling)</visible>
							<left>65</left>						
							<height>650</height>
							<width>532</width>
							<!--<include>Animation.SwitchText</include>-->					
							<control type="label">
								<top>8</top>
								<aligny>center</aligny>
								<height>64</height>
								<font>MediumBold</font>
								<textcolor>Dark1</textcolor>
								<selectedcolor>Dark1</selectedcolor>
								<label>$INFO[ListItem.Label]</label>
							</control>						
							<control type="label">
								<top>50</top>
								<height>64</height>
								<aligny>center</aligny>
								<font>Small333</font>
								<textcolor>Dark1</textcolor>
								<selectedcolor>Dark1</selectedcolor>
								<label>$INFO[ListItem.Year]</label>
							</control>
							<control type="label">
								<top>50</top>
								<height>64</height>
								<left>65</left>
								<aligny>center</aligny>
								<size>38</size>
								<font>Small333</font>
								<size>38</size>
								<textcolor>Dark1</textcolor>
								<selectedcolor>Dark1</selectedcolor>
								<label>$VAR[LabelDurationTimeCheckInfo]</label>
								<visible>!ListItem.IsFolder</visible> 
							</control>
							<control type="textbox">						
								<top>136</top>
								<bottom>17</bottom>							
								<font>TinyPlot</font>
								<height>360</height>
								<textcolor>Dark2</textcolor>
								<selectedcolor>Dark1</selectedcolor>
								<label>$INFO[ListItem.Plot]</label>
								<align>justify</align>
								<autoscroll>false</autoscroll>
							</control>						
							<control type="label">
								<posy>575</posy>
								<width>450</width>
								<font>Small333</font>
								<textcolor>Dark1</textcolor>
								<label fallback="0.0">$INFO[ListItem.RatingAndVotes]</label>
								<selectedcolor>Dark1</selectedcolor>
								<visible>!Skin.HasSetting(furniture.numericrating) + !String.IsEqual(ListItem.Label,..) + !Skin.HasSetting(hidevotesfanart)</visible>
							</control>
							<control type="label">
								<posy>575</posy>
								<width>450</width>
								<font>Small333</font>
								<textcolor>Dark1</textcolor>
								<label fallback="0.0">$INFO[ListItem.Votes,, $LOCALIZE[205]]</label>
								<selectedcolor>Dark1</selectedcolor>
								<visible>Skin.HasSetting(furniture.numericrating) + !String.IsEqual(ListItem.Label,..) + !Skin.HasSetting(hidevotesfanart)</visible>
							</control>	
							<control type="group">						
								<posy>505</posy>
								<left>230</left>
								<width>155</width>
								<height>155</height>
								<visible>Skin.HasSetting(furniture.overlayinfobalken)</visible>
								<control type="group">							
									<visible>!String.IsEqual(ListItem.Label,..) + Container.Content(movies)</visible>
									<control type="image" description="Back">
										<width>155</width>
										<height>155</height>
										<aspectratio align="center" aligny="center">keep</aspectratio>
										<texture border="0">progress/back2.png</texture>									
									</control>
									<control type="group">									
										<control type="image">
											<!--<include>Animation.SwitchText</include>-->
											<visible>ListItem.IsResumable</visible>
											<left>-2</left>
											<centertop>50%</centertop>
											<width>157</width>
											<height>158</height>
											<texture colordiffuse="$VAR[ColorHighlight]">$INFO[ListItem.PercentPlayed,progress/circle/p,.png]</texture>																			
											<aspectratio align="center">keep</aspectratio>
										</control>
										<control type="image">
											<!--<include>Animation.SwitchText</include>-->
											<visible>String.Contains(ListItem.Overlay,OverlayWatched.png) + !ListItem.IsResumable</visible>
											<left>-2</left>
											<centertop>50%</centertop>
											<width>157</width>
											<height>158</height>
											<texture colordiffuse="$VAR[ColorHighlight]">progress/circle/p100.png</texture>																			
											<aspectratio align="center">keep</aspectratio>
										</control>
									</control>
									<control type="image" description="Back">
										<left>30</left>
										<top>30</top>
										<width>95</width>
										<height>94</height>
										<align>center</align>
										<aligny>center</aligny>
										<aspectratio align="center" aligny="center">keep</aspectratio>
										<texture colordiffuse="MenuSlide" border="0">backg/ring2.png</texture>									
									</control>								
									<control type="group">									
										<control type="label">				
											<width>155</width>
											<centertop>50%</centertop>
											<align>center</align>
											<label>$VAR[Percentagelabel]</label>
											<font>Small333</font>
											<textcolor>Dark2</textcolor>
										</control>										
									</control>
								</control>
								<control type="group">
									<visible>[!String.IsEqual(ListItem.Label,..) + Container.Content(tvshows)]</visible>
									<!--  | [!String.IsEqual(ListItem.Label,..) + Container.Content(seasons)] -->
									<control type="image" description="Back">
										<width>155</width>
										<height>155</height>
										<aspectratio align="center" aligny="center">keep</aspectratio>
										<texture border="0">progress/back2.png</texture>									
									</control>
									<control type="image">
										<!--<include>Animation.SwitchText</include>-->
										<left>-2</left>
										<centertop>50%</centertop>
										<width>157</width>
										<height>158</height>
										<texture colordiffuse="$VAR[ColorHighlight]">$INFO[Skin.String(perc),progress/circle/p,.png]</texture>																			
										<aspectratio align="center">keep</aspectratio>
									</control>
									<control type="image" description="Back">
										<left>30</left>
										<top>30</top>
										<width>95</width>
										<height>94</height>
										<align>center</align>
										<aligny>center</aligny>
										<aspectratio align="center" aligny="center">keep</aspectratio>
										<texture colordiffuse="MenuSlide" border="0">backg/ring2.png</texture>			
									</control>
									<control type="label">				
										<width>155</width>
										<centertop>50%</centertop>
										<align>center</align>
										<label>$INFO[ListItem.Property(WatchedEpisodes)]/$INFO[ListItem.Property(TotalEpisodes)]</label>
										<!--  $INFO[Skin.String(perc)] -->
										<font>Small333</font>
										<textcolor>Dark2</textcolor>									
									</control>									
								</control>
							</control>
							<control type="group">
								<!--<include>Animation.SwitchStars</include>-->
								<posy>460</posy>
								<posx>0</posx>
								<width>1050</width>
								<visible>!String.IsEqual(ListItem.Label,..)</visible>
									<control type="image">
									<posx>0</posx>
										<width>40</width>
										<height>40</height>
										<centertop>50%</centertop>
										<texture colordiffuse="$VAR[ColorHighlight]">backg/$VAR[Flagstar1].png</texture>
										<visible>!Skin.HasSetting(furniture.numericrating)</visible>
									</control>
									<control type="image">
										<posx>50</posx>
										<width>40</width>
										<height>40</height>
										<centertop>50%</centertop>
										<texture colordiffuse="$VAR[ColorHighlight]">backg/$VAR[Flagstar2].png</texture>
										<visible>!Skin.HasSetting(furniture.numericrating)</visible>
									</control>
									<control type="image">
										<posx>100</posx>
										<width>40</width>
										<height>40</height>
										<centertop>50%</centertop>
										<texture colordiffuse="$VAR[ColorHighlight]">backg/$VAR[Flagstar3].png</texture>
										<visible>!Skin.HasSetting(furniture.numericrating)</visible>
									</control>
									<control type="image">
										<posx>150</posx>
										<width>40</width>
										<height>40</height>
										<centertop>50%</centertop>
										<texture colordiffuse="$VAR[ColorHighlight]">backg/$VAR[Flagstar4].png</texture>
										<visible>!Skin.HasSetting(furniture.numericrating)</visible>
									</control>
									<control type="image">
										<posx>200</posx>
										<width>45</width>
										<height>43</height>
										<centertop>50%</centertop>
										<texture colordiffuse="$VAR[ColorHighlight]">backg/$VAR[Flagstar5].png</texture>
										<visible>!Skin.HasSetting(furniture.numericrating)</visible>
									</control>
								</control> 
								<control type="group">
									<posy>460</posy>
									<posx>0</posx>
									<width>1050</width>	
									<visible>Skin.HasSetting(furniture.numericrating)</visible>
									<visible>!String.IsEqual(ListItem.Label,..)</visible>
									<control type="image">
										<posx>0</posx>
										<width>40</width>
										<height>40</height>
										<centertop>50%</centertop>
										<texture colordiffuse="$VAR[ColorHighlight]">backg/$VAR[Flagstar1].png</texture>
									</control>
									<control type="label">
										<left>45</left>
										<width>100</width>
										<centertop>50%</centertop>
										<height>64</height>
										<align>left</align>
										<aligny>center</aligny>
										<label fallback="0.0">$INFO[ListItem.Rating]</label>
										<font>Flag</font>
										<textcolor>Dark1</textcolor>							
									</control>
								</control> 
							</control>
                    </focusedlayout>
                </control>
			</control>
				<control type="group">
					<right>0</right>
					<!-- Scrollbar Start -->
					<control type="scrollbar" id="1600">
						<include content="scrollbar_vertical">
						<param name="scrollid" value="1600" />
						</include>
					</control>
					<!-- Scrollbar End -->
				</control>	
			</control>	        
            <control type="group">		
			<visible>Control.IsVisible(507)</visible>
				<control type="group">
					<top>210</top>
					<right>75</right>
					<visible>!String.IsEqual(ListItem.Label,..) + !Skin.HasSetting(furniture.overlaysnew)</visible>
					<control type="label">
                        <align>center</align>
                        <aligny>center</aligny>
                        <width>50</width>
						<right>7</right>
						<top>6</top>
                        <height>50</height>
                        <textcolor>$VAR[WatchedBackingColor]</textcolor>
						<font>SymbolPosterBackground</font>
                        <label>$VAR[WatchedBacking]</label>
                        <visible>!String.IsEqual(ListItem.Label,..)</visible>
                    </control>
					<control type="label">
                        <align>center</align>
                        <aligny>center</aligny>
                        <width>50</width>
						<right>7</right>
						<top>6</top>
                        <height>50</height>
                        <textcolor>$VAR[WatchedLabelPosterColor]</textcolor>
						<font>SymbolPoster</font>
                        <label>$VAR[WatchedLabelPoster]</label>
                        <visible>!String.IsEqual(ListItem.Label,..)</visible>
                    </control>
				</control>
				<control type="group">
					<top>230</top>
					<right>97</right>				
					<visible>Skin.HasSetting(furniture.overlaysnew) + !String.IsEqual(ListItem.Label,..)</visible>	
					<control type="group">
						<visible>Skin.HasSetting(furniture.overlaysnew) + !String.IsEqual(ListItem.Label,..)</visible>
						<control type="image">
							<centerright>32</centerright>
                        	<centertop>32</centertop>							
							<width>100</width>
							<height>100</height>							
							<texture colordiffuse="$VAR[ColorWatched]">$VAR[PercentWatchedNeu]</texture>						
						</control>					
						<control type="label">				
							<centerright>16</centerright>
							<centertop>16</centertop>
							<align>center</align>
							<label>$VAR[PercentWatchedNeuLabel]</label>
							<width>100</width>							
							<font>WatchedStates</font>
							<textcolor>FFFFFFFF</textcolor>
							<animation effect="rotate" center="auto" time="0" end="-45" condition="true" loop="false">Conditional</animation>
						</control>								
					</control>
				</control>	
				<control type="group">
					<visible>!Skin.HasSetting(507.noscrolling)</visible>
					<left>115</left>
					<top>214</top>
					<height>650</height>
					<width>532</width>
					<control type="label">
						<top>8</top>
						<aligny>center</aligny>
						<height>64</height>
						<font>SmallBold</font>
						<textcolor>Dark1</textcolor>
						<selectedcolor>Dark1</selectedcolor>
						<label>$INFO[ListItem.Label]</label>
					</control>
					<control type="label">
						<top>50</top>
						<height>64</height>
						<aligny>center</aligny>
						<font>Small333</font>
						<textcolor>Dark1</textcolor>
						<selectedcolor>Dark1</selectedcolor>
						<label>$INFO[ListItem.Year]</label>
					</control>
					<control type="label">
						<top>50</top>
						<height>64</height>
						<left>65</left>
						<aligny>center</aligny>
						<size>38</size>
						<font>Small333</font>
						<size>38</size>
						<textcolor>Dark1</textcolor>
						<selectedcolor>Dark1</selectedcolor>
						<label>$VAR[LabelDurationTimeCheckInfo]</label>
						<visible>!String.IsEqual(ListItem.Label,..)</visible> 
					</control>	
					<control type="textbox">				
						<top>136</top>
						<bottom>17</bottom>					
						<font>TinyPlot</font>
						<height>360</height>
						<textcolor>Dark2</textcolor>
						<selectedcolor>Dark1</selectedcolor>
						<label>$INFO[ListItem.Plot]</label>
						<align>justify</align>
						<autoscroll>false</autoscroll>
					</control>				
					<control type="label">
						<posy>575</posy>
						<width>450</width>
						<font>Small333</font>
						<textcolor>Dark1</textcolor>
						<label fallback="0.0">$INFO[ListItem.RatingAndVotes]</label>
						<selectedcolor>Dark1</selectedcolor>
						<visible>!Skin.HasSetting(furniture.numericrating) + !String.IsEqual(ListItem.Label,..) + !Skin.HasSetting(hidevotesfanart)</visible>
					</control>
					<control type="label">
						<posy>575</posy>
						<width>450</width>
						<font>Small333</font>
						<textcolor>Dark1</textcolor>
						<label fallback="0.0">$INFO[ListItem.Votes,, $LOCALIZE[205]]</label>
						<selectedcolor>Dark1</selectedcolor>
						<visible>Skin.HasSetting(furniture.numericrating) + !String.IsEqual(ListItem.Label,..) + !Skin.HasSetting(hidevotesfanart)</visible>
					</control>				
					<control type="group">				
						<posy>505</posy>
						<left>230</left>
						<width>155</width>
						<height>155</height>
						<visible>Skin.HasSetting(furniture.overlayinfobalken)</visible>
						<control type="group">					
							<visible>!String.IsEqual(ListItem.Label,..) + Container.Content(movies)</visible>
							<control type="image" description="Back">
								<width>155</width>
								<height>155</height>
								<aspectratio align="center" aligny="center">keep</aspectratio>
								<texture border="0">progress/back2.png</texture>							
							</control>
							<control type="group">
								<include>Animation.SwitchText</include>
								<control type="image">
									<!--<include>Animation.SwitchText</include>-->
									<visible>ListItem.IsResumable</visible>
									<left>-2</left>
									<centertop>50%</centertop>
									<width>157</width>
									<height>158</height>
									<texture colordiffuse="$VAR[ColorHighlight]">$INFO[ListItem.PercentPlayed,progress/circle/p,.png]</texture>																			
									<aspectratio align="center">keep</aspectratio>
								</control>
								<control type="image">
									<!--<include>Animation.SwitchText</include>-->
									<visible>String.Contains(ListItem.Overlay,OverlayWatched.png) + !ListItem.IsResumable</visible>
									<left>-2</left>
									<centertop>50%</centertop>
									<width>157</width>
									<height>158</height>
									<texture colordiffuse="$VAR[ColorHighlight]">progress/circle/p100.png</texture>																			
									<aspectratio align="center">keep</aspectratio>
								</control>
							</control>
							<control type="image" description="Back">
								<left>30</left>
								<top>30</top>
								<width>95</width>
								<height>94</height>
								<align>center</align>
								<aligny>center</aligny>
								<aspectratio align="center" aligny="center">keep</aspectratio>
								<texture  colordiffuse="MenuSlide" border="0">backg/ring2.png</texture>							
							</control>						
							<control type="group">
								<include>Animation.SwitchText</include>
								<control type="label">				
									<width>155</width>
									<centertop>50%</centertop>
									<align>center</align>
									<label>$VAR[Percentagelabel]</label>
									<font>Small333</font>
									<textcolor>Dark2</textcolor>
								</control>
							</control>
						</control>
						<control type="group">
							<visible>[!String.IsEqual(ListItem.Label,..) + Container.Content(tvshows)]</visible>
							<!--  | [!String.IsEqual(ListItem.Label,..) + Container.Content(seasons)] -->
							<control type="image" description="Back">
								<width>155</width>
								<height>155</height>
								<aspectratio align="center" aligny="center">keep</aspectratio>
								<texture border="0">progress/back2.png</texture>									
							</control>
							<control type="image">
								<!--<include>Animation.SwitchText</include>-->
								<left>-2</left>
								<centertop>50%</centertop>
								<width>157</width>
								<height>158</height>
								<texture colordiffuse="$VAR[ColorHighlight]">$INFO[Skin.String(perc),progress/circle/p,.png]</texture>																			
								<aspectratio align="center">keep</aspectratio>
							</control>
							<control type="image" description="Back">
								<left>30</left>
								<top>30</top>
								<width>95</width>
								<height>94</height>
								<align>center</align>
								<aligny>center</aligny>
								<aspectratio align="center" aligny="center">keep</aspectratio>
								<texture colordiffuse="MenuSlide" border="0">backg/ring2.png</texture>			
							</control>
							<control type="label">				
								<width>155</width>
								<centertop>50%</centertop>
								<align>center</align>
								<label>$INFO[ListItem.Property(WatchedEpisodes)]/$INFO[ListItem.Property(TotalEpisodes)]</label>
								<!--  $INFO[Skin.String(perc)] -->
								<font>Small333</font>
								<textcolor>Dark2</textcolor>									
							</control>									
						</control>
					</control>					
					<control type="group">
						<visible>!Skin.HasSetting(furniture.numericrating)</visible>
						<posy>460</posy>
						<posx>0</posx>
						<width>1050</width>
						<visible>!String.IsEqual(ListItem.Label,..)</visible>
						<control type="image">
						<posx>0</posx>
							<width>40</width>
							<height>40</height>
							<centertop>50%</centertop>
							<texture colordiffuse="$VAR[ColorHighlight]">backg/$VAR[Flagstar1].png</texture>
						</control>
						<control type="image">
							<posx>50</posx>
							<width>40</width>
							<height>40</height>
							<centertop>50%</centertop>
							<texture colordiffuse="$VAR[ColorHighlight]">backg/$VAR[Flagstar2].png</texture>						
						</control>
						<control type="image">
							<posx>100</posx>
							<width>40</width>
							<height>40</height>
							<centertop>50%</centertop>
							<texture colordiffuse="$VAR[ColorHighlight]">backg/$VAR[Flagstar3].png</texture>						
						</control>
						<control type="image">
							<posx>150</posx>
							<width>40</width>
							<height>40</height>
							<centertop>50%</centertop>
							<texture colordiffuse="$VAR[ColorHighlight]">backg/$VAR[Flagstar4].png</texture>						
						</control>
						<control type="image">
							<posx>200</posx>
							<width>45</width>
							<height>43</height>
							<centertop>50%</centertop>
							<texture colordiffuse="$VAR[ColorHighlight]">backg/$VAR[Flagstar5].png</texture>						
						</control>
					</control> 			
					<control type="group">
						<posy>460</posy>
						<posx>0</posx>
						<width>1050</width>	
						<visible>Skin.HasSetting(furniture.numericrating)</visible>
						<visible>!String.IsEqual(ListItem.Label,..)</visible>
						<control type="image">
							<posx>0</posx>
							<width>40</width>
							<height>40</height>
							<centertop>50%</centertop>
							<texture colordiffuse="$VAR[ColorHighlight]">backg/$VAR[Flagstar1].png</texture>
						</control>
						<control type="label">
							<left>45</left>
							<width min="48">auto</width>
							<centertop>50%</centertop>
							<height>64</height>
							<align>left</align>
							<aligny>center</aligny>
							<label fallback="0.0">$INFO[ListItem.Rating]</label>
							<visible>!String.IsEqual(ListItem.Label,..)</visible>
							<font>Flag</font>
							<textcolor>Dark1</textcolor>							
						</control>
					</control> 				
				</control>
				<control type="group">
				<left>309</left>
				<top>207</top>
				<control type="image">	
					<visible>!String.IsEqual(ListItem.Label,..) + !String.IsEmpty(ListItem.Art(discart)) + Skin.HasSetting(discartfanart)</visible>                 
                    <posx>1157</posx>
                    <posy>438</posy>
                    <width>235</width>
                    <height>235</height>
                    <fadetime>1000</fadetime>				
                    <texture>$INFO[ListItem.Art(discart)]</texture>
					<animation type="Conditional" condition="!Container(507).OnNext + !Container(507).OnPrevious">                  
				   		<effect type="fade" start="0" end="100" time="50" delay="1000" />                
					</animation> 
                    <animation type="Conditional" condition="!Container(507).OnNext + !Container(507).OnPrevious">                  
				   		<effect type="slide" start="110" end="-15" time="500" delay="2000" tween="cubic" />                
					</animation>
					<animation type="Visible" reversible="false">                  
				   		<effect type="fade" start="0" end="100" time="1500" tween="cubic" />                
					</animation>
					<animation type="Hidden" reversible="false">                  
				   		<effect type="fade" start="100" end="0" time="500" tween="cubic" />                
					</animation>       
                </control>		
				<control type="image">	
					<visible>!ListItem.IsFolder</visible>                 
                    <posx>1263</posx>
                    <posy>340</posy>
                    <width>242</width>
                    <height>342</height>
                    <fadetime>200</fadetime>
                    <texture background="true">$VAR[PosterImage]</texture>				
                </control>
				<!--<control type="image">	
					<visible>!ListItem.IsFolder</visible>                 
                    <posx>1263</posx>
                    <posy>340</posy>
                    <width>242</width>
                    <height>342</height>
                    <fadetime>200</fadetime>
					<texture>$INFO[ListItem.Art(poster)]</texture>
                </control>-->			
				<control type="image">
					<posx>1244</posx>
                    <posy>330</posy>
					<width>278</width>
					<height>370</height>
					<fadetime>400</fadetime>
					<texture diffuse="thumbs/thumb_mask.png">backg/poster_glass2.png</texture>
					<visible>!ListItem.IsFolder + Skin.HasSetting(ModernCase)</visible>					
				</control>			
				<control type="image">
					<posx>1261</posx>
                    <posy>338</posy>
					<width>244</width>
					<height>345</height>
					<fadetime>400</fadetime>
					<texture diffuse="thumbs/thumb_mask.png">backg/br-case.png</texture>
					<visible>!ListItem.IsFolder + !Skin.HasSetting(ModernCase)</visible>				
				</control>			
				</control>			
				<control type="image">
					<!--<visible>Control.HasFocus(507) + !Container(507).OnPrevious</visible>-->
					<include>Animation.DelayFadeIn</include>
					<top>185</top>
					<left>930</left>
					<width>16</width>
					<height>16</height>
					<texture colordiffuse="Dark1" flipy="true">common/arrow-small.png</texture>
					<animation effect="zoom" center="auto" pulse="true" start="100" end="170" time="200" delay="2000" condition="String.IsEqual(ListItem.Label,..)">Conditional</animation>
				</control>		
				<control type="image">
					<!--<visible>Control.HasFocus(507) + !Container(507).OnNext</visible>-->
					<include>Animation.DelayFadeIn</include>
					<top>882</top>
					<left>930</left>
					<width>16</width>
					<height>16</height>
					<texture colordiffuse="Dark1" flipy="false">common/arrow-small.png</texture>
					<animation effect="zoom" center="auto" pulse="true" start="100" end="170" time="200" delay="2000" condition="String.IsEqual(ListItem.Label,..)">Conditional</animation>
				</control>

			</control>
				
		</control>
		</control>		
    </include>

</includes>
