<?xml version="1.0" encoding="UTF-8"?>
<!-- Foundation -->
<includes>
    <include name="View_504_Fanart">
        <description>List View (id=504)</description>
		<control type="group">	
			<include>Animation.Common</include>	
			<visible>Control.IsVisible(504)</visible>
			<include>JumpBarHorizontal</include>
			<include>ViewSlideForJumpBar</include> 		
            
            <control type="label">
                <visible>!Skin.HasSetting(504clearlogo) | [String.IsEmpty(ListItem.Art(clearlogo)) + Skin.HasSetting(504clearlogo)]</visible>
                <animation effect="slide" start="0,0" end="0,15" time="200" condition="String.IsEqual(Skin.String(NetflixIconSize),1)">Conditional</animation>
				<top>245</top>
				<left>80</left>
				<description>Header Label</description>
				<textcolor>Dark1</textcolor>
				<font>SmallBold</font>
				<label fallback="19055">$INFO[ListItem.Title]</label>
			</control>
            <control type="image" description="clearlogo">
                <visible>!String.IsEmpty(ListItem.Art(clearlogo)) + Skin.HasSetting(504clearlogo)</visible>
                <top>-560</top>
                <width>275</width>	
                <left>80</left>
                <aspectratio scalediffuse="true" align="center">keep</aspectratio>
                <texture background="true">$INFO[ListItem.Art(clearlogo)]</texture>
                <include>Animation.ViHi2</include>
                <fadetime>100</fadetime>
            </control>            
            
			<control type="grouplist">
                <animation effect="slide" start="0,0" end="0,18" time="200" condition="String.IsEqual(Skin.String(NetflixIconSize),1)">Conditional</animation>
                <!--<animation effect="slide" start="0,0" end="0,2" time="0" condition="Skin.HasSetting(504clearlogo) + ![String.IsEmpty(ListItem.Art(clearlogo)) + Skin.HasSetting(504clearlogo)]">Conditional</animation>-->
				<left>SidePad</left>
				<top>320</top>			
				<itemgap>0</itemgap>
				<visible>!String.IsEqual(ListItem.Label,..)</visible>	
				<control type="label">                   	                    			
					<height>36</height>
					<font>Tiny</font>
					<textcolor>Dark2</textcolor>
					<label fallback="19055">$VAR[504_Row_1]</label>				
				</control>
				<control type="label">
                    <visible>String.IsEmpty(Skin.String(NetflixIconSize))</visible>
					<width>1100</width>
					<height>36</height>
					<font>Tiny</font>
					<textcolor>Dark2</textcolor>
					<label fallback="19055">$VAR[504_Row_2]</label>                        
                </control>
				<control type="label">
                    <visible>String.IsEmpty(Skin.String(NetflixIconSize))</visible>	
					<width>100%</width>
					<height>36</height>
					<font>Tiny</font>
					<textcolor>Dark2</textcolor>               
					<label fallback="19055">$VAR[504_Row_3]</label>
				</control>	
			</control>	
			<control type="textbox">
                <visible>!Skin.HasSetting(discartfanart) | [Skin.HasSetting(discartfanart) + String.IsEmpty(ListItem.Art(discart))]</visible>
                <animation effect="slide" start="0,0" end="0,-56" time="200" condition="String.IsEqual(Skin.String(NetflixIconSize),1)">Conditional</animation>				
				<top>450</top>
				<bottom>17</bottom>
				<left>SidePad</left>
				<font>Tiny</font>
				<height>145</height>
				<textcolor>Dark1</textcolor>
				<selectedcolor>Dark1</selectedcolor>
				<label>$INFO[ListItem.Plot]</label>			
				<width>1470</width>	
			</control>
            <control type="textbox">
                <visible>Skin.HasSetting(discartfanart) + !String.IsEmpty(ListItem.Art(discart)) </visible>
                <animation effect="slide" start="0,0" end="0,-56" time="200" condition="String.IsEqual(Skin.String(NetflixIconSize),1)">Conditional</animation>			
				<top>450</top>
				<bottom>17</bottom>
				<left>SidePad</left>
				<font>Tiny</font>
				<height>145</height>
				<textcolor>Dark1</textcolor>
				<selectedcolor>Dark1</selectedcolor>
				<label>$INFO[ListItem.Plot]</label>			
				<width>1420</width>	
			</control>
            
			<control type="group">
                <visible>String.IsEmpty(Skin.String(NetflixIconSize))</visible>			
				<left>1596</left>
				<top>225</top>
				<control type="image">	
					<visible>!String.IsEqual(ListItem.Label,..)  + !String.IsEmpty(ListItem.Art(discart)) + Skin.HasSetting(discartfanart)</visible>                    <top>8</top>
                    <right>80</right>
                    <width>245</width>
                    <height>245</height>
                    <fadetime>1000</fadetime>				
                    <texture>$INFO[ListItem.Art(discart)]</texture>
					<animation type="Conditional" condition="!Container(504).OnNext + !Container(504).OnPrevious" reversible="false">                  
				   		<effect type="fade" start="0" end="100" time="50" delay="500" />                
					</animation> 
                    <animation type="Conditional" condition="!Container(504).OnNext + !Container(504).OnPrevious" reversible="false">                  
				   		<effect type="slide" start="0,0" end="-124,0" time="500" delay="1000" tween="cubic" />                
					</animation>
					<animation type="Visible" reversible="false">                  
				   		<effect type="fade" start="0" end="100" time="1500" tween="cubic" />                
					</animation>
					<animation type="Hidden" reversible="false">                  
				   		<effect type="fade" start="100" end="0" time="500" tween="cubic" />                
					</animation>
                </control>
				<control type="image">
					<left>-11</left>
					<top>-9</top>
					<right>80</right>
					<bottom>485</bottom>
					<texture border="10">common/$VAR[nofocus-shadow10]</texture>
				</control>				
				<control type="image">								
					<width>243</width>
					<height>360</height>
					<fadetime>200</fadetime>
					<aspectratio aligny="center" align="center" scalediffuse="false">scale</aspectratio>
					<texture diffuse="diffuse/listposter.png" background="true">$VAR[PosterImage]</texture>		
				</control>
                <control type="image">
					<left>-1</left>
					<top>-1</top>	
					<width>245</width>
					<height>362</height>                           
					<texture border="4" colordiffuse="Box2" background="true">common/box21.png</texture>   
					<visible>!Skin.HasSetting(thumbnails.white)</visible>                        
				</control>
		    </control>
            
            <control type="group">	
                <visible>!String.IsEmpty(Skin.String(NetflixIconSize))</visible>		
				<left>1614</left>
				<top>200</top>
				<control type="image">	
					<visible>!String.IsEqual(ListItem.Label,..)  + !String.IsEmpty(ListItem.Art(discart)) + Skin.HasSetting(discartfanart)</visible>                    
                    <top>8</top>
                    <right>82</right>
                    <width>222</width>
                    <height>222</height>
                    <fadetime>1000</fadetime>				
                    <texture>$INFO[ListItem.Art(discart)]</texture>
					<animation type="Conditional" condition="!Container(504).OnNext + !Container(504).OnPrevious" reversible="false">                  
				   		<effect type="fade" start="0" end="100" time="50" delay="500" />                
					</animation> 
                    <animation type="Conditional" condition="!Container(504).OnNext + !Container(504).OnPrevious" reversible="false">                  
				   		<effect type="slide" start="0,0" end="-118,0" time="500" delay="1000" tween="cubic" />                
					</animation>
					<animation type="Visible" reversible="false">                  
				   		<effect type="fade" start="0" end="100" time="1500" tween="cubic" />                
					</animation>
					<animation type="Hidden" reversible="false">                  
				   		<effect type="fade" start="100" end="0" time="500" tween="cubic" />                
					</animation>
                </control>
				<control type="image">
					<left>-11</left>
					<top>-9</top>
					<right>73</right>
					<bottom>540</bottom>
					<texture border="10">common/$VAR[nofocus-shadow10]</texture>
				</control>				
				<control type="image">								
					<width>222</width>
					<height>330</height>
					<fadetime>200</fadetime>
					<aspectratio aligny="center" align="center" scalediffuse="false">scale</aspectratio>
					<texture diffuse="diffuse/listposter.png" background="true">$VAR[PosterImage]</texture>		
				</control>
                <control type="image">
					<left>-1</left>
					<top>-1</top>	
					<width>224</width>
					<height>332</height>                           
					<texture border="4" colordiffuse="Box2" background="true">common/box21.png</texture>   
					<visible>!Skin.HasSetting(thumbnails.white)</visible>                        
				</control>
		    </control>
			<control type="list" id="504">	
				<oninfo condition="ListItem.IsCollection">ActivateWindow(1132)</oninfo>		
				<top>620</top>
                <animation effect="slide" start="0,0" end="0,-55" time="200" condition="String.IsEqual(Skin.String(NetflixIconSize),1)">Conditional</animation>
				<right>70</right>
				<left>70</left>			
				<visible>Container.Content(movies) | Container.Content(tvshows) | Container.Content(episodes) | Container.Content(seasons)</visible>               
                <onup condition="!Skin.HasSetting(global.kioskmode)">9000</onup>
                <ondown>1615</ondown>
                <preloaditems>1</preloaditems>
                <pagecontrol>1615</pagecontrol>
				<height>305</height>
				<orientation>horizontal</orientation>
				<viewtype label="37517">wraplist</viewtype>
				<scrolltime tween="quadratic">400</scrolltime>
				<itemlayout height="305" width="444" condition="String.IsEqual(Skin.String(NetflixIconSize),1)">
					<control type="image">
                        <left>2</left>
                        <top>0</top>
                        <right>0</right>
                        <bottom>49</bottom>
                        <texture border="10">common/$VAR[nofocus-shadow10]</texture>
                    </control>
					<control type="image">
						<left>11</left>
						<top>9</top>
						<right>9</right>
						<bottom>59</bottom>                          
						<texture colordiffuse="Box2" diffuse="diffuse/pvrinfo.png"  background="true">common/box5.png</texture>   
						<visible>!Skin.HasSetting(thumbnails.white)</visible>                        
					</control>
                    <control type="image">
                        <left>12</left>
                        <top>10</top>
                        <right>10</right>
                        <bottom>10</bottom>
						<height>235</height>
                        <aspectratio scalediffuse="false">scale</aspectratio>
                        <texture diffuse="diffuse/pvrinfo.png" background="true">$VAR[FanartImage]</texture>
                    </control>
					<control type="label">
						<top>245</top>
						<width>400</width>
						<height>50</height>
						<left>20</left>  
						<font>Small333</font>
						<textcolor>Dark1</textcolor>
						<visible>!String.IsEqual(ListItem.Label,..)</visible>
						<label>$INFO[ListItem.Label] $INFO[ListItem.Year,(,)]</label>						
					</control>
					<control type="label">
                        <align>center</align>
                        <aligny>center</aligny>
                        <width>50</width>
						<right>7</right>
						<top>6</top>
                        <height>50</height>
                        <textcolor>$VAR[WatchedBackingColor]</textcolor>
						<font>SymbolPosterBackground</font>
                        <label>$VAR[WatchedBacking]</label>
                        <visible>!String.IsEqual(ListItem.Label,..)</visible>
                    </control>
					<control type="label">
                        <align>center</align>
                        <aligny>center</aligny>
                        <width>50</width>
						<right>7</right>
						<top>6</top>
                        <height>50</height>
                        <textcolor>$VAR[WatchedLabelPosterColor]</textcolor>
						<font>SymbolPoster</font>
                        <label>$VAR[WatchedLabelPoster]</label>
                        <visible>!String.IsEqual(ListItem.Label,..)</visible>
                    </control>
				</itemlayout>
				<focusedlayout height="305" width="444" condition="String.IsEqual(Skin.String(NetflixIconSize),1)">
					 <control type="image">
                        <left>2</left>
                        <top>0</top>
                        <right>0</right>
                        <bottom>49</bottom>
                        <texture border="10">common/$VAR[nofocus-shadow10]</texture>
                 	</control>
					<control type="image">
						<left>11</left>
						<top>9</top>
						<right>9</right>
						<bottom>59</bottom>                          
						<texture colordiffuse="Box2" diffuse="diffuse/pvrinfo.png"  background="true">common/box5.png</texture>   
						<visible>!Skin.HasSetting(thumbnails.white)</visible>                        
					</control>
                    <control type="image">
                        <left>12</left>
                        <top>10</top>
                        <right>10</right>
                        <bottom>10</bottom>
						<height>235</height>
                        <aspectratio scalediffuse="false">scale</aspectratio>
                        <texture diffuse="diffuse/pvrinfo.png" background="true">$VAR[FanartImage]</texture>
                    </control>
					<control type="label">
                        <align>center</align>
                        <aligny>center</aligny>
                        <width>50</width>
						<right>7</right>
						<top>6</top>
                        <height>50</height>
                        <textcolor>$VAR[WatchedBackingColor]</textcolor>
						<font>SymbolPosterBackground</font>
                        <label>$VAR[WatchedBacking]</label>
                        <visible>!String.IsEqual(ListItem.Label,..)</visible>
                    </control>
					<control type="label">
                        <align>center</align>
                        <aligny>center</aligny>
                        <width>50</width>
						<right>7</right>
						<top>6</top>
                        <height>50</height>
                        <textcolor>$VAR[WatchedLabelPosterColor]</textcolor>
						<font>SymbolPoster</font>
                        <label>$VAR[WatchedLabelPoster]</label>
                        <visible>!String.IsEqual(ListItem.Label,..)</visible>
                    </control>
					<control type="image">
                        <left>5</left>
                        <top>2</top>
                        <right>2</right>
                        <bottom>52</bottom>
                        <texture colordiffuse="$VAR[ColorSquares]" border="20">common/selectbox.png</texture>
                        <animation center="auto" condition="Control.HasFocus(504)" effect="fade" end="100" start="0" time="250">Focus</animation>
                        <animation center="auto" condition="Control.HasFocus(504)"  effect="fade" end="0" start="100" time="50">UnFocus</animation>
                    </control>
					<control type="label">
						<top>245</top>
						<width>400</width>
						<height>50</height>
						<left>20</left>  
						<font>Small333</font>
						<scroll>false</scroll>
						<textcolor>Dark1</textcolor>
						<visible>!String.IsEqual(ListItem.Label,..)</visible>
						<label>$INFO[ListItem.Label] ($INFO[ListItem.Year])</label>
					</control>
				</focusedlayout>
                
                <itemlayout height="255" width="355.66" condition="String.IsEmpty(Skin.String(NetflixIconSize))">
					<control type="image">
                        <left>2</left>
                        <top>0</top>
                        <right>0</right>
                        <bottom>49</bottom>
                        <texture border="10">common/$VAR[nofocus-shadow10]</texture>
                    </control>
					<control type="image">
						<left>11</left>
						<top>9</top>
						<right>9</right>
						<bottom>59</bottom>                          
						<texture colordiffuse="Box2" diffuse="diffuse/pvrinfo.png"  background="true">common/box5.png</texture>   
						<visible>!Skin.HasSetting(thumbnails.white)</visible>                        
					</control>
                    <control type="image">
                        <left>12</left>
                        <top>10</top>
                        <right>10</right>
                        <bottom>10</bottom>
						<height>185</height>
                        <aspectratio scalediffuse="false">scale</aspectratio>
                        <texture diffuse="diffuse/pvrinfo.png" background="true">$VAR[FanartImage]</texture>
                    </control>
					<control type="label">
						<top>200</top>
						<width>300</width>
						<height>50</height>
						<left>20</left>  
						<font>Small333</font>
						<textcolor>Dark1</textcolor>
						<visible>!String.IsEqual(ListItem.Label,..)</visible>
						<label>$INFO[ListItem.Label] $INFO[ListItem.Year,(,)]</label>						
					</control>
					<control type="label">
                        <align>center</align>
                        <aligny>center</aligny>
                        <width>50</width>
						<right>7</right>
						<top>6</top>
                        <height>50</height>
                        <textcolor>$VAR[WatchedBackingColor]</textcolor>
						<font>SymbolPosterBackground</font>
                        <label>$VAR[WatchedBacking]</label>
                        <visible>!String.IsEqual(ListItem.Label,..)</visible>
                    </control>
					<control type="label">
                        <align>center</align>
                        <aligny>center</aligny>
                        <width>50</width>
						<right>7</right>
						<top>6</top>
                        <height>50</height>
                        <textcolor>$VAR[WatchedLabelPosterColor]</textcolor>
						<font>SymbolPoster</font>
                        <label>$VAR[WatchedLabelPoster]</label>
                        <visible>!String.IsEqual(ListItem.Label,..)</visible>
                    </control>
				</itemlayout>
				<focusedlayout height="255" width="355.66" condition="String.IsEmpty(Skin.String(NetflixIconSize))">
					 <control type="image">
                        <left>2</left>
                        <top>0</top>
                        <right>0</right>
                        <bottom>49</bottom>
                        <texture border="10">common/$VAR[nofocus-shadow10]</texture>
                 	</control>
					<control type="image">
						<left>11</left>
						<top>9</top>
						<right>9</right>
						<bottom>59</bottom>                          
						<texture colordiffuse="Box2" diffuse="diffuse/pvrinfo.png"  background="true">common/box5.png</texture>   
						<visible>!Skin.HasSetting(thumbnails.white)</visible>                        
					</control>
                    <control type="image">
                        <left>12</left>
                        <top>10</top>
                        <right>10</right>
                        <bottom>10</bottom>
						<height>185</height>
                        <aspectratio scalediffuse="false">scale</aspectratio>
                        <texture diffuse="diffuse/pvrinfo.png" background="true">$VAR[FanartImage]</texture>
                    </control>
					<control type="label">
                        <align>center</align>
                        <aligny>center</aligny>
                        <width>50</width>
						<right>7</right>
						<top>6</top>
                        <height>50</height>
                        <textcolor>$VAR[WatchedBackingColor]</textcolor>
						<font>SymbolPosterBackground</font>
                        <label>$VAR[WatchedBacking]</label>
                        <visible>!String.IsEqual(ListItem.Label,..)</visible>
                    </control>
					<control type="label">
                        <align>center</align>
                        <aligny>center</aligny>
                        <width>50</width>
						<right>7</right>
						<top>6</top>
                        <height>50</height>
                        <textcolor>$VAR[WatchedLabelPosterColor]</textcolor>
						<font>SymbolPoster</font>
                        <label>$VAR[WatchedLabelPoster]</label>
                        <visible>!String.IsEqual(ListItem.Label,..)</visible>
                    </control>
					<control type="image">
                        <left>5</left>
                        <top>2</top>
                        <right>2</right>
                        <bottom>52</bottom>
                        <texture colordiffuse="$VAR[ColorSquares]" border="20">common/selectbox.png</texture>
                        <animation center="auto" condition="Control.HasFocus(504)" effect="fade" end="100" start="0" time="250">Focus</animation>
                        <animation center="auto" condition="Control.HasFocus(504)"  effect="fade" end="0" start="100" time="50">UnFocus</animation>
                    </control>
					<control type="label">
						<top>200</top>
						<width>300</width>
						<height>50</height>
						<left>20</left>  
						<font>Small333</font>
						<scroll>false</scroll>
						<textcolor>Dark1</textcolor>
						<visible>!String.IsEqual(ListItem.Label,..)</visible>
						<label>$INFO[ListItem.Label] ($INFO[ListItem.Year])</label>
					</control>
				</focusedlayout>
			</control>
			<control type="scrollbar" id="1615">
				<include content="scrollbar_hor">
					<param name="scrollid" value="1615" />
				</include>
			</control>
			<control type="image">
				<animation effect="slide" start="0,0" end="0,-25" time="200" condition="String.IsEqual(Skin.String(NetflixIconSize),1)">Conditional</animation>	
				<include>Animation.DelayFadeIn</include>
				<top>713</top>
				<left>56</left>
				<width>16</width>
				<height>16</height>
				<texture colordiffuse="Dark1" flipx="true">common/arrow-small-right.png</texture>
				<animation effect="zoom" center="auto" pulse="true" start="100" end="170" time="200" delay="2000" condition="String.IsEqual(ListItem.Label,..)">Conditional</animation>
			</control>
			<control type="image">
				<animation effect="slide" start="0,0" end="0,-25" time="200" condition="String.IsEqual(Skin.String(NetflixIconSize),1)">Conditional</animation>	
				<include>Animation.DelayFadeIn</include>
				<top>713</top>			
				<left>1846</left>
				<width>16</width>
				<height>16</height>
				<texture colordiffuse="Dark1">common/arrow-small-right.png</texture>
				<animation effect="zoom" center="auto" pulse="true" start="100" end="170" time="200" delay="2000" condition="String.IsEqual(ListItem.Label,..)">Conditional</animation>
			</control>			
		</control>
    </include>
</includes>
