<?xml version="1.0" encoding="UTF-8"?>
<!-- Foundation -->
<includes>
    <include name="View_57_ExtraInfo">
        <description>List View (id=57)</description>
        <control type="group">
            <include>Animation.Common</include>
            <visible>Control.IsVisible(57)</visible>
			<include>JumpBarHorizontal</include>
			<include>ViewSlideForJumpBar</include>
            <control type="group">
                <control type="list" id="57">
                    <oninfo condition="ListItem.IsCollection">ActivateWindow(1132)</oninfo>
                    <oninfo condition="Container.Content(actors)">RunScript(script.embuary.info,call=person,query='"$INFO[ListItem.Label]"')</oninfo>
                    <visible>String.Contains(Container.FolderPath,plugin://plugin.program.advanced.launcher/,left) | Container.Content(musicvideos) | Container.Content(artists) | Container.Content(movies) | Container.Content(tvshows) | Container.Content(episodes) | Container.Content(actors) | Container.Content(sets) | Container.Content(seasons) | Container.Content(videos)</visible>
                    <top>PosterPad</top>
                    <height>PosterH</height>
                    <right>SidePad</right>
                    <width>1100</width>
                    <onleft condition="!Skin.HasSetting(global.kioskmode)">9000</onleft>
                    <onright>1603</onright>
                    <onup>57</onup>
                    <ondown>57</ondown>
                    <focusposition>3</focusposition>
                    <movement>3</movement>
                    <pagecontrol>1603</pagecontrol>
                    <viewtype label="31147">list</viewtype>
                    <scrolltime tween="quadratic">400</scrolltime>
                    <itemlayout condition="!Skin.HasSetting(511ListInfo)" width="1100" height="64">
                        <include>50itemlayout</include>
                    </itemlayout>

                    <focusedlayout condition="!Skin.HasSetting(511ListInfo)" width="1100" height="64">
                        <control type="group">
                            <visible>!Control.HasFocus(60)</visible>
                            <include>50focuslayout</include>
                        </control>
                        <control type="group">
                            <visible>Control.HasFocus(60)</visible>
                            <include>50itemlayout</include>
                        </control>
                    </focusedlayout>
					
					<itemlayout condition="Skin.HasSetting(511ListInfo)" width="1100" height="90">
                        <include>50itemlayout_info</include>
                    </itemlayout>

                    <focusedlayout condition="Skin.HasSetting(511ListInfo)" width="1100" height="90">
                        <control type="group">
                            <visible>!Control.HasFocus(60)</visible>
                            <include>50focuslayout_info</include>
                        </control>
                        <control type="group">
                            <visible>Control.HasFocus(60)</visible>
                            <include>50itemlayout_info</include>
                        </control>
                    </focusedlayout>
                </control>
                <control type="scrollbar" id="1603">			   
                    <include content="scrollbar_vertical">
                        <param name="scrollid" value="1603" />
                    </include>
                </control>
            </control>
            <include content="Fanart_Info">
                <param name="posx" value="70" />
            </include>
        </control>
    </include>
    <include name="View_57_ExtraInfo_LowList">
        <description>List View (id=57)</description>
        <control type="group">
            <include>Animation.Common</include>
            <visible>Control.IsVisible(57)</visible>
			<include>JumpBarHorizontal</include>
			<include>ViewSlideForJumpBar</include>
            <control type="group">
                <posy>320</posy>
                <control type="fixedlist" id="57">
                    <oninfo condition="ListItem.IsCollection">ActivateWindow(1132)</oninfo>
                    <oninfo condition="Container.Content(actors)">RunScript(script.embuary.info,call=person,query='"$INFO[ListItem.Label]"')</oninfo>
                    <visible>String.Contains(Container.FolderPath,plugin://plugin.program.advanced.launcher/,left) | Container.Content(musicvideos) | Container.Content(artists) | Container.Content(movies) | Container.Content(tvshows) | [Container.Content(episodes) + !String.Contains(Container.FolderPath,plugin://,left)] | Container.Content(actors) | Container.Content(sets) | Container.Content(seasons) | Container.Content(videos)</visible>
                    <top>PosterPad</top>
                    <height>320</height>
                    <right>SidePad</right>
                    <width>1100</width>
                    <onleft condition="!Skin.HasSetting(global.kioskmode)">9000</onleft>
                    <onright>60</onright>
                    <onup>57</onup>
                    <ondown>57</ondown>
                    <focusposition>2</focusposition>
                    <movement>2</movement>
                    <pagecontrol>60</pagecontrol>
                    <viewtype label="31147">list</viewtype>
                    <scrolltime tween="quadratic">400</scrolltime>
                    <itemlayout condition="!Skin.HasSetting(511ListInfo)" width="1100" height="64">
                        <include>50itemlayout</include>
                    </itemlayout>

                    <focusedlayout condition="!Skin.HasSetting(511ListInfo)" width="1100" height="64">
                        <control type="group">
                            <visible>!Control.HasFocus(60)</visible>
                            <include>50focuslayout</include>
                        </control>
                        <control type="group">
                            <visible>Control.HasFocus(60)</visible>
                            <include>50itemlayout</include>
                        </control>
                    </focusedlayout>
					
					<itemlayout condition="Skin.HasSetting(511ListInfo)" width="1100" height="90">
                        <include>50itemlayout_info</include>
                    </itemlayout>

                    <focusedlayout condition="Skin.HasSetting(511ListInfo)" width="1100" height="90">
                        <control type="group">
                            <visible>!Control.HasFocus(60)</visible>
                            <include>50focuslayout_info</include>
                        </control>
                        <control type="group">
                            <visible>Control.HasFocus(60)</visible>
                            <include>50itemlayout_info</include>
                        </control>
                    </focusedlayout>
                </control>
                <control type="scrollbar" id="60">
                    <onback>50</onback>
                    <centerright>60</centerright>
                    <posy>PosterPad</posy>
                    <height>320</height>
                    <width>8</width>
                    <onleft>50</onleft>
                    <onright condition="!Skin.HasSetting(global.kioskmode)">9000</onright>
                    <texturesliderbackground border="4" colordiffuse="Dark4">scrollbar/scrollv.png</texturesliderbackground>
                    <texturesliderbar border="4" colordiffuse="Dark3">scrollbar/scrollv.png</texturesliderbar>
                    <texturesliderbarfocus border="4" colordiffuse="Dark2">scrollbar/scrollv.png</texturesliderbarfocus>
                    <animation effect="fade" start="100" end="33" time="400" condition="!Control.HasFocus(60) + !Container.Scrolling">Conditional</animation>
                </control>
            </control>
            <include content="LowList_Info">
                <param name="left" value="70" />
            </include>
        </control>
    </include>

    <include name="LowList_Info">
        <control type="group">
            <left>$PARAM[left]</left>
            <width>645</width>
            <top>206</top>
            <height>660</height>
            <control type="group">
                <left>12</left>
                <right>12</right>
                <posy>319</posy>
                <height>330</height>                
                <control type="label">
                    <top>10</top>
                    <aligny>center</aligny>
                    <height>64</height>
                    <font>SmallBold</font>
                    <textcolor>Dark1</textcolor>
                    <selectedcolor>Dark1</selectedcolor>
                    <label>$VAR[LabelDirector]</label>
                </control>
                <control type="label">
                    <top>50</top>
                    <height>64</height>
                    <aligny>center</aligny>
                    <font>Tiny</font>
                    <textcolor>Dark1</textcolor>
                    <selectedcolor>Dark1</selectedcolor>
                    <label>$VAR[LabelGenre]</label>
                </control>
                <control type="textbox">
                    <top>125</top>
                    <bottom>17</bottom>
                    <align>justify</align>
                    <font>Tiny</font>
                    <textcolor>Dark2</textcolor>
                    <selectedcolor>Dark1</selectedcolor>
                    <label>$VAR[LabelPlotBox]</label>
                </control>
            </control>        
        </control>
    </include>
    
    <include name="Fanart_Info">
        <control type="group">
            <left>$PARAM[posx]</left>
            <width>645</width>
            <top>206</top>
            <height>660</height>
            <control type="group">
                <height>370</height>
                <visible>[!Skin.HasSetting(57list.low) + Control.IsVisible(57)] | !Control.IsVisible(57)</visible>
                <visible>[!Skin.HasSetting(56media.low) + Control.IsVisible(56)] | !Control.IsVisible(56)</visible>
                <control type="image">
                    <width>100%</width>
                    <height>100%</height>
                    <texture border="10">common/$VAR[nofocus-shadow10]</texture>
                </control>             
			 	<control type="image">
					<left>9</left>
                    <top>9</top>
                    <right>9</right>
                    <bottom>9</bottom>                          
					<texture colordiffuse="Box2" border="4" background="true">common/box21.png</texture>   
					<visible>!Skin.HasSetting(thumbnails.white)</visible>                        
				</control>
                <control type="image">
                    <left>10</left>
                    <top>10</top>
                    <right>10</right>
                    <bottom>10</bottom>
                    <fadetime>200</fadetime>
                    <aspectratio align="center" aligny="center" scalediffuse="false">scale</aspectratio>
                    <texture diffuse="diffuse/pvrinfo2.png" border="0" background="true">$VAR[FanartImage]</texture>
                </control>
				<!--
				TEST MULTIIMAGE
				<control type="multiimage" id="987654" description="fanart">
					<left>10</left>
                    <top>10</top>
                    <right>10</right>
                    <bottom>10</bottom>
					<fadetime>3900</fadetime>
					<aspectratio aligny="top" align="right">keep</aspectratio>
					<imagepath background="true">$INFO[ListItem.Path,,extrafanart]</imagepath>
				</control>-->
            </control>
            <control type="group">
                <left>20</left>
                <right>20</right>
                <posy>370</posy>
                <height>290</height>                
                <control type="label">
                    <top>8</top>
                    <aligny>center</aligny>
                    <height>64</height>
					<width>500</width>
                    <font>SmallBold</font>
                    <textcolor>Dark1</textcolor>
                    <selectedcolor>Dark1</selectedcolor>
                    <label>$VAR[LabelDirector]</label>
                </control>
                <control type="label">
                    <top>48</top>
                    <height>64</height>
                    <aligny>center</aligny>
                    <font>Tiny</font>
                    <textcolor>Dark1</textcolor>
                    <selectedcolor>Dark1</selectedcolor>
                    <label>$VAR[LabelGenre]</label>
                </control>
                <control type="textbox">
                    <top>124</top>
                    <bottom>17</bottom>
                    <align>justify</align>
                    <font>Tiny</font>
                    <textcolor>Dark2</textcolor>
                    <selectedcolor>Dark1</selectedcolor>
                    <label>$VAR[LabelPlotBox]</label>
                </control>
            </control>
			<control type="group">				
                <top>360</top>
                <left>518</left>
                <width>155</width>
                <height>155</height>
                <visible>Skin.HasSetting(furniture.overlayinfobalken)</visible>
                <control type="group">						
                    <visible>!String.IsEqual(ListItem.Label,..) + Container.Content(movies)</visible>
                    <control type="image" description="Back">
                        <width>137</width>
                        <height>137</height>
                        <aspectratio align="center" aligny="center">keep</aspectratio>
                        <texture border="0">progress/back.png</texture>
                    </control>
                    <control type="group">						
                    <include>Animation.SwitchText</include>
                        <control type="image">
                            <!--<include>Animation.SwitchText</include>-->
                            <visible>ListItem.IsResumable</visible>
                            <left>-2</left>
                            <centertop>44%</centertop>
                            <width>139</width>
                            <height>139</height>
                            <texture colordiffuse="$VAR[ColorHighlight]">$INFO[ListItem.PercentPlayed,progress/circle/p,.png]</texture>									
                        </control>
                        <control type="image">
                            <!--<include>Animation.SwitchText</include>-->
                            <visible>String.Contains(ListItem.Overlay,OverlayWatched.png) + !ListItem.IsResumable</visible>
                            <left>-2</left>
                            <centertop>44%</centertop>
                            <width>139</width>
                            <height>139</height>
                            <texture colordiffuse="$VAR[ColorHighlight]">progress/circle/p100.png</texture>								
                        </control>
                    </control>
                    <control type="group">
                        <include>Animation.SwitchText</include>
                        <control type="label">				
                            <width>137</width>
                            <centertop>44%</centertop>
                            <align>center</align>
                            <label>$VAR[Percentagelabel]</label>
                            <font>Small333</font>
                            <textcolor>Dark2</textcolor>
                        </control>							
                    </control>
                </control>
                <control type="group">
                    <visible>[!String.IsEqual(ListItem.Label,..) + Container.Content(tvshows)] | [!String.IsEqual(ListItem.Label,..) + Container.Content(seasons)]</visible>
                    <!--  | [!String.IsEqual(ListItem.Label,..) + Container.Content(seasons)] -->
                    <control type="image" description="Back">
                        <width>137</width>
                        <height>137</height>
                        <aspectratio align="center" aligny="center">keep</aspectratio>
                        <texture border="0">progress/back2.png</texture>							
                    </control>
                    <control type="label">				
                        <width>137</width>
                        <centertop>44%</centertop>
                        <align>center</align>
                        <label>$INFO[ListItem.Property(WatchedEpisodes)]/$INFO[ListItem.Property(TotalEpisodes)]</label>
                        <!--  $INFO[Skin.String(perc)] -->
                        <font>Small333</font>
                        <textcolor>Dark2</textcolor>
                        <include>Animation.SwitchText</include>
                    </control>							
                </control>
            </control>        
        </control>        
    </include>
</includes>