<?xml version="1.0" encoding="UTF-8"?>
<colors>
    <color name="Highlight">ff0385b5</color>
    <color name="Highlight2">FFff4081</color>
    <color name="Selected">FFededed</color>
	<color name="ColoredStars">FFD402AA</color>
    <color name="Dark1">ff141414</color>
    <color name="Dark2">b3141414</color>
    <color name="Dark3">4d141414</color>
    <color name="Dark4">1f141414</color>
    <color name="Light1">ffdddddd</color>
    <color name="Light2">b3dddddd</color>
    <color name="Light3">4ddddddd</color>
    <color name="Light4">1fdddddd</color>
    
    <color name="Background">ffE6E6E6</color>
    <color name="FanartFade">1fffffff</color>
    <color name="FloorFade">BBdddddd</color>
	<color name="FloorFade2">BBdddddd</color>
    
    <color name="OSDBack">df000000</color>
    <color name="Panel">FF333333</color>
    
    <color name="PanelWhite100">FFffffff</color>
    <color name="PanelWhite70">B3dddddd</color>
    <color name="PanelWhite30">4Ddddddd</color>
    <color name="PanelWhite12">1Fdddddd</color>
    <color name="PanelBlack30">4D000000</color>
	<color name="InfoBackground">b3ffffff</color>
	<color name="MenuSlide">b3ffffff</color>
    
    <color name="White100">FFdddddd</color>
    <color name="White70">B3dddddd</color>
    <color name="White30">4Ddddddd</color>
    <color name="White12">1Fdddddd</color>
    
    <color name="Black100">FF000000</color>
    <color name="Black70">B3000000</color>
    <color name="Black30">4D000000</color>
    <color name="Black12">1F000000</color>
	
    <color name="Box2">E6202020</color>
	<color name="BoxNotification">CC202020</color>
	<color name="BoxWidget">E6202020</color>
	<color name="BoxHomerow">80202020</color>
	
	<color name="WatchedIcons">FFDBDBDB</color>  
	<color name="WatchedIconsList">FF808080</color> 
	<color name="WatchedIconsListFocus">FFDBDBDB</color>  
</colors>
