<?xml version="1.0" encoding="UTF-8"?>
<!-- Foundation -->
<includes>
    <include name="View_519_Shift_Modern">
        <description>List View (id=509)</description>
		<control type="group">
			<include>Animation.Common</include>	
			<include>JumpBarHorizontal</include>
			<include>ViewSlideForJumpBar</include> 
            <visible>Control.IsVisible(519)</visible>
			<control type="label">
				<top>520</top>
				<left>80</left>
				<description>Header Label</description>
				<textcolor>Dark1</textcolor>
				<font>SmallBold</font>
				<label fallback="19055">$INFO[ListItem.Title]</label>
			</control>	

			<control type="list" id="519">
				<oninfo condition="ListItem.IsCollection">ActivateWindow(1132)</oninfo>
                <visible>Container.Content(movies) | Container.Content(tvshows) | Container.Content(seasons)</visible> 
                <top>180</top>
                <left>70</left>
                <width>1778</width>
                <height>395</height>
                <onup condition="!Skin.HasSetting(global.kioskmode)">9000</onup>
                <ondown>1734</ondown>
				<orientation>horizontal</orientation>
                <preloaditems>2</preloaditems>
                <pagecontrol>1734</pagecontrol>
                <viewtype label="37823">list</viewtype>
                <scrolltime tween="quadratic">400</scrolltime>
                <itemlayout height="395" width="222">
                    <control type="image">
                        <left>0</left>
                        <top>0</top>
                        <right>2</right>
                        <bottom>70</bottom>
                        <texture border="10">common/$VAR[nofocus-shadow10]</texture>
                    </control>
					<control type="image">
						<left>9</left>
						<top>9</top>
						<right>11</right>
						<bottom>79</bottom>                          
						<texture colordiffuse="Box2" border="4" background="true">common/box21.png</texture>   
						<visible>!Skin.HasSetting(thumbnails.white)</visible>                        
					</control>
                    <control type="image">
                        <left>10</left>
                        <width>200</width>
						<height>305</height>
                        <bottom>80</bottom>
                        <aspectratio scalediffuse="false">scale</aspectratio>
                        <texture diffuse="diffuse/wall.png" background="true">$VAR[PosterImage]</texture>
                    </control>
                    <control type="label">
                        <align>center</align>
                        <aligny>center</aligny>
                        <width>50</width>
						<right>7</right>
						<top>6</top>
                        <height>50</height>
                        <textcolor>$VAR[WatchedBackingColor]</textcolor>
						<font>SymbolPosterBackground</font>
                        <label>$VAR[WatchedBacking]</label>
                        <visible>!String.IsEqual(ListItem.Label,..)</visible>
                    </control>
					<control type="label">
                        <align>center</align>
                        <aligny>center</aligny>
                        <width>50</width>
						<right>7</right>
						<top>6</top>
                        <height>50</height>
                        <textcolor>$VAR[WatchedLabelPosterColor]</textcolor>
						<font>SymbolPoster</font>
                        <label>$VAR[WatchedLabelPoster]</label>
                        <visible>!String.IsEqual(ListItem.Label,..)</visible>
                    </control>
                </itemlayout>
                <focusedlayout height="395" width="222">
                    <control type="image">
                        <left>0</left>
                        <top>0</top>
                        <right>2</right>
                        <bottom>70</bottom>
                        <texture border="10">common/$VAR[nofocus-shadow10]</texture>
                    </control>
					<control type="image">
						<left>9</left>
						<top>9</top>
						<right>11</right>
						<bottom>79</bottom>                          
						<texture colordiffuse="Box2" border="4" background="true">common/box21.png</texture>    
						<visible>!Skin.HasSetting(thumbnails.white)</visible>                        
					</control>
                    <control type="image">
                        <left>10</left>
                        <width>200</width>
						<height>305</height>
                        <bottom>80</bottom>
                        <aspectratio scalediffuse="false">scale</aspectratio>
                        <texture diffuse="diffuse/wall.png" background="true">$VAR[PosterImage]</texture>
                    </control>
                    <control type="label">
                        <align>center</align>
                        <aligny>center</aligny>
                        <width>50</width>
						<right>7</right>
						<top>6</top>
                        <height>50</height>
                        <textcolor>$VAR[WatchedBackingColor]</textcolor>
						<font>SymbolPosterBackground</font>
                        <label>$VAR[WatchedBacking]</label>
                        <visible>!String.IsEqual(ListItem.Label,..)</visible>
                    </control>
					<control type="label">
                        <align>center</align>
                        <aligny>center</aligny>
                        <width>50</width>
						<right>7</right>
						<top>6</top>
                        <height>50</height>
                        <textcolor>$VAR[WatchedLabelPosterColor]</textcolor>
						<font>SymbolPoster</font>
                        <label>$VAR[WatchedLabelPoster]</label>
                        <visible>!String.IsEqual(ListItem.Label,..)</visible>
                    </control>
					<control type="image">
                        <left>5</left>
                        <top>3</top>
                        <right>4</right>
                        <bottom>73</bottom>
                        <texture colordiffuse="$VAR[ColorSquares]" border="20">common/selectbox.png</texture>
                        <animation type="Focus">
                            <effect type="zoom" start="90" end="100" time="150" tween="sine" easing="inout" center="auto" />
                            <effect type="fade" start="0" end="100" time="150" tween="sine" easing="in" />
                        </animation>
                        <animation type="Unfocus">
                            <effect type="zoom" start="100" end="90" time="150" tween="sine" easing="inout" center="auto" />
                            <effect type="fade" start="100" end="0" time="150" tween="sine" easing="out" />
                        </animation>
                    </control>
                </focusedlayout>
            </control>    
			<control type="scrollbar" id="1734">
				<include content="scrollbar_hor">
					<param name="scrollid" value="1734" />
				</include>
			</control>	
            <control type="grouplist">                        
                <left>80</left>
                <top>600</top>
                <width>1322</width>
                <orientation>vertical</orientation>
                <top>683</top>
                <itemgap>3</itemgap>	
                <control type="textbox">				
                    <font>Tiny</font>
                    <height min="0" max="188">auto</height>
                    <textcolor>Dark2</textcolor>
                    <selectedcolor>Dark2</selectedcolor>
                    <label>$INFO[ListItem.Plot]</label>			
                </control>
                <control type="label">				
					<font>Tiny</font>
					<textcolor>Dark2</textcolor>
					<label>$VAR[509_Row_1]</label> 
				</control>		
			</control>
            <control type="image" description="clearlogo">                
                <fadetime>150</fadetime>            
                <top>662</top>
                <right>SidePad</right>
                <width>350</width>
                <aspectratio scalediffuse="true" align="left" aligny="top">keep</aspectratio>
                <texture background="true">$INFO[ListItem.Art(clearart)]</texture>
            </control> 
            <control type="image" description="Shadow">
                <width>350</width>
                <right>80</right>
                <height>1</height>
                <bottom>220</bottom>
                <texture flipy="true" colordiffuse="BoxHomerow">common/sch2.png</texture>		
                <visible>!String.IsEmpty(ListItem.Art(clearart))</visible> 
            </control>		
		</control>			
    </include>
</includes>
