<?xml version="1.0" encoding="UTF-8"?>
<!-- Foundation -->
<window id="106">
    <defaultcontrol always="true">1000</defaultcontrol>
    

    <coordinates>
        <origin x="0" y="0" />
    </coordinates>

    <controls>

        <include>GlobalOverlay</include>
        <control type="group">
            <include>Animation.ZoomIn</include>
            <include>Animation.FadeOut</include>
            <top>200</top>
            <centerleft>50%</centerleft>
            <width>466</width>
            <control type="image" id="999">
                <description>background image</description>
                <posx>8</posx>
				<top>73</top>
                <posy>-16</posy>
                <width>450</width>
                <height>739</height>
                <texture border="16" colordiffuse="White100">common/white.png</texture>
            </control>
			<control type="image">
				<description>background image</description>
				<top>-15</top>
				<left>8</left>
				<width>450</width>
				<height>88</height>
				<texture border="16" colordiffuse="White100">common/white.png</texture>
			</control>	
			<control type="group">
				<left>22</left>
				<top>0</top>
				<control type="label">
					<description>Header Label</description>
					<left>70</left>
					<width>1000</width>
					<posy>0</posy>
					<include>FontTop</include>
					<textcolor>Dark2</textcolor>
					<label>10106</label>
				</control>
				
				<control type="image">
					<top>15</top>
					<left>15</left>
					<width>40</width>
					<height>40</height>
					<colordiffuse>$VAR[ColorKodiLogo]</colordiffuse>
					<texture>buttons/kodi-logo.png</texture>
				</control>
				
				<!-- Lines -->
				<control type="image">
					<top>70</top>
					<left>17</left>
					<width>385</width>
					<height>1</height>
					<bottom>10</bottom>
					<colordiffuse>Black12</colordiffuse>
					<texture>common/white.png</texture>
				</control>
			</control>

            <control type="grouplist" id="996">
                <description>grouplist for context buttons</description>
                <posx>8</posx>
                <posy>0</posy>
                <width>510</width>
				<top>90</top>
                <height max="700">auto</height>
                <itemgap>0</itemgap>
                <control type="button" id="1000">
                    <description>Buttons</description>
                    <include>DefContextButton</include>
					<align>left</align>
                </control>
            </control>
        </control>

    </controls>

</window>
