<?xml version="1.0" encoding="UTF-8"?>
<!-- Foundation -->
<window id="2901">
    <include condition="!Player.PauseEnabled">OSDFocusStop</include>
    <include condition="Player.PauseEnabled">OSDFocusPause</include>
    
    <onunload>ClearProperty(osdshowinfo,home)</onunload>
    <controls>
			
        <control type="group">
			<visible>!Skin.HasSetting(osd.usethemeNewOSD)</visible>
            <height>74</height>
            <bottom>0</bottom>
            <animation type="WindowOpen">
                <effect type="fade" start="0" end="100" time="150" delay="150"/>
            </animation>
            <animation type="WindowClose">
                <effect type="fade" end="0" start="100" time="150"/>
            </animation>
            <animation type="Visible">
                <effect type="fade" start="0" end="100" time="150" delay="150"/>
            </animation>
            <animation type="Hidden">
                <effect type="fade" end="0" start="100" time="150"/>
            </animation>
			<animation effect="slide" start="0,0" end="0,-80" time="150" condition="Skin.HasSetting(osd.usethemeNewOSD)">Conditional</animation>
            <!-- Sub Menu -->
            <control type="group">
                <visible allowhiddenfocus="true">ControlGroup(9300).HasFocus() | Control.HasFocus(3)</visible>

                <include>Animation.SlideUp</include>
                <include>Animation.FadeOut</include>
                <bottom>72</bottom>
                <centerleft>572</centerleft>
                <width>316</width>
                <height>212</height>
                <control type="image">
                    <description>background image</description>
                    <width>100%</width>
                    <height>100%</height>
                    <colordiffuse>White100</colordiffuse>
                    <texture border="16">common/rounded-shadow8.png</texture>
                </control>
                <control type="grouplist" id="9300">
                    <include>Animation.FadeIn.Delay</include>
                    <include>Animation.FadeOut</include>
                    <top>16</top>
                    <bottom>16</bottom>
                    <left>8</left>
                    <right>8</right>
                    <onup>3</onup>
                    <ondown>3</ondown>
                    <onleft>3</onleft>
                    <onright>3</onright>
                    <itemgap>0</itemgap>
                    <orientation>vertical</orientation>
                    <scrolltime>200</scrolltime>
                    <control type="button" id="9301" description="Download">
                        <width>100%</width>
                        <height>60</height>
                        
                        <include>DefContextButton</include>
                        <label>33003</label>
                        <onclick>ActivateWindow(SubtitleSearch)</onclick>
                    </control>
					<control type="button" id="9302">
						<width>100%</width>
                        <height>60</height>
                        
                        <include>DefContextButton</include>
						<label>$LOCALIZE[10004]</label>
						<onclick>ActivateWindow(osdsubtitlesettings)</onclick>
						
					</control>
                    <control type="togglebutton" id="9303" description="Enable Subs">
                        <width>100%</width>
                        <height>60</height>
                        
                        <include>DefContextButton</include>
                        <label>$LOCALIZE[305] $INFO[VideoPlayer.SubtitlesLanguage,[UPPERCASE],[/UPPERCASE]]</label>
                        <altlabel>13106</altlabel>
                        <onclick>NextSubtitle</onclick>
                        <usealttexture>!VideoPlayer.SubtitlesEnabled</usealttexture>
                    </control>
                </control>          
            </control>
            
            <control type="grouplist" id="100">
                <top>13</top>
                <left>50</left>
                <height>48</height>
                <itemgap>0</itemgap>
                <orientation>horizontal</orientation>
                <align>left</align>
                <onleft>6</onleft>
                <onright condition="!Player.CanRecord | !VideoPlayer.Content(LiveTV)">12</onright>
                <onright condition="Player.CanRecord + VideoPlayer.Content(LiveTV)">9003</onright>
                <include>DefOSDUpDown</include>
                <usecontrolcoords>true</usecontrolcoords>     

                <control type="button" id="1">
                    <description>Audio</description>
                    <label>292</label>
                    <align>left</align>
                    <onclick>ActivateWindow(124)</onclick>
                    <include>DefOSDButtons</include>
                </control>

                <control type="button" id="2">
                    <description>Video Settings</description>
                    <label>291</label>
                    <align>left</align>
                    <onclick>ActivateWindow(123)</onclick>
                    <include>DefOSDButtons</include>
                </control>
                
                <control type="button" id="3">
                    <onup>9303</onup>
                    <ondown>9301</ondown>
                    <description>Subs</description>
                    <align>left</align>
                    <label>$LOCALIZE[287]</label>
                    <onclick>Action(ShowSubtitles)</onclick>
                    <include>DefOSDButtons</include>
                </control>
            </control>

            <control type="grouplist" id="101">
                <top>13</top>
                <width>100%</width>
                <height>48</height>
                <itemgap>16</itemgap>
                <orientation>horizontal</orientation>
                <align>center</align>
                <onleft>3</onleft>
                <onright>4</onright>
                <ondown>noop</ondown>
                <!--<include condition="!Skin.HasSetting(osd.usetheme)">OSDVideoControls</include>
                <include condition="Skin.HasSetting(osd.usetheme)">OSDVideoControlsFlip</include>-->
            	<include>OSDVideoControlsFlip</include>
            </control>
            
            <control type="grouplist" id="102">
                <top>13</top>
                <right>50</right>
                <height>48</height>
                <itemgap>0</itemgap>
                <orientation>horizontal</orientation>
                <align>right</align>
                <onleft>17</onleft>
                <onright>1</onright>
                <include>DefOSDUpDown</include>
                <usecontrolcoords>true</usecontrolcoords>
                
                <include condition="!VideoPlayer.Content(livetv) + [VideoPlayer.HasMenu | [!VideoPlayer.Content(movies) + !VideoPlayer.Content(episodes)]]">OSDDVDMenu</include>
                <include condition="!VideoPlayer.HasMenu + VideoPlayer.Content(episodes)">OSDExtraInfoTV</include>
                <include condition="!VideoPlayer.HasMenu + VideoPlayer.Content(movies)">OSDExtraInfoMOVIES</include>
                
                <include condition="!VideoPlayer.Content(livetv)">OSDVideosRight</include>
                <include condition="VideoPlayer.Content(livetv)">OSDPVRRight</include>
            </control>
        </control>

	<!-- NEW OSD -->
		<control type="group">
			<visible>Skin.HasSetting(osd.usethemeNewOSD)</visible>
            <height>74</height>
            <bottom>0</bottom>
            <animation type="WindowOpen">
                <effect type="fade" start="0" end="100" time="150" delay="150"/>
            </animation>
            <animation type="WindowClose">
                <effect type="fade" end="0" start="100" time="150"/>
            </animation>
            <animation type="Visible">
                <effect type="fade" start="0" end="100" time="150" delay="150"/>
            </animation>
            <animation type="Hidden">
                <effect type="fade" end="0" start="100" time="150"/>
            </animation>
			<animation effect="slide" start="0,0" end="0,-110" time="150" condition="Skin.HasSetting(osd.usethemeNewOSD)">Conditional</animation>
            <!-- Sub Menu -->
            <control type="group">
                <visible allowhiddenfocus="true">ControlGroup(9300).HasFocus() | Control.HasFocus(3)</visible>

                <include>Animation.SlideUp</include>
                <include>Animation.FadeOut</include>
                <bottom>88</bottom>
                <centerleft>775</centerleft>
                <width>316</width>
                <height>212</height>
                <control type="image">
                    <description>background image</description>
                    <width>100%</width>
                    <height>100%</height>
                    <colordiffuse>White100</colordiffuse>
                    <texture border="16">common/rounded-shadow8.png</texture>
                </control>
                <control type="grouplist" id="9300">
                    <include>Animation.FadeIn.Delay</include>
                    <include>Animation.FadeOut</include>
                    <top>16</top>
                    <bottom>16</bottom>
                    <left>8</left>
                    <right>8</right>
                    <onup>3</onup>
                    <ondown>3</ondown>
                    <onleft>3</onleft>
                    <onright>3</onright>
                    <itemgap>0</itemgap>
                    <orientation>vertical</orientation>
                    <scrolltime>200</scrolltime>
                    <control type="button" id="9301" description="Download">
                        <width>100%</width>
                        <height>60</height>
                        
                        <include>DefContextButton</include>
                        <label>33003</label>
                        <onclick>ActivateWindow(SubtitleSearch)</onclick>
                    </control>
					<control type="button" id="9302">
						<width>100%</width>
                        <height>60</height>
                        
                        <include>DefContextButton</include>
						<label>$LOCALIZE[10004]</label>
						<onclick>ActivateWindow(osdsubtitlesettings)</onclick>
						
					</control>
                    <control type="togglebutton" id="9303" description="Enable Subs">
                        <width>100%</width>
                        <height>60</height>
                        
                        <include>DefContextButton</include>
                        <label>$LOCALIZE[305] $INFO[VideoPlayer.SubtitlesLanguage,[UPPERCASE],[/UPPERCASE]]</label>
                        <altlabel>13106</altlabel>
                        <onclick>NextSubtitle</onclick>
                        <usealttexture>!VideoPlayer.SubtitlesEnabled</usealttexture>
                    </control>
                </control>          
            </control>
			
			<control type="grouplist" id="100">
                <top>13</top>
                <left>120</left>
                <height>48</height>
                <itemgap>0</itemgap>
                <orientation>horizontal</orientation>
                <align>left</align>
                <onleft>6</onleft>
                <onright condition="!Player.CanRecord | !VideoPlayer.Content(LiveTV)">12</onright>
                <onright condition="Player.CanRecord + VideoPlayer.Content(LiveTV)">9003</onright>
                <include>DefOSDUpDown</include>
				<animation effect="slide" start="0,0" end="300,0" time="150" condition="[Window.IsVisible(fullscreeninfo) | Player.ShowInfo | !String.IsEmpty(Window(home).Property(osdshowinfo)) | [Player.Paused + Skin.HasSetting(osd.showinfoonpause)]] + [!String.IsEmpty(Player.Art(tvshow.poster)) | !String.IsEmpty(Player.Art(poster))] + !VideoPlayer.Content(LiveTV)">Conditional</animation>
				
				<animation effect="slide" start="0,0" end="300,0" time="150" condition="[Window.IsVisible(fullscreeninfo) | Player.ShowInfo | !String.IsEmpty(Window(home).Property(osdshowinfo)) | [Player.Paused + Skin.HasSetting(osd.showinfoonpause)]] + !String.IsEmpty(Player.Art(thumb)) + VideoPlayer.Content(LiveTV)">Conditional</animation>
	
                <usecontrolcoords>true</usecontrolcoords>     
                <control type="button" id="1">
                    <description>Audio</description>
                    <label>292</label>
                    <align>left</align>
                    <onclick>ActivateWindow(124)</onclick>
                    <include>DefOSDButtonsNewOSD</include>
                </control>

                <control type="button" id="2">
                    <description>Video Settings</description>
                    <label>291</label>
                    <align>left</align>
                    <onclick>ActivateWindow(123)</onclick>
                    <include>DefOSDButtonsNewOSD</include>
                </control>
                
                <control type="button" id="3">
                    <onup>9303</onup>
                    <ondown>9301</ondown>
                    <description>Subs</description>
                    <align>left</align>
                    <label>$LOCALIZE[287]</label>
                    <onclick>Action(ShowSubtitles)</onclick>
                    <include>DefOSDButtonsNewOSD</include>
                </control>
            </control>
			
			<control type="grouplist" id="101">
				<animation effect="slide" start="0,0" end="155,0" time="150" condition="[Window.IsVisible(fullscreeninfo) | Player.ShowInfo | !String.IsEmpty(Window(home).Property(osdshowinfo)) | [Player.Paused + Skin.HasSetting(osd.showinfoonpause)]] + [!String.IsEmpty(Player.Art(tvshow.poster)) | !String.IsEmpty(Player.Art(poster))] + !VideoPlayer.Content(LiveTV)">Conditional</animation>
				
				<animation effect="slide" start="0,0" end="155,0" time="150" condition="[Window.IsVisible(fullscreeninfo) | Player.ShowInfo | !String.IsEmpty(Window(home).Property(osdshowinfo)) | [Player.Paused + Skin.HasSetting(osd.showinfoonpause)]] + !String.IsEmpty(Player.Art(thumb)) + VideoPlayer.Content(LiveTV)">Conditional</animation>
            	<left>0</left>
                <top>13</top>
                <width>100%</width>
                <height>48</height>
                <itemgap>16</itemgap>
                <orientation>horizontal</orientation>
                <align>center</align>
                <onleft>3</onleft>
                <onright>4</onright>
                <ondown>noop</ondown>
            	<include>OSDVideoControlsFlipNewOSD</include>
            </control>
			<control type="grouplist" id="102">
                <top>13</top>
                <right>100</right>
                <height>48</height>
                <itemgap>0</itemgap>
                <orientation>horizontal</orientation>
                <align>right</align>
                <onleft>17</onleft>
                <onright>1</onright>
                <include>DefOSDUpDown</include>
                <usecontrolcoords>true</usecontrolcoords>
                
                <include condition="!VideoPlayer.Content(livetv) + [VideoPlayer.HasMenu | [!VideoPlayer.Content(movies) + !VideoPlayer.Content(episodes)]]">OSDDVDMenuNewOSD</include>
                <include condition="!VideoPlayer.HasMenu + VideoPlayer.Content(episodes)">OSDExtraInfoTVNewOSD</include>
                <include condition="!VideoPlayer.HasMenu + VideoPlayer.Content(movies)">OSDExtraInfoMOVIESNewOSD</include>
                
                <include condition="!VideoPlayer.Content(livetv)">OSDVideosRightNewOSD</include>
                <include condition="VideoPlayer.Content(livetv)">OSDPVRRightNewOSD</include>
            </control>
        </control>
		
    	<include>Furniture_OverlayInfoNewInfoButton</include>
    </controls>

</window>
