<?xml version="1.0" encoding="UTF-8"?>
<!-- Foundation -->
<window type="dialog" id="1120">
    <zorder>1</zorder>
	<defaultcontrol always="true">9000</defaultcontrol>
    <controls>
		<include>GlobalOverlay</include>
		<include>Animation.Common</include>
		<control type="image">
			<left>716</left>
    		<top>380</top>	
			<width>468</width>
			<height>485</height>
			<colordiffuse>White100</colordiffuse>
			<texture border="16">common/rounded-shadow8.png</texture>
		</control>
		<control type="group">
			<height>490</height>
			<left>732</left>
			<top>400</top>
			<control type="image">
				<description>arrow image</description>
				<left>200</left>
				<top>-40</top>
				<width>16</width>
				<height>16</height>
				<texture colordiffuse="White100" flipy="true">common/arrow-small.png</texture>
			</control>
			<control type="image">
				<description>arrow image</description>
				<left>200</left>
				<top>465</top>
				<width>16</width>
				<height>16</height>
				<texture colordiffuse="White100" flipy="false">common/arrow-small.png</texture>
			</control>
		</control>
		 <control type="grouplist" id="9000">
			<height>690</height>
			<left>725</left>
			<top>400</top>				
			<onright>Dialog.Close(1120)</onright>
			<onleft>Dialog.Close(1120)</onleft>
			<control type="radiobutton" id="95">
				<textcolor>$VAR[OSDPanelWhite70]</textcolor>
				<description>Handlung</description>
				<include>DefContextButton</include>
				<label>31218</label>
				<align>left</align>
				<selected>Skin.HasSetting(musicosd.numericrating)</selected>
				<onclick>Skin.ToggleSetting(musicosd.numericrating)</onclick>					
			</control>
			<control type="radiobutton" id="96">
				<textcolor>$VAR[OSDPanelWhite70]</textcolor>
				<description>Filter</description>
				<include>DefContextButton</include>		
				<align>left</align>
				<label>37535</label>
				<selected>Skin.HasSetting(musicosd.showvideolyrics)</selected>
				<onclick>Skin.ToggleSetting(musicosd.showvideolyrics)</onclick>
				<enable>System.HasAddon(script.cu.lrclyrics)</enable>
			</control> 
			<control type="radiobutton" id="97">
				<textcolor>$VAR[OSDPanelWhite70]</textcolor>
				<description>Filter</description>
				<include>DefContextButton</include>
				<label>37548</label>
				<align>left</align>
				<selected>Skin.HasSetting(hideseekbaronlyrics)</selected>
				<onclick>Skin.ToggleSetting(hideseekbaronlyrics)</onclick>					
			</control> 
			<control type="radiobutton" id="98">
				<textcolor>$VAR[OSDPanelWhite70]</textcolor>
				<description>Filter</description>
				<include>DefContextButton</include>
				<label>21891</label>
				<align>left</align>
				<selected>Skin.HasSetting(osd.artistinfos)</selected>
				<onclick>Skin.ToggleSetting(osd.artistinfos)</onclick>
			</control>
			<control type="radiobutton" id="99">
				<textcolor>$VAR[OSDPanelWhite70]</textcolor>
				<description>Filter</description>
				<include>DefContextButton</include>
				<label>37511</label>
				<align>left</align>
				<selected>Skin.HasSetting(ShowMusicCD)</selected>
				<onclick>Skin.ToggleSetting(ShowMusicCD)</onclick>				
			</control>
			<control type="radiobutton" id="100">
				<textcolor>$VAR[OSDPanelWhite70]</textcolor>
				<description>Filter</description>
				<include>DefContextButton</include>
				<label>37510</label>
				<align>left</align>
				<selected>Skin.HasSetting(ALternativeCD)</selected>
				<onclick>Skin.ToggleSetting(ALternativeCD)</onclick>					
				<enable>Skin.HasSetting(ShowMusicCD)</enable>
			</control>      
		</control>
    </controls>
</window>
