<?xml version="1.0" encoding="UTF-8"?>
<!-- Foundation -->
<includes>
    <include name="View_504_Fanart">
        <description>List View (id=504)</description>

		<control type="group">	
			<include>Animation.Common</include>	
			<visible>Control.IsVisible(504)</visible>
			<include>JumpBarHorizontal</include>
			<include>ViewSlideForJumpBar</include> 		
			<control type="label">
				<top>180</top>
				<left>90</left>
				<description>Header Label</description>
				<textcolor>Dark1</textcolor>
				<font>SmallBold</font>
				<label fallback="19055">$INFO[ListItem.Title]</label>
			</control>	
			
			
				
			<!--
			Punkt Hintergr	&#61833;
			Haken 			&#10003;
			Flamme			&#62079;
			Uhr 			&#61968;
			Play 			&#61822;
			Offe Kr m Pfeil	&#62251;
			Kreis 			&#63346;
			
			
			-->
			
			
			
			<!--
			<control type="label">
				<top>180</top>
				<left>550</left>
				<width>100</width>
				<height>100</height>
				<align>center</align>
				<aligny>center</aligny>
				<textcolor>FF333333</textcolor>
				<font>Symbols</font>
					
				<label>&#58973;</label>
			</control>
			
			<control type="label">
				<top>180</top>
				<left>450</left>
				<width>100</width>
				<height>100</height>
				<align>center</align>
				<aligny>center</aligny>
				<textcolor>FF333333</textcolor>
				<font>SymbolTest2</font>
					
				<label>&#61833;</label>
			</control>	
			<control type="label">
				<top>180</top>
				<left>450</left>
				<width>100</width>
				<height>100</height>
				<align>center</align>
				<aligny>center</aligny>
				
				<textcolor>FFD402AA</textcolor>
				<font>SymbolTest</font>
					
				<label>&#63346;</label>
			</control>	-->
			<control type="grouplist">
				<visible>[!String.IsEqual(ListItem.Label,..)  + Container.Content(movies)] | [!String.IsEqual(ListItem.Label,..)  + Container.Content(episodes)]</visible>
				<visible>!Container.Content(seasons)</visible>
				<left>90</left>
				<top>250</top>			
				<itemgap>0</itemgap>	
				<control type="label">				
					<height>36</height>
					<font>Tiny</font>
					<textcolor>Dark2</textcolor>
					<label fallback="19055">$LOCALIZE[515]: $INFO[ListItem.Genre]</label>				
				</control>
				<control type="label">
					<width>1100</width>
					<height>36</height>
					<font>Tiny</font>
					<textcolor>Dark2</textcolor>
					<label fallback="19055">$LOCALIZE[20339]: $INFO[ListItem.Director]</label>                        
                </control>
				<control type="label">
					<width>100%</width>
					<height>36</height>
					<font>Tiny</font>
					<textcolor>Dark2</textcolor>               
					<label fallback="19055">$LOCALIZE[2050]: $INFO[ListItem.Duration(mins),, $LOCALIZE[31102]]</label>
				</control>	
			</control>	
			<control type="grouplist">
				<visible>[!String.IsEqual(ListItem.Label,..) + Container.Content(tvshows)] | [!String.IsEqual(ListItem.Label,..) + Container.Content(seasons)]</visible>			
				<left>90</left>
				<top>250</top>			
				<itemgap>0</itemgap>	
				<control type="label">	
								
					<height>36</height>
					<font>Tiny</font>
					<textcolor>Dark2</textcolor>
					<label fallback="19055">$LOCALIZE[29909]: $INFO[ListItem.Studio]</label>				
				</control>
				<control type="label">
						
					<width>1100</width>
					<height>36</height>
					<font>Tiny</font>
					<textcolor>Dark2</textcolor>
					<label>$LOCALIZE[20352]: $INFO[ListItem.Property(TotalEpisodes),, $LOCALIZE[20360]] $INFO[ListItem.Property(UnWatchedEpisodes),  •  , $LOCALIZE[16101]]</label>                        
                </control>
				<control type="label">	
								
					<height>36</height>
					<font>Tiny</font>
					<textcolor>Dark2</textcolor>
					<label fallback="19055">$LOCALIZE[563]: $INFO[ListItem.MPAA]</label>				
				</control>	
			</control>
			<control type="textbox">				
				<top>376</top>
				<bottom>17</bottom>
				<left>90</left>
				<font>Tiny</font>
				<height>145</height>
				<textcolor>Dark1</textcolor>
				<selectedcolor>Dark1</selectedcolor>
				<label>$INFO[ListItem.Plot]</label>			
				<width>1350</width>	
			</control>
			<control type="group">
				<left>90</left>
				<top>40</top>
				<width>1050</width>
				<visible>!String.IsEqual(ListItem.Label,..) </visible>
				<visible>!Skin.HasSetting(furniture.numericrating)</visible>
				<control type="image">
				<posx>0</posx>
					<width>40</width>
					<height>40</height>
					<centertop>50%</centertop>
					<texture colordiffuse="$VAR[ColorHighlight]">backg/$VAR[Flagstar1].png</texture>
				</control>
				<control type="image">
					<posx>50</posx>
					<width>40</width>
					<height>40</height>
					<centertop>50%</centertop>
					<texture colordiffuse="$VAR[ColorHighlight]">backg/$VAR[Flagstar2].png</texture>					
				</control>
				<control type="image">
					<posx>100</posx>
					<width>40</width>
					<height>40</height>
					<centertop>50%</centertop>
					<texture colordiffuse="$VAR[ColorHighlight]">backg/$VAR[Flagstar3].png</texture>					
				</control>
				<control type="image">
					<posx>150</posx>
					<width>40</width>
					<height>40</height>
					<centertop>50%</centertop>
					<texture colordiffuse="$VAR[ColorHighlight]">backg/$VAR[Flagstar4].png</texture>					
				</control>
				<control type="image">
					<posx>200</posx>
					<width>45</width>
					<height>43</height>
					<centertop>50%</centertop>
					<texture colordiffuse="$VAR[ColorHighlight]">backg/$VAR[Flagstar5].png</texture>				
				</control>				
				<control type="label">
					<left>260</left>
					<top>488</top>
					<width>450</width>
					<font>Small333</font>
					<textcolor>Dark1</textcolor>
					<label fallback="0.0">$INFO[ListItem.RatingAndVotes]</label>
					<selectedcolor>Dark1</selectedcolor>
                </control>
			</control> 
			<control type="group">
				<left>90</left>
				<top>80</top>
				<width>1050</width>
				<visible>!String.IsEqual(ListItem.Label,..) </visible>
				<visible>Skin.HasSetting(furniture.numericrating)</visible>
				<control type="image">
					<top>465</top>
					<width>40</width>
					<height>40</height>
					<centertop>50%</centertop>
					<texture colordiffuse="$VAR[ColorHighlight]">backg/$VAR[Flagstar1].png</texture>
				</control>							
				<control type="label">
					<left>50</left>
					<top>452</top>
					<width>450</width>
					<font>Small333</font>
					<textcolor>Dark1</textcolor>
					<label fallback="0.0">$INFO[ListItem.RatingAndVotes]</label>
					<selectedcolor>Dark1</selectedcolor>
                </control>
			</control> 
			<control type="group">
				
				<left>1590</left>
				<top>214</top>
				<control type="image">	
					<visible>!String.IsEqual(ListItem.Label,..)  + !String.IsEmpty(ListItem.Art(discart)) + Skin.HasSetting(discartfanart)</visible>                    <top>8</top>
                    <right>86</right>
                    <width>250</width>
                    <height>250</height>
                    <fadetime>1000</fadetime>				
                    <texture>$INFO[ListItem.Art(discart)]</texture>
					<animation type="Conditional" condition="!Container(504).OnNext + !Container(504).OnPrevious" reversible="false">                  
				   		<effect type="fade" start="0" end="100" time="50" delay="500" />                
					</animation> 
                    <animation type="Conditional" condition="!Container(504).OnNext + !Container(504).OnPrevious" reversible="false">                  
				   		<effect type="slide" start="0,0" end="-130,0" time="500" delay="1000" tween="cubic" />                
					</animation>
					<animation type="Visible" reversible="false">                  
				   		<effect type="fade" start="0" end="100" time="1500" tween="cubic" />                
					</animation>
					<animation type="Hidden" reversible="false">                  
				   		<effect type="fade" start="100" end="0" time="500" tween="cubic" />                
					</animation>
                </control>
				<control type="image">
					<left>-11</left>
					<top>-9</top>
					<right>76</right>
					<bottom>496</bottom>
					<texture border="10">common/nofocus-shadow10.png</texture>
				</control>
				<control type="image">
					<left>-1</left>
					<top>-1</top>	
					<width>245</width>
					<height>362</height>                           
					<texture colordiffuse="Box2" background="true">common/box2.png</texture>   
					<visible>!Skin.HasSetting(thumbnails.white)</visible>                        
				</control>
				<control type="image">								
					<width>243</width>
					<height>360</height>
					<fadetime>200</fadetime>
					<aspectratio aligny="center" align="center" scalediffuse="false">scale</aspectratio>
					<texture background="true">$VAR[PosterImage]</texture>		
				</control>
			
		    </control>
			<control type="list" id="504">	
				<oninfo condition="ListItem.IsCollection">ActivateWindow(1132)</oninfo>		
				<top>610</top>
				<right>SidePad</right>
				<left>80</left>				
				<visible>Container.Content(movies) | Container.Content(tvshows) | Container.Content(episodes) | Container.Content(seasons)</visible>               
                <onup condition="!Skin.HasSetting(global.kioskmode)">9000</onup>
                <ondown>1615</ondown>
                <preloaditems>0</preloaditems>
                <pagecontrol>1615</pagecontrol>
				<height>255</height>
				<orientation>horizontal</orientation>
				<viewtype label="37517">wraplist</viewtype>
				<scrolltime tween="quadratic">400</scrolltime>
				<itemlayout height="255" width="352">
					<control type="image">
                        <left>2</left>
                        <top>-1</top>
                        <right>0</right>
                        <bottom>49</bottom>
                        <texture border="10">common/nofocus-shadow10.png</texture>
                    </control>
					<control type="image">
						<left>11</left>
						<width>1</width>  
						<top>10</top>                  
                        <bottom>60</bottom>                        
						<texture colordiffuse="Box2" background="true">common/box11.png</texture>  
						<visible>!Skin.HasSetting(thumbnails.white)</visible>                        
					</control>
					<control type="image">
						<right>9</right>
						<width>1</width>  
						<top>10</top>                  
                        <bottom>60</bottom>                        
						<texture colordiffuse="Box2" background="true">common/box11.png</texture>  
						<visible>!Skin.HasSetting(thumbnails.white)</visible>                        
					</control>
					
					
					
					<control type="image">
						<right>9</right>
						<height>1</height>  
						<top>9</top>                  
                        <left>11</left>                     
						<texture colordiffuse="Box2" background="true">common/box11.png</texture>  
						<visible>!Skin.HasSetting(thumbnails.white)</visible>                        
					</control>
					<control type="image">
						<right>9</right>
						<height>1</height>  
						<left>11</left>                
                        <bottom>59</bottom>                        
						<texture colordiffuse="Box2" background="true">common/box11.png</texture>  
						<visible>!Skin.HasSetting(thumbnails.white)</visible>                        
					</control>
					
					
                    <control type="image">
                        <left>12</left>
                        <top>10</top>
                        <right>10</right>
                        <bottom>10</bottom>
						<height>185</height>
                        <aspectratio scalediffuse="false">scale</aspectratio>
                        <texture diffuse="diffuse/wall.png" background="true">$VAR[FanartImage]</texture>
                    </control>
					<control type="label">
						<top>200</top>
						<width>300</width>
						<height>50</height>
						<left>20</left>  
						<font>Small333</font>
						<textcolor>Dark1</textcolor>
						<visible>!String.IsEqual(ListItem.Label,..)</visible>
						<label>$INFO[ListItem.Label] $INFO[ListItem.Year,(,)]</label>						
					</control>
					
					<!--<control type="image">
                        <centerright>32</centerright>
                        <centertop>32</centertop>
                        <width>32</width>
                        <height>32</height>
                        <aspectratio aligny="top">keep</aspectratio>
                        <texture colordiffuse="FF333333">$VAR[WatchedBacking]</texture>
                        <visible>!String.IsEqual(ListItem.Label,..)</visible>
                    </control>-->
                    
					<control type="label">
                        <align>center</align>
                        <aligny>center</aligny>
                        <width>50</width>
						<right>7</right>
						<top>6</top>
                        <height>50</height>
                        <textcolor>$VAR[WatchedBackingColor]</textcolor>
						<font>SymbolPosterBackground</font>
                        <label>$VAR[WatchedBacking]</label>
                        <visible>!String.IsEqual(ListItem.Label,..)</visible>
                    </control>
					<control type="label">
                        <align>center</align>
                        <aligny>center</aligny>
                        <width>50</width>
						<right>7</right>
						<top>6</top>
                        <height>50</height>
                        <textcolor>$VAR[WatchedLabelPosterColor]</textcolor>
						<font>SymbolPoster</font>
                        <label>$VAR[WatchedLabelPoster]</label>
                        <visible>!String.IsEqual(ListItem.Label,..)</visible>
                    </control>
				</itemlayout>
				<focusedlayout height="255" width="352">
					 <control type="image">
                        <left>2</left>
                        <top>-1</top>
                        <right>0</right>
                        <bottom>49</bottom>
                        <texture border="10">common/nofocus-shadow10.png</texture>
                 	</control>
					<control type="image">
						<left>11</left>
						<width>1</width>  
						<top>10</top>                  
                        <bottom>60</bottom>                        
						<texture colordiffuse="Box2" background="true">common/box11.png</texture>  
						<visible>!Skin.HasSetting(thumbnails.white)</visible>                        
					</control>
					<control type="image">
						<right>9</right>
						<width>1</width>  
						<top>10</top>                  
                        <bottom>60</bottom>                        
						<texture colordiffuse="Box2" background="true">common/box11.png</texture>  
						<visible>!Skin.HasSetting(thumbnails.white)</visible>                        
					</control>
					
					
					
					<control type="image">
						<right>9</right>
						<height>1</height>  
						<top>9</top>                  
                        <left>11</left>                     
						<texture colordiffuse="Box2" background="true">common/box11.png</texture>  
						<visible>!Skin.HasSetting(thumbnails.white)</visible>                        
					</control>
					<control type="image">
						<right>9</right>
						<height>1</height>  
						<left>11</left>                
                        <bottom>59</bottom>                        
						<texture colordiffuse="Box2" background="true">common/box11.png</texture>  
						<visible>!Skin.HasSetting(thumbnails.white)</visible>                        
					</control>
                    <control type="image">
                        <left>12</left>
                        <top>10</top>
                        <right>10</right>
                        <bottom>10</bottom>
						<height>185</height>
                        <aspectratio scalediffuse="false">scale</aspectratio>
                        <texture diffuse="diffuse/wall.png" background="true">$VAR[FanartImage]</texture>
                    </control>
					<control type="label">
                        <align>center</align>
                        <aligny>center</aligny>
                        <width>50</width>
						<right>7</right>
						<top>6</top>
                        <height>50</height>
                        <textcolor>$VAR[WatchedBackingColor]</textcolor>
						<font>SymbolPosterBackground</font>
                        <label>$VAR[WatchedBacking]</label>
                        <visible>!String.IsEqual(ListItem.Label,..)</visible>
                    </control>
					<control type="label">
                        <align>center</align>
                        <aligny>center</aligny>
                        <width>50</width>
						<right>7</right>
						<top>6</top>
                        <height>50</height>
                        <textcolor>$VAR[WatchedLabelPosterColor]</textcolor>
						<font>SymbolPoster</font>
                        <label>$VAR[WatchedLabelPoster]</label>
                        <visible>!String.IsEqual(ListItem.Label,..)</visible>
                    </control>
					<control type="image">
                        <left>5</left>
                        <top>2</top>
                        <right>2</right>
                        <bottom>52</bottom>
                        <texture colordiffuse="$VAR[ColorHighlight]" border="20">common/selectbox.png</texture>
                        <animation type="Focus">
                            <effect type="zoom" start="90" end="100" time="150" tween="sine" easing="inout" center="auto" />
                            <effect type="fade" start="0" end="100" time="150" tween="sine" easing="in" />
                        </animation>
                        <animation type="Unfocus">
                            <effect type="zoom" start="100" end="90" time="150" tween="sine" easing="inout" center="auto" />
                            <effect type="fade" start="100" end="0" time="150" tween="sine" easing="out" />
                        </animation>
                    </control>
					<control type="label">
						<top>200</top>
						<width>300</width>
						<height>50</height>
						<left>20</left>  
						<font>Small333</font>
						<scroll>false</scroll>
						<textcolor>Dark1</textcolor>
						<visible>!String.IsEqual(ListItem.Label,..)</visible>
						<label>$INFO[ListItem.Label] ($INFO[ListItem.Year])</label>
					</control>
				</focusedlayout>
			</control>
			<!--<control type="scrollbar" id="1615">
				<onback>50</onback>
				<left>90</left>
				<width>1745</width>
				<bottom>210</bottom>
				<orientation>horizontal</orientation>
				<height>8</height>
				<onup>50</onup>
				<ondown condition="!Skin.HasSetting(global.kioskmode)">290000</ondown>
				<texturesliderbackground border="4" colordiffuse="Dark4">scrollbar/scrollv.png</texturesliderbackground>
       			<texturesliderbar border="4" colordiffuse="Dark2">scrollbar/scrollv.png</texturesliderbar>
        		<texturesliderbarfocus border="4" colordiffuse="Dark1">scrollbar/scrollv.png</texturesliderbarfocus>
				<animation effect="fade" start="100" end="23" time="400" condition="!Control.HasFocus(1615) + !Container.Scrolling">Conditional</animation>
			</control>-->
			
			<control type="scrollbar" id="1615">
				<include content="scrollbar_hor">
					<param name="scrollid" value="1615" />
				</include>
			</control>
			
			
			
			
			<control type="image">
				<!--<visible>Control.HasFocus(504) + !Container(504).OnPrevious</visible>-->
				<include>Animation.DelayFadeIn</include>
				<top>710</top>
				<left>66</left>
				<width>16</width>
				<height>16</height>
				<texture colordiffuse="Dark1" flipx="true">common/arrow-small-right.png</texture>
				<animation effect="zoom" center="auto" pulse="true" start="100" end="170" time="200" delay="2000" condition="String.IsEqual(ListItem.Label,..)">Conditional</animation>
			</control>
			
			<!--<control type="image">
				<visible>Control.HasFocus(504) + !Container(504).OnNext</visible>
				<include>Animation.DelayFadeIn</include>
				<top>740</top>			
				<left>1838</left>
				<width>16</width>
				<height>16</height>
				<texture colordiffuse="Dark1">common/arrow-small-right.png</texture>
			</control>-->
			
			<control type="image">
				<!--<visible>Control.HasFocus(504) + !Container(504).OnNext</visible>-->
				<include>Animation.DelayFadeIn</include>
				<top>710</top>			
				<left>1843</left>
				<width>16</width>
				<height>16</height>
				<texture colordiffuse="Dark1">common/arrow-small-right.png</texture>
				<animation effect="zoom" center="auto" pulse="true" start="100" end="170" time="200" delay="2000" condition="String.IsEqual(ListItem.Label,..)">Conditional</animation>
			</control>
			
		</control>

		
		
		
		
				
    </include>
</includes>
