<?xml version="1.0" encoding="UTF-8"?>
<!-- Foundation -->
<window type="dialog" id="1110">
    <zorder>1</zorder>
	<defaultcontrol always="true">9000</defaultcontrol>
    <controls>
		<include>GlobalOverlay</include>
		<include>Animation.Common</include>
		<control type="image">
			<left>716</left>
    		<top>450</top>	
			<width>468</width>
			<height>260</height>
			<colordiffuse>$VAR[OSDPanel]</colordiffuse>
			<texture border="16">common/rounded-shadow8.png</texture>
		</control>
		<control type="group">
			<height>490</height>
			<left>732</left>
			<top>350</top>
			<control type="image">
				<description>arrow image</description>
				<left>200</left>
				<top>80</top>
				<width>16</width>
				<height>16</height>
				<texture colordiffuse="White70" flipy="true">common/arrow-small.png</texture>
			</control>
			<control type="image">
				<description>arrow image</description>
				<left>200</left>
				<top>360</top>
				<width>16</width>
				<height>16</height>
				<texture colordiffuse="White70" flipy="false">common/arrow-small.png</texture>
			</control>
		</control>
		 <control type="grouplist" id="9000">
                <height>1080</height>
                <left>725</left>
    			<top>470</top> 
                <control type="button" id="97">
                    <textcolor>$VAR[OSDPanelWhite70]</textcolor>
                    <description>Filter</description>
                    <include>DefContextButton</include>
                    <label>$LOCALIZE[250]:</label>
					<label2 fallback="424">$INFO[Visualisation.Name]</label2>
                    <align>left</align>                   
                    <onclick>SendClick(500)</onclick>
					<onright>Dialog.Close(1110)</onright>
					<onleft>Dialog.Close(1110)</onleft>	
					<visible>!String.IsEmpty(Visualisation.Name)</visible>		
                </control>
				<control type="button" id="98">
                    <textcolor>$VAR[OSDPanelWhite70]</textcolor>
                    <description>Filter</description>
                    <include>DefContextButton</include>
                    <label>$LOCALIZE[250]:</label>
					<label2>424</label2>
                    <align>left</align>                   
                    <onclick>SendClick(500)</onclick>
					<onright>Dialog.Close(1110)</onright>
					<onleft>Dialog.Close(1110)</onleft>	
					<visible>String.IsEmpty(Visualisation.Name)</visible>		
                </control>
				<control type="button" id="99">
                    <textcolor>$VAR[OSDPanelWhite70]</textcolor>
                    <description>Filter</description>
                    <include>DefContextButton</include>
                    <label>$LOCALIZE[24010]-$LOCALIZE[5]</label>
                    <align>left</align>                   
                    <onclick>Addon.Default.OpenSettings(xbmc.player.musicviz)</onclick>
					<onright>Dialog.Close(1110)</onright>
					<onleft>Dialog.Close(1110)</onleft>	
					<enable>!String.IsEmpty(Visualisation.Name)</enable>		
                </control>			
				<control type="button" id="100">
                    <textcolor>$VAR[OSDPanelWhite70]</textcolor>
                    <description>Filter</description>
                    <include>DefContextButton</include>
                    <align>left</align>
                    <label>Presents</label>
					<onclick>ActivateWindow(visualisationpresetlist)</onclick>
					<onright>Dialog.Close(1110)</onright>
					<onleft>Dialog.Close(1110)</onleft>	
					<enable>Visualisation.HasPresets</enable>		
                </control>
            </control>
    </controls>
</window>
