<?xml version="1.0" encoding="UTF-8"?>
<template>
    <other include="widget-classic">
        <property name="content" tag="property" attribute="name|widgetPath" />
        <property name="content">$VAR[DefWidgetContent]</property>
        <property name="target" tag="property" attribute="name|widgetTarget" />
		<property name="sortby" tag="property" attribute="name|widgetSortby" />
		<property name="sort" tag="property" attribute="name|widgetSort" />
        <property name="aspectratio" tag="property" attribute="name|widgetAspectRatio" />
        <property name="aspectratio">keep</property> 
        <controls>
            <control type="list" id="301">
                <skinshortcuts>visibility</skinshortcuts>
                <description>Plugin Content Widget</description>
                <left>70</left>
                <right>70</right>
                <top>20</top>
                <bottom>20</bottom>
                <oninfo condition="IsEmpty(Container(301).ListItem.TvShowTitle) + IsEmpty(Container(301).ListItem.Artist)">RunScript(script.extendedinfo,info=extendedinfo,name=$INFO[Container(301).ListItem.Title],imdb_id=$INFO[Container(301).ListItem.IMDBNumber])</oninfo>
                <oninfo condition="!IsEmpty(Container(301).ListItem.TvShowTitle)">RunScript(script.extendedinfo,info=extendedtvinfo,name=$INFO[Container(301).ListItem.TvShowTitle],imdb_id=$INFO[Container(301).ListItem.IMDBNumber])</oninfo>
                <onup condition="IsEmpty(Container(300).ListItem.Property(widget))">303</onup>
                <onup condition="!IsEmpty(Container(300).ListItem.Property(widget))">300</onup>
                <!--<onfocus condition="String.Contains(Container(300).ListItem.Property(widget),gto) | String.Contains(Container(300).ListItem.Property(widget),RandomActors)">SetFocus(4752)</onfocus>-->
                <ondown>300</ondown>
                <onback>300</onback>
                <onleft>301</onleft>
                <onright>301</onright>
                <preloaditems>2</preloaditems>
                <orientation>horizontal</orientation>
                <autoscroll time="10000">!Control.HasFocus(301) + !Control.HasFocus(4752)</autoscroll>
                <scrolltime tween="quadratic">400</scrolltime>
                <itemlayout width="178" height="257" condition="!String.IsEqual(Container(300).ListItem.Property(widgetaspect),Square) + ![String.IsEqual(Container(300).ListItem.Property(widgetaspect),Fanart) | String.IsEqual(Container(300).ListItem.Property(widgetaspect),Thumbnail)] + !String.Contains(Container(300).ListItem.Property(widget),system)">
                    <control type="image">
						<left>9</left>
						<top>9</top>
						<right>9</right>
						<bottom>9</bottom>                         
						<texture colordiffuse="BoxWidget" border="4" background="true">common/box21.png</texture>   
						<visible>!Skin.HasSetting(thumbnails.white)</visible>                        
					</control>
					<control type="image">
                        <left>10</left>
                        <right>10</right>
                        <bottom>10</bottom>
                        <top>10</top>
                        <aspectratio scalediffuse="false">scale</aspectratio>
                        <texture diffuse="diffuse/wall-fanart.png" fallback="DefaultAddonNone.png" background="true">$VAR[PosterImage]</texture>
                    </control>
                </itemlayout>
                <focusedlayout width="178" height="257" condition="!String.IsEqual(Container(300).ListItem.Property(widgetaspect),Square) + ![String.IsEqual(Container(300).ListItem.Property(widgetaspect),Fanart) | String.IsEqual(Container(300).ListItem.Property(widgetaspect),Thumbnail)] + !String.Contains(Container(300).ListItem.Property(widget),system)">
                    <control type="image">
						<left>9</left>
						<top>9</top>
						<right>9</right>
						<bottom>9</bottom>                         
						<texture colordiffuse="BoxWidget" border="4" background="true">common/box21.png</texture>    
						<visible>!Skin.HasSetting(thumbnails.white)</visible>                        
					</control>
					<control type="image">
                        <left>10</left>
                        <right>10</right>
                        <bottom>10</bottom>
                        <top>10</top>
                        <aspectratio scalediffuse="false">scale</aspectratio>
                        <texture diffuse="diffuse/wall.png" fallback="DefaultAddonNone.png" background="true">$VAR[PosterImage]</texture>
                    </control>
                    <include content="Def_Selectbox">
                        <param name="FocusId" value="301" />
                    </include>                  
                </focusedlayout>
                <itemlayout width="254" height="257" condition="String.IsEqual(Container(300).ListItem.Property(widgetaspect),Square) | String.Contains(Container(300).ListItem.Property(widget),system)">
                    <control type="image">
						<left>8</left>
						<top>9</top>
						<right>7</right>
						<bottom>9</bottom>                         
						<texture colordiffuse="BoxWidget" border="4" background="true">common/box21.png</texture>   
						<visible>!Skin.HasSetting(thumbnails.white)</visible>                        
					</control>
					<!--<control type="image">
						<left>9</left>
						<top>10</top>
						<right>8</right>
						<bottom>10</bottom>                         
						<texture colordiffuse="Light1" background="true">common/white.png</texture>   
						<visible>!Skin.HasSetting(thumbnails.white)</visible>                        
					</control>-->
					<control type="image">
                        <centerleft>50%</centerleft>
                        <width>237</width>
                        <bottom>10</bottom>
                        <top>10</top>
                        <aspectratio scalediffuse="false">$SKINSHORTCUTS[aspectratio]</aspectratio>
                        <texture diffuse="diffuse/wall.png" fallback="DefaultAddonNone.png" background="true">$VAR[PosterImage]</texture>
                    </control>
                </itemlayout>
                <focusedlayout width="254" height="257" condition="String.IsEqual(Container(300).ListItem.Property(widgetaspect),Square) | String.Contains(Container(300).ListItem.Property(widget),system)">
                    <control type="image">
						<left>8</left>
						<top>9</top>
						<right>7</right>
						<bottom>9</bottom>                         
						<texture colordiffuse="BoxWidget" border="4" background="true">common/box21.png</texture>    
						<visible>!Skin.HasSetting(thumbnails.white)</visible>                        
					</control>
					<control type="image">
                        <centerleft>50%</centerleft>
                        <width>237</width>
                        <bottom>10</bottom>
                        <top>10</top>
                        <aspectratio scalediffuse="false">$SKINSHORTCUTS[aspectratio]</aspectratio>
                        <texture diffuse="diffuse/wall.png" fallback="DefaultAddonNone.png" background="true">$VAR[PosterImage]</texture>
                    </control>                    
                    <include content="Def_Selectbox">
                        <param name="FocusId" value="301" />
                    </include>
                </focusedlayout>
                <itemlayout width="445" height="257" condition="[String.IsEqual(Container(300).ListItem.Property(widgetaspect),Fanart) | String.IsEqual(Container(300).ListItem.Property(widgetaspect),Thumbnail)] + !String.Contains(Container(300).ListItem.Property(widget),system)">
                    <control type="image">
						<left>9</left>
						<top>9</top>
						<right>9</right>
						<bottom>9</bottom>                         
						<texture colordiffuse="BoxWidget" border="4" background="true">common/box21.png</texture>    
						<visible>!Skin.HasSetting(thumbnails.white)</visible>                        
					</control>
					<control type="image">
                        <centerleft>50%</centerleft>
                        <width>425</width>
                        <bottom>10</bottom>
                        <top>10</top>
                        <aspectratio scalediffuse="false">scale</aspectratio>
                        <texture diffuse="diffuse/wall-fanart.png" fallback="DefaultAddonNone.png" background="true">$VAR[WidgetThumbImage]</texture>
                    </control>
                </itemlayout>
                <focusedlayout width="445" height="257" condition="[String.IsEqual(Container(300).ListItem.Property(widgetaspect),Fanart) | String.IsEqual(Container(300).ListItem.Property(widgetaspect),Thumbnail)] + !String.Contains(Container(300).ListItem.Property(widget),system)">
                    <control type="image">
						<left>9</left>
						<top>9</top>
						<right>9</right>
						<bottom>9</bottom>                         
						<texture colordiffuse="BoxWidget" border="4" background="true">common/box21.png</texture>    
						<visible>!Skin.HasSetting(thumbnails.white)</visible>                        
					</control>
					<control type="image">
                        <centerleft>50%</centerleft>
                        <width>425</width>
                        <bottom>10</bottom>
                        <top>10</top>
                        <aspectratio scalediffuse="false">scale</aspectratio>
                        <texture diffuse="diffuse/wall-fanart.png" fallback="DefaultAddonNone.png" background="true">$VAR[WidgetThumbImage]</texture>
                    </control>
                    <include content="Def_Selectbox">
                        <param name="FocusId" value="301" />
                    </include>
                </focusedlayout>                           
                <content limit="$VAR[DefWidgetLimit]" target="$SKINSHORTCUTS[target]" sortby="$SKINSHORTCUTS[sortby]" sortorder="$SKINSHORTCUTS[sort]">$SKINSHORTCUTS[content]</content>
            </control>
        </controls>
    </other>
    <other include="widget-featured">
        <property name="content" tag="property" attribute="name|widgetPath" />
        <property name="content">$VAR[DefWidgetContent]</property>
        <property name="target" tag="property" attribute="name|widgetTarget" />
		<property name="sortby" tag="property" attribute="name|widgetSortby" />
		<property name="sort" tag="property" attribute="name|widgetSort" />
        <controls>
			<control type="wraplist" id="301">               
                <skinshortcuts>visibility</skinshortcuts>
                <description>Widget</description>
                <width>1</width>
                <height>1</height>
                <oninfo condition="IsEmpty(Container(301).ListItem.TvShowTitle) + IsEmpty(Container(301).ListItem.Artist)">RunScript(script.extendedinfo,info=extendedinfo,name=$INFO[Container(301).ListItem.Title],imdb_id=$INFO[Container(301).ListItem.IMDBNumber])</oninfo>
                <oninfo condition="!IsEmpty(Container(301).ListItem.TvShowTitle)">RunScript(script.extendedinfo,info=extendedtvinfo,name=$INFO[Container(301).ListItem.TvShowTitle],imdb_id=$INFO[Container(301).ListItem.IMDBNumber])</oninfo>
                <onup condition="IsEmpty(Container(300).ListItem.Property(widget))">303</onup>
                <onup condition="!IsEmpty(Container(300).ListItem.Property(widget))">300</onup>
                <ondown>300</ondown>
                <!--<onfocus condition="String.Contains(Container(300).ListItem.Property(widget),gto) | String.Contains(Container(300).ListItem.Property(widget),RandomActors)">SetFocus(4752)</onfocus>-->
                <onback>300</onback>
                <onleft>301</onleft>
                <onright>301</onright>
                <preloaditems>2</preloaditems>
                <orientation>horizontal</orientation>
                <autoscroll time="10000">!Control.HasFocus(301) + !Control.HasFocus(4752)</autoscroll>
                <scrolltime tween="quadratic">0</scrolltime>
                <include>Animation.FadeIn</include>
                <include>Animation.FadeOut</include>
                <itemlayout width="1" height="1">
                </itemlayout>
                <focusedlayout width="1" height="1">
                </focusedlayout>
                <content limit="$VAR[DefWidgetLimit]" target="$SKINSHORTCUTS[target]" sortby="$SKINSHORTCUTS[sortby]" sortorder="$SKINSHORTCUTS[sort]">$SKINSHORTCUTS[content]</content>
            </control>
        </controls>
    </other> 
    
    <!-- Widget InfoSub -->
    <other include="widget-infosub">
        <property name="id" tag="mainmenuid" />    
        <controls>            
            <control type="group">
                <skinshortcuts>visibility</skinshortcuts>
                <include content="InfoSub">
                    <param name="id" value="301$SKINSHORTCUTS[id]1" />
                </include>
            </control>
        </controls>
    </other>
    
    <!-- Widget InfoSub Hidden List for Sets -->
    <other include="widget-infosublist">
        <property name="id" tag="mainmenuid" />    
        <controls>            
            <control type="group">                
                <skinshortcuts>visibility</skinshortcuts>
                <control type="list" id="5301$SKINSHORTCUTS[id]1"> 
                    <visible>Integer.IsEqual(Container(301).NumItems,1) + String.IsEqual(Container(301$SKINSHORTCUTS[id]1).ListItem.DBType,set)</visible>             
                    <top>-3000</top>
                    <left>-3000</left>
                    <width>1</width>
                    <height>1</height>
                    <itemlayout/>
                    <focusedlayout/>
                    <content>videodb://movies/sets/$INFO[Container(301$SKINSHORTCUTS[id]1).ListItem.DBID]/?setid=$INFO[Container(301$SKINSHORTCUTS[id]1).ListItem.DBID]</content>            
                </control> 
                <control type="list" id="6301$SKINSHORTCUTS[id]1">
                    <visible>Integer.IsEqual(Container(301).NumItems,1) + String.IsEqual(Container(301$SKINSHORTCUTS[id]1).ListItem.DBType,album)</visible>
                    <top>-3000</top>
                    <left>-3000</left>
                    <width>1</width>
                    <height>1</height>
                    <itemlayout/>
                    <focusedlayout/>
                    <content>$INFO[Container(301$SKINSHORTCUTS[id]1).ListItem.FolderPath]</content>            
                </control>
            </control>
        </controls>
    </other>
    
    <!-- Widget InfoSub ClearArt -->
    <other include="widget-infosubclearart">
        <property name="id" tag="mainmenuid" />              
        <controls>            
            <control type="group">
                <skinshortcuts>visibility</skinshortcuts>
                <include content="ClearArtInfoSub">
                    <param name="id" value="301$SKINSHORTCUTS[id]1" />
                </include>
            </control>
        </controls>
    </other> 
    
    <!-- Widget for Systeminfo -->
    <other include="SystemInfoContent">
        <controls>
		    <item>
			    <label>$LOCALIZE[705]</label>
			    <label2>$INFO[Network.LinkState]</label2>
			    <icon>special://skin/extras/icons/networkinfo.png</icon>
			    <property name="Label3">$INFO[Network.IPAddress,IP: ]</property>
			    <visible>!String.IsEmpty(Network.IPAddress)</visible>
			    <onclick>ActivateWindow(systeminfo)</onclick>
		    </item>
		    <item>
			    <label>$LOCALIZE[705]</label>
			    <label2>$INFO[Network.LinkState]</label2>
			    <icon>special://skin/extras/icons/network.png</icon>
			    <property name="Label3">$INFO[Network.IPAddress,IP: ]</property>
			    <visible>String.IsEmpty(Network.IPAddress)</visible>
			    <onclick>ActivateWindow(systeminfo)</onclick>
		    </item>
		    <item>
			    <label>$LOCALIZE[13280]</label>
			    <label2>$INFO[System.ScreenWidth]x$INFO[System.ScreenHeight]</label2>
			    <icon>special://skin/extras/icons/graphicinfo.png</icon>
			    <property name="Label3">$INFO[System.fps,, FPS]</property>
			    <onclick>ActivateWindow(systeminfo)</onclick>
		    </item>
		    <item>
			    <label>CPU</label>
			    <label2>$INFO[System.CPUUsage(used.percent)]</label2>
			    <icon>special://skin/extras/icons/sysinfo.png</icon>
			    <property name="Label3">$INFO[System.CpuFrequency]</property>
                <property name="Label4">cpu</property>
			    <onclick>ActivateWindow(systeminfo)</onclick>
		    </item>
		    <item>
			    <label>$LOCALIZE[37869]</label>
			    <label2>$INFO[System.Memory(used.percent)] $LOCALIZE[20162]</label2>
			    <icon>special://skin/extras/icons/raminfo.png</icon>
			    <property name="Label3">$INFO[System.Memory(total)] $LOCALIZE[20161]</property>
                <property name="Label4">ram</property>
			    <onclick>ActivateWindow(systeminfo)</onclick>
		    </item>
            <item>
			    <label>$LOCALIZE[154]</label>
			    <label2>$INFO[System.UsedSpacePercent]</label2>
			    <icon>special://skin/extras/icons/storageinfo.png</icon>
			    <property name="Label3">$INFO[System.TotalSpace]</property>
                <property name="Label4">storage</property>
			    <onclick>ActivateWindow(systeminfo)</onclick>
		    </item>
            <item>
			    <label>$LOCALIZE[14204]</label>
			    <label2>$INFO[Pvr.BackendName]</label2>
			    <icon>special://skin/extras/icons/pvrinfo.png</icon>
			    <property name="Label3">$INFO[Pvr.BackendChannels] $LOCALIZE[19019]</property>
			    <visible>PVR.HasTVChannels</visible>
			    <onclick>ActivateWindow(systeminfo)</onclick>
		    </item>
            <item>
			    <label>$LOCALIZE[20342] &amp; $LOCALIZE[20343]</label>
			    <label2>$INFO[Window(home).Property(Movies.Count)] $LOCALIZE[20342]</label2>
			    <icon>special://skin/extras/icons/tv.png</icon>
			    <property name="Label3">$INFO[Window(home).Property(TVShows.Count)] $LOCALIZE[20343]</property>
			    <visible>Library.HasContent(Movies) | Library.HasContent(TVShows)</visible>
                <onclick>ActivateWindow(systeminfo)</onclick>                
		    </item>
            <item>
			    <label>$LOCALIZE[132] &amp; $LOCALIZE[134]</label>
			    <label2>$INFO[Window(home).Property(Music.AlbumsCount)] $LOCALIZE[132]</label2>
			    <icon>special://skin/extras/icons/songs.png</icon>
			    <property name="Label3">$INFO[Window(home).Property(Music.SongsCount)] $LOCALIZE[134]</property>
			    <visible>Library.HasContent(Music)</visible>
                <onclick>ActivateWindow(systeminfo)</onclick>                
		    </item>
		    <item>
			    <label>$LOCALIZE[19114]</label>
			    <label2>$INFO[System.BuildVersion]</label2>
			    <icon>special://skin/extras/icons/kodi.png</icon>
			    <property name="Label3">$INFO[System.BuildDate]</property>
			    <onclick>ActivateWindow(systeminfo)</onclick>
		    </item>
        </controls>
	</other>   
    
    <!-- Widget 1 -->
    <other include="widget-vertical.1">
        <property name="id" tag="mainmenuid" />
        <property name="weathercontent" tag="property" attribute="name|widgetPath" value="weatherdaily">weatherdaily</property>
        <property name="weathercontent" tag="property" attribute="name|widgetPath" value="weatherhourly">weatherhourly</property>
        <property name="normallayout" tag="property" attribute="name|widgetPath" value="weatherdaily">false</property>
        <property name="normallayout" tag="property" attribute="name|widgetPath" value="weatherhourly">false</property>
        <property name="normallayout" tag="property" attribute="name|widgetTarget" value="system">false</property>
        <property name="normallayout">true</property>        
        <property name="systemlayout" tag="property" attribute="name|widgetTarget" value="system">true</property>
        <property name="systemlayout">false</property>        
        <property name="weatherlayout" tag="property" attribute="name|widgetPath" value="weatherdaily">true</property>
        <property name="weatherlayout" tag="property" attribute="name|widgetPath" value="weatherhourly">true</property>
        <property name="weatherlayout">false</property>
        <property name="content" tag="property" attribute="name|widgetPath" />
        <property name="content">$VAR[DefWidgetContent]</property>
        <property name="target" tag="property" attribute="name|widgetTarget" />
		<property name="sortby" tag="property" attribute="name|widgetSortby" />
		<property name="sort" tag="property" attribute="name|widgetSort" />
        <property name="banner" tag="property" attribute="name|widgetBanner" />
        <property name="mainmenuid" tag="property" attribute="name|mainmenuid" />
        <property name="widgetauto" tag="property" attribute="name|widgetAuto" value="$NUMBER[5000]">5000</property>
        <property name="widgetauto" tag="property" attribute="name|widgetAuto" value="$NUMBER[7000]">7000</property>
        <property name="widgetauto" tag="property" attribute="name|widgetAuto" value="$NUMBER[10000]">10000</property>
        <property name="widgetauto" tag="property" attribute="name|widgetAuto" value="$NUMBER[15000]">15000</property>
        <property name="widgetauto" tag="property" attribute="name|widgetAuto" value="$NUMBER[20000]">20000</property>
        <property name="widgetauto" tag="property" attribute="name|widgetAuto" value="$NUMBER[25000]">25000</property>
        <property name="widgetlisttype" tag="property" attribute="name|widgetListType" />
        <property name="widgetlisttype">fixedlist</property> 
        <property name="widgetclearlogothumb" tag="property" attribute="name|widgetClearLogoThumb" value="yes">true</property>
        <property name="widgetclearlogothumb" tag="property" attribute="name|widgetClearLogoThumb" value="no">false</property>
        <property name="widgetclearlogothumb">true</property> 
        <property name="aspectratio" tag="property" attribute="name|widgetAspectRatio" />
        <property name="aspectratio">keep</property>       
        <controls>            
            <control type="group" id="301$SKINSHORTCUTS[id]21"> 
                <control type="grouplist">                    
                    <visible>Integer.IsGreater(Container(301$SKINSHORTCUTS[id]1).NumItems,0) | Container(301$SKINSHORTCUTS[id]1).IsUpdating</visible>
                    <skinshortcuts>visibility</skinshortcuts>            
                    <include content="widget.title.label">
                        <param name="focusid" value="301$SKINSHORTCUTS[id]1" /> 
                        <param name="condition" value="!String.Contains(Container(300).ListItem.Property(widget),Weather)" /> 
                        <param name="idshort" value="1" />                      
                    </include>                             
                </control>
            </control>  
            <control type="$SKINSHORTCUTS[widgetlisttype]" id="301$SKINSHORTCUTS[id]1">                                
                <visible>Integer.IsGreater(Container(301$SKINSHORTCUTS[id]1).NumItems,0) | Container(301$SKINSHORTCUTS[id]1).IsUpdating</visible>
                <skinshortcuts>visibility</skinshortcuts>                                         
                <include content="DefMultiWidgetContainer">
                    <param name="id" value="301$SKINSHORTCUTS[id]1" />
                    <param name="shortcutsidshort" value="" />
                    <param name="idshort" value="$SKINSHORTCUTS[id]" />
                    <param name="backid" value="301$SKINSHORTCUTS[id]1" />
                    <param name="AutoTime" value="$SKINSHORTCUTS[widgetauto]" />
                    <param name="AutoScrollCondition" value="!Control.HasFocus(301$SKINSHORTCUTS[id]1) + !Control.HasFocus(4752) + !String.IsEmpty(Container(300).ListItem.Property(widgetAuto)) + !String.IsEqual(Container(300).ListItem.Property(widgetListType),list) + System.IdleTime(1)" />
                </include> 
                
                <!-- ItemLayouts -->             
                <include content="TemplateNormalItemLayout" condition="$SKINSHORTCUTS[normallayout]">
                    <param name="shortcutsid" value="301$SKINSHORTCUTS[id]1" />
                    <param name="shortcutsidshort" value="" />
                    <param name="shortcutsclearlogo" value="$SKINSHORTCUTS[widgetclearlogothumb]" />
                    <param name="aspectratio" value="$SKINSHORTCUTS[aspectratio]" />
                </include>
                <include content="TemplateWeatherItemLayout" condition="$SKINSHORTCUTS[weatherlayout]">
                    <param name="shortcutsid" value="301$SKINSHORTCUTS[id]1" />
                    <param name="shortcutsidshort" value="" />
                    <param name="shortcutsclearlogo" value="$SKINSHORTCUTS[widgetclearlogothumb]" />
                </include>
                <include content="TemplateSystemItemLayout" condition="$SKINSHORTCUTS[systemlayout]">
                    <param name="shortcutsid" value="301$SKINSHORTCUTS[id]1" />
                    <param name="shortcutsidshort" value="" />
                    <param name="shortcutsclearlogo" value="$SKINSHORTCUTS[widgetclearlogothumb]" />
                </include>
                
                <!-- FocusLayouts -->
                <include content="TemplateNormalFocusLayout" condition="$SKINSHORTCUTS[normallayout]">
                    <param name="shortcutsid" value="301$SKINSHORTCUTS[id]1" />
                    <param name="shortcutsidshort" value="" />
                    <param name="shortcutsclearlogo" value="$SKINSHORTCUTS[widgetclearlogothumb]" />
                    <param name="aspectratio" value="$SKINSHORTCUTS[aspectratio]" />
                </include>
                <include content="TemplateWeatherFocusLayout" condition="$SKINSHORTCUTS[weatherlayout]">
                    <param name="shortcutsid" value="301$SKINSHORTCUTS[id]1" />
                    <param name="shortcutsidshort" value="" />
                    <param name="shortcutsclearlogo" value="$SKINSHORTCUTS[widgetclearlogothumb]" />
                </include>
                <include content="TemplateSystemFocusLayout" condition="$SKINSHORTCUTS[systemlayout]">
                    <param name="shortcutsid" value="301$SKINSHORTCUTS[id]1" />
                    <param name="shortcutsidshort" value="" />
                    <param name="shortcutsclearlogo" value="$SKINSHORTCUTS[widgetclearlogothumb]" />
                </include>
                <content limit="$VAR[DefWidgetLimit]" target="$SKINSHORTCUTS[target]" sortby="$SKINSHORTCUTS[sortby]" sortorder="$SKINSHORTCUTS[sort]">$SKINSHORTCUTS[content]</content>
                <content>
                    <include>$SKINSHORTCUTS[weathercontent]</include>                          
                </content> 
            </control>
        </controls>
    </other>

    <!-- Widget 2 -->
    <other include="widget-vertical.2">
        <property name="id" tag="mainmenuid" />
        <property name="weathercontent" tag="property" attribute="name|widgetPath.2" value="weatherdaily">weatherdaily</property>
        <property name="weathercontent" tag="property" attribute="name|widgetPath.2" value="weatherhourly">weatherhourly</property>        
        <property name="normallayout" tag="property" attribute="name|widgetPath.2" value="weatherdaily">false</property>
        <property name="normallayout" tag="property" attribute="name|widgetPath.2" value="weatherhourly">false</property>
        <property name="normallayout" tag="property" attribute="name|widgetTarget.2" value="system">false</property>
        <property name="normallayout">true</property>        
        <property name="systemlayout" tag="property" attribute="name|widgetTarget.2" value="system">true</property>
        <property name="systemlayout">false</property>        
        <property name="weatherlayout" tag="property" attribute="name|widgetPath.2" value="weatherdaily">true</property>
        <property name="weatherlayout" tag="property" attribute="name|widgetPath.2" value="weatherhourly">true</property>
        <property name="weatherlayout">false</property>        
        <property name="content" tag="property" attribute="name|widgetPath.2" />
        <property name="content">$VAR[DefWidgetContent]</property>
        <property name="target" tag="property" attribute="name|widgetTarget.2" />
		<property name="sortby" tag="property" attribute="name|widgetSortby.2" />
		<property name="sort" tag="property" attribute="name|widgetSort.2" />
        <property name="banner" tag="property" attribute="name|widgetBanner.2" />
        <property name="enable" tag="property" attribute="name|widgetEnable.2" />
        <property name="widgetauto" tag="property" attribute="name|widgetAuto.2" value="$NUMBER[5000]">5000</property>
        <property name="widgetauto" tag="property" attribute="name|widgetAuto.2" value="$NUMBER[7000]">7000</property>
        <property name="widgetauto" tag="property" attribute="name|widgetAuto.2" value="$NUMBER[10000]">10000</property>
        <property name="widgetauto" tag="property" attribute="name|widgetAuto.2" value="$NUMBER[15000]">15000</property>
        <property name="widgetauto" tag="property" attribute="name|widgetAuto.2" value="$NUMBER[20000]">20000</property>
        <property name="widgetauto" tag="property" attribute="name|widgetAuto.2" value="$NUMBER[25000]">25000</property>
        <property name="widgetlisttype" tag="property" attribute="name|widgetListType" />
        <property name="widgetlisttype">fixedlist</property>
        <property name="widgetclearlogothumb" tag="property" attribute="name|widgetClearLogoThumb.2" value="yes">true</property>
        <property name="widgetclearlogothumb" tag="property" attribute="name|widgetClearLogoThumb.2" value="no">false</property>
        <property name="widgetclearlogothumb">true</property>
        <property name="aspectratio" tag="property" attribute="name|widgetAspectRatio.2" />
        <property name="aspectratio">keep</property> 
        <controls>
            <control type="group" id="301$SKINSHORTCUTS[id]22">            
                <control type="grouplist">                
                    <visible>String.Contains(Container(300).ListItem.Property(widgetEnable.2),yes)</visible>
                    <visible>Integer.IsGreater(Container(301$SKINSHORTCUTS[id]2).NumItems,0) | Container(301$SKINSHORTCUTS[id]2).IsUpdating</visible>
                    <skinshortcuts>visibility</skinshortcuts>
                    <include content="widget.title.label">
                        <param name="focusid" value="301$SKINSHORTCUTS[id]2" /> 
                        <param name="condition" value="!String.Contains(Container(300).ListItem.Property(widget.2),Weather)" /> 
                        <param name="idshort" value="2" />                      
                    </include>               
                </control>
            </control>
            <control type="$SKINSHORTCUTS[widgetlisttype]" id="301$SKINSHORTCUTS[id]2">                
                <skinshortcuts>visibility</skinshortcuts>
                <visible>String.Contains(Container(300).ListItem.Property(widgetEnable.2),yes)</visible>
                <visible>Integer.IsGreater(Container(301$SKINSHORTCUTS[id]2).NumItems,0) | Container(301$SKINSHORTCUTS[id]2).IsUpdating</visible>                            
                <include content="DefMultiWidgetContainer">
                    <param name="id" value="301$SKINSHORTCUTS[id]2" />
                    <param name="shortcutsidshort" value=".2" />
                    <param name="idshort" value="$SKINSHORTCUTS[id]" />
                    <param name="backid" value="301$SKINSHORTCUTS[id]1" />
                    <param name="AutoTime" value="$SKINSHORTCUTS[widgetauto]" />
                    <param name="AutoScrollCondition" value="!Control.HasFocus(301$SKINSHORTCUTS[id]2) + !Control.HasFocus(4752) + !String.IsEmpty(Container(300).ListItem.Property(widgetAuto.2)) + !String.IsEqual(Container(300).ListItem.Property(widgetListType),list) + System.IdleTime(1)" />
                </include> 
                                
                <!-- ItemLayouts -->             
                <include content="TemplateNormalItemLayout" condition="$SKINSHORTCUTS[normallayout]">
                    <param name="shortcutsid" value="301$SKINSHORTCUTS[id]2" />
                    <param name="shortcutsidshort" value=".2" />
                    <param name="shortcutsclearlogo" value="$SKINSHORTCUTS[widgetclearlogothumb]" />
                    <param name="aspectratio" value="$SKINSHORTCUTS[aspectratio]" />
                </include>
                <include content="TemplateWeatherItemLayout" condition="$SKINSHORTCUTS[weatherlayout]">
                    <param name="shortcutsid" value="301$SKINSHORTCUTS[id]2" />
                    <param name="shortcutsidshort" value=".2" />
                    <param name="shortcutsclearlogo" value="$SKINSHORTCUTS[widgetclearlogothumb]" />
                </include>
                <include content="TemplateSystemItemLayout" condition="$SKINSHORTCUTS[systemlayout]">
                    <param name="shortcutsid" value="301$SKINSHORTCUTS[id]2" />
                    <param name="shortcutsidshort" value=".2" />
                    <param name="shortcutsclearlogo" value="$SKINSHORTCUTS[widgetclearlogothumb]" />
                </include>
                
                <!-- FocusLayouts -->
                <include content="TemplateNormalFocusLayout" condition="$SKINSHORTCUTS[normallayout]">
                    <param name="shortcutsid" value="301$SKINSHORTCUTS[id]2" />
                    <param name="shortcutsidshort" value=".2" />
                    <param name="shortcutsclearlogo" value="$SKINSHORTCUTS[widgetclearlogothumb]" />
                    <param name="aspectratio" value="$SKINSHORTCUTS[aspectratio]" />
                </include>
                <include content="TemplateWeatherFocusLayout" condition="$SKINSHORTCUTS[weatherlayout]">
                    <param name="shortcutsid" value="301$SKINSHORTCUTS[id]2" />
                    <param name="shortcutsidshort" value=".2" />
                    <param name="shortcutsclearlogo" value="$SKINSHORTCUTS[widgetclearlogothumb]" />
                </include>
                <include content="TemplateSystemFocusLayout" condition="$SKINSHORTCUTS[systemlayout]">
                    <param name="shortcutsid" value="301$SKINSHORTCUTS[id]2" />
                    <param name="shortcutsidshort" value=".2" />
                    <param name="shortcutsclearlogo" value="$SKINSHORTCUTS[widgetclearlogothumb]" />
                </include>
                <content limit="$VAR[DefWidgetLimit]" target="$SKINSHORTCUTS[target]" sortby="$SKINSHORTCUTS[sortby]" sortorder="$SKINSHORTCUTS[sort]">$SKINSHORTCUTS[content]</content>
                <content>
                    <include>$SKINSHORTCUTS[weathercontent]</include>                          
                </content> 
            </control>
        </controls>
    </other>    
    
    <!-- Widget 3 -->
    <other include="widget-vertical.3">
        <property name="id" tag="mainmenuid" />
        <property name="weathercontent" tag="property" attribute="name|widgetPath.3" value="weatherdaily">weatherdaily</property>
        <property name="weathercontent" tag="property" attribute="name|widgetPath.3" value="weatherhourly">weatherhourly</property>        
        <property name="normallayout" tag="property" attribute="name|widgetPath.3" value="weatherdaily">false</property>
        <property name="normallayout" tag="property" attribute="name|widgetPath.3" value="weatherhourly">false</property>
        <property name="normallayout" tag="property" attribute="name|widgetTarget.3" value="system">false</property>
        <property name="normallayout">true</property>        
        <property name="systemlayout" tag="property" attribute="name|widgetTarget.3" value="system">true</property>
        <property name="systemlayout">false</property>        
        <property name="weatherlayout" tag="property" attribute="name|widgetPath.3" value="weatherdaily">true</property>
        <property name="weatherlayout" tag="property" attribute="name|widgetPath.3" value="weatherhourly">true</property>
        <property name="weatherlayout">false</property>        
        <property name="content" tag="property" attribute="name|widgetPath.3" />
        <property name="content">$VAR[DefWidgetContent]</property>
        <property name="target" tag="property" attribute="name|widgetTarget.3" />
        <property name="name" tag="property" attribute="name|widgetName.3" />
		<property name="sortby" tag="property" attribute="name|widgetSortby.3" />
		<property name="sort" tag="property" attribute="name|widgetSort.3" />
        <property name="banner" tag="property" attribute="name|widgetBanner.3" />
        <property name="widgetauto" tag="property" attribute="name|widgetAuto.3" value="$NUMBER[5000]">5000</property>
        <property name="widgetauto" tag="property" attribute="name|widgetAuto.3" value="$NUMBER[7000]">7000</property>
        <property name="widgetauto" tag="property" attribute="name|widgetAuto.3" value="$NUMBER[10000]">10000</property>
        <property name="widgetauto" tag="property" attribute="name|widgetAuto.3" value="$NUMBER[15000]">15000</property>
        <property name="widgetauto" tag="property" attribute="name|widgetAuto.3" value="$NUMBER[20000]">20000</property>
        <property name="widgetauto" tag="property" attribute="name|widgetAuto.3" value="$NUMBER[25000]">25000</property>
        <property name="widgetlisttype" tag="property" attribute="name|widgetListType" />
        <property name="widgetlisttype">fixedlist</property>
        <property name="widgetclearlogothumb" tag="property" attribute="name|widgetClearLogoThumb.3" value="yes">true</property>
        <property name="widgetclearlogothumb" tag="property" attribute="name|widgetClearLogoThumb.3" value="no">false</property>
        <property name="widgetclearlogothumb">true</property>
        <property name="aspectratio" tag="property" attribute="name|widgetAspectRatio.3" />
        <property name="aspectratio">keep</property> 
        <controls>
            <control type="group" id="301$SKINSHORTCUTS[id]23">            
                <control type="grouplist">                
                    <visible>String.Contains(Container(300).ListItem.Property(widgetEnable.3),yes)</visible>                    
                    <visible>Integer.IsGreater(Container(301$SKINSHORTCUTS[id]3).NumItems,0) | Container(301$SKINSHORTCUTS[id]3).IsUpdating</visible>
                    <skinshortcuts>visibility</skinshortcuts>
                    <include content="widget.title.label">
                        <param name="focusid" value="301$SKINSHORTCUTS[id]3" /> 
                        <param name="condition" value="!String.Contains(Container(300).ListItem.Property(widget.3),Weather)" /> 
                        <param name="idshort" value="3" />                      
                    </include>            
                </control> 
            </control>
            <control type="$SKINSHORTCUTS[widgetlisttype]" id="301$SKINSHORTCUTS[id]3">                
                <skinshortcuts>visibility</skinshortcuts>                
                <visible>String.Contains(Container(300).ListItem.Property(widgetEnable.3),yes)</visible>
                <visible>Integer.IsGreater(Container(301$SKINSHORTCUTS[id]3).NumItems,0) | Container(301$SKINSHORTCUTS[id]3).IsUpdating</visible>                                
                <include content="DefMultiWidgetContainer">
                    <param name="id" value="301$SKINSHORTCUTS[id]3" />
                    <param name="backid" value="301$SKINSHORTCUTS[id]1" />
                    <param name="shortcutsidshort" value=".3" />
                    <param name="idshort" value="$SKINSHORTCUTS[id]" />
                    <param name="AutoTime" value="$SKINSHORTCUTS[widgetauto]" />
                    <param name="AutoScrollCondition" value="!Control.HasFocus(301$SKINSHORTCUTS[id]3) + !Control.HasFocus(4752) + !String.IsEmpty(Container(300).ListItem.Property(widgetAuto.3)) + !String.IsEqual(Container(300).ListItem.Property(widgetListType),list) + System.IdleTime(1)" />
                </include>
                
                <!-- ItemLayouts -->             
                <include content="TemplateNormalItemLayout" condition="$SKINSHORTCUTS[normallayout]">
                    <param name="shortcutsid" value="301$SKINSHORTCUTS[id]3" />
                    <param name="shortcutsidshort" value=".3" />
                    <param name="shortcutsclearlogo" value="$SKINSHORTCUTS[widgetclearlogothumb]" />
                    <param name="aspectratio" value="$SKINSHORTCUTS[aspectratio]" />
                </include>
                <include content="TemplateWeatherItemLayout" condition="$SKINSHORTCUTS[weatherlayout]">
                    <param name="shortcutsid" value="301$SKINSHORTCUTS[id]3" />
                    <param name="shortcutsidshort" value=".3" />
                    <param name="shortcutsclearlogo" value="$SKINSHORTCUTS[widgetclearlogothumb]" />
                </include>
                <include content="TemplateSystemItemLayout" condition="$SKINSHORTCUTS[systemlayout]">
                    <param name="shortcutsid" value="301$SKINSHORTCUTS[id]3" />
                    <param name="shortcutsidshort" value=".3" />
                    <param name="shortcutsclearlogo" value="$SKINSHORTCUTS[widgetclearlogothumb]" />
                </include>
                
                <!-- FocusLayouts -->
                <include content="TemplateNormalFocusLayout" condition="$SKINSHORTCUTS[normallayout]">
                    <param name="shortcutsid" value="301$SKINSHORTCUTS[id]3" />
                    <param name="shortcutsidshort" value=".3" />
                    <param name="shortcutsclearlogo" value="$SKINSHORTCUTS[widgetclearlogothumb]" />
                    <param name="aspectratio" value="$SKINSHORTCUTS[aspectratio]" />
                </include>
                <include content="TemplateWeatherFocusLayout" condition="$SKINSHORTCUTS[weatherlayout]">
                    <param name="shortcutsid" value="301$SKINSHORTCUTS[id]3" />
                    <param name="shortcutsidshort" value=".3" />
                    <param name="shortcutsclearlogo" value="$SKINSHORTCUTS[widgetclearlogothumb]" />
                </include>
                <include content="TemplateSystemFocusLayout" condition="$SKINSHORTCUTS[systemlayout]">
                    <param name="shortcutsid" value="301$SKINSHORTCUTS[id]3" />
                    <param name="shortcutsidshort" value=".3" />
                    <param name="shortcutsclearlogo" value="$SKINSHORTCUTS[widgetclearlogothumb]" />
                </include>               
                <content limit="$VAR[DefWidgetLimit]" target="$SKINSHORTCUTS[target]" sortby="$SKINSHORTCUTS[sortby]" sortorder="$SKINSHORTCUTS[sort]">$SKINSHORTCUTS[content]</content>
                <content limit="$VAR[DefWidgetLimit]" target="$SKINSHORTCUTS[target]" sortby="$SKINSHORTCUTS[sortby]" sortorder="$SKINSHORTCUTS[sort]">
                    <include>$SKINSHORTCUTS[weathercontent]</include>                          
                </content> 
            </control>
        </controls>
    </other>
    
    <!-- Widget 4 -->
    <other include="widget-vertical.4">
        <property name="id" tag="mainmenuid" />
        <property name="weathercontent" tag="property" attribute="name|widgetPath.4" value="weatherdaily">weatherdaily</property>
        <property name="weathercontent" tag="property" attribute="name|widgetPath.4" value="weatherhourly">weatherhourly</property>        
        <property name="normallayout" tag="property" attribute="name|widgetPath.4" value="weatherdaily">false</property>
        <property name="normallayout" tag="property" attribute="name|widgetPath.4" value="weatherhourly">false</property>
        <property name="normallayout" tag="property" attribute="name|widgetTarget.4" value="system">false</property>
        <property name="normallayout">true</property>        
        <property name="systemlayout" tag="property" attribute="name|widgetTarget.4" value="system">true</property>
        <property name="systemlayout">false</property>        
        <property name="weatherlayout" tag="property" attribute="name|widgetPath.4" value="weatherdaily">true</property>
        <property name="weatherlayout" tag="property" attribute="name|widgetPath.4" value="weatherhourly">true</property>
        <property name="weatherlayout">false</property>        
        <property name="content" tag="property" attribute="name|widgetPath.4" />
        <property name="content">$VAR[DefWidgetContent]</property>
        <property name="target" tag="property" attribute="name|widgetTarget.4" />
        <property name="name" tag="property" attribute="name|widgetName.4" />
		<property name="sortby" tag="property" attribute="name|widgetSortby.4" />
		<property name="sort" tag="property" attribute="name|widgetSort.4" />
        <property name="banner" tag="property" attribute="name|widgetBanner.4" />
        <property name="widgetauto" tag="property" attribute="name|widgetAuto.4" value="$NUMBER[5000]">5000</property>
        <property name="widgetauto" tag="property" attribute="name|widgetAuto.4" value="$NUMBER[7000]">7000</property>
        <property name="widgetauto" tag="property" attribute="name|widgetAuto.4" value="$NUMBER[10000]">10000</property>
        <property name="widgetauto" tag="property" attribute="name|widgetAuto.4" value="$NUMBER[15000]">15000</property>
        <property name="widgetauto" tag="property" attribute="name|widgetAuto.4" value="$NUMBER[20000]">20000</property>
        <property name="widgetauto" tag="property" attribute="name|widgetAuto.4" value="$NUMBER[25000]">25000</property>
        <property name="widgetlisttype" tag="property" attribute="name|widgetListType" />
        <property name="widgetlisttype">fixedlist</property>
        <property name="widgetclearlogothumb" tag="property" attribute="name|widgetClearLogoThumb.4" value="yes">true</property>
        <property name="widgetclearlogothumb" tag="property" attribute="name|widgetClearLogoThumb.4" value="no">false</property>
        <property name="widgetclearlogothumb">true</property>
        <property name="aspectratio" tag="property" attribute="name|widgetAspectRatio.4" />
        <property name="aspectratio">keep</property> 
        <controls>
            <control type="group" id="301$SKINSHORTCUTS[id]24">
                <control type="grouplist">                
                    <visible>String.Contains(Container(300).ListItem.Property(widgetEnable.4),yes)</visible>
                    <visible>Integer.IsGreater(Container(301$SKINSHORTCUTS[id]4).NumItems,0) | Container(301$SKINSHORTCUTS[id]4).IsUpdating</visible>
                    <skinshortcuts>visibility</skinshortcuts>
                    <include content="widget.title.label">
                        <param name="focusid" value="301$SKINSHORTCUTS[id]4" /> 
                        <param name="condition" value="!String.Contains(Container(300).ListItem.Property(widget.4),Weather)" /> 
                        <param name="idshort" value="4" />                      
                    </include>             
                </control> 
            </control>
            <control type="$SKINSHORTCUTS[widgetlisttype]" id="301$SKINSHORTCUTS[id]4">                
                <skinshortcuts>visibility</skinshortcuts>
                <visible>String.Contains(Container(300).ListItem.Property(widgetEnable.4),yes)</visible>
                <visible>Integer.IsGreater(Container(301$SKINSHORTCUTS[id]4).NumItems,0) | Container(301$SKINSHORTCUTS[id]4).IsUpdating</visible>                              
                <include content="DefMultiWidgetContainer">
                    <param name="id" value="301$SKINSHORTCUTS[id]4" />
                    <param name="shortcutsidshort" value=".4" />
                    <param name="idshort" value="$SKINSHORTCUTS[id]" />
                    <param name="backid" value="301$SKINSHORTCUTS[id]1" />
                    <param name="AutoTime" value="$SKINSHORTCUTS[widgetauto]" />
                    <param name="AutoScrollCondition" value="!Control.HasFocus(301$SKINSHORTCUTS[id]4) + !Control.HasFocus(4752) + !String.IsEmpty(Container(300).ListItem.Property(widgetAuto.4)) + !String.IsEqual(Container(300).ListItem.Property(widgetListType),list) + System.IdleTime(1)" />
                </include> 
                
                <!-- ItemLayouts -->             
                <include content="TemplateNormalItemLayout" condition="$SKINSHORTCUTS[normallayout]">
                    <param name="shortcutsid" value="301$SKINSHORTCUTS[id]4" />
                    <param name="shortcutsidshort" value=".4" />
                    <param name="shortcutsclearlogo" value="$SKINSHORTCUTS[widgetclearlogothumb]" />
                    <param name="aspectratio" value="$SKINSHORTCUTS[aspectratio]" />
                </include>
                <include content="TemplateWeatherItemLayout" condition="$SKINSHORTCUTS[weatherlayout]">
                    <param name="shortcutsid" value="301$SKINSHORTCUTS[id]4" />
                    <param name="shortcutsidshort" value=".4" />
                    <param name="shortcutsclearlogo" value="$SKINSHORTCUTS[widgetclearlogothumb]" />
                </include>
                <include content="TemplateSystemItemLayout" condition="$SKINSHORTCUTS[systemlayout]">
                    <param name="shortcutsid" value="301$SKINSHORTCUTS[id]4" />
                    <param name="shortcutsidshort" value=".4" />
                    <param name="shortcutsclearlogo" value="$SKINSHORTCUTS[widgetclearlogothumb]" />
                </include>
                
                <!-- FocusLayouts -->
                <include content="TemplateNormalFocusLayout" condition="$SKINSHORTCUTS[normallayout]">
                    <param name="shortcutsid" value="301$SKINSHORTCUTS[id]4" />
                    <param name="shortcutsidshort" value=".4" />
                    <param name="shortcutsclearlogo" value="$SKINSHORTCUTS[widgetclearlogothumb]" />
                    <param name="aspectratio" value="$SKINSHORTCUTS[aspectratio]" />
                </include>
                <include content="TemplateWeatherFocusLayout" condition="$SKINSHORTCUTS[weatherlayout]">
                    <param name="shortcutsid" value="301$SKINSHORTCUTS[id]4" />
                    <param name="shortcutsidshort" value=".4" />
                    <param name="shortcutsclearlogo" value="$SKINSHORTCUTS[widgetclearlogothumb]" />
                </include>
                <include content="TemplateSystemFocusLayout" condition="$SKINSHORTCUTS[systemlayout]">
                    <param name="shortcutsid" value="301$SKINSHORTCUTS[id]4" />
                    <param name="shortcutsidshort" value=".4" />
                    <param name="shortcutsclearlogo" value="$SKINSHORTCUTS[widgetclearlogothumb]" />
                </include>
                <content limit="$VAR[DefWidgetLimit]" target="$SKINSHORTCUTS[target]" sortby="$SKINSHORTCUTS[sortby]" sortorder="$SKINSHORTCUTS[sort]">$SKINSHORTCUTS[content]</content>
                <content>
                    <include>$SKINSHORTCUTS[weathercontent]</include>                          
                </content> 
            </control>
        </controls>
    </other>
    
    <!-- Widget 5 -->
    <other include="widget-vertical.5">
        <property name="id" tag="mainmenuid" />
        <property name="weathercontent" tag="property" attribute="name|widgetPath.5" value="weatherdaily">weatherdaily</property>
        <property name="weathercontent" tag="property" attribute="name|widgetPath.5" value="weatherhourly">weatherhourly</property>        
        <property name="normallayout" tag="property" attribute="name|widgetPath.5" value="weatherdaily">false</property>
        <property name="normallayout" tag="property" attribute="name|widgetPath.5" value="weatherhourly">false</property>
        <property name="normallayout" tag="property" attribute="name|widgetTarget.5" value="system">false</property>
        <property name="normallayout">true</property>        
        <property name="systemlayout" tag="property" attribute="name|widgetTarget.5" value="system">true</property>
        <property name="systemlayout">false</property>        
        <property name="weatherlayout" tag="property" attribute="name|widgetPath.5" value="weatherdaily">true</property>
        <property name="weatherlayout" tag="property" attribute="name|widgetPath.5" value="weatherhourly">true</property>
        <property name="weatherlayout">false</property>        
        <property name="content" tag="property" attribute="name|widgetPath.5" />
        <property name="content">$VAR[DefWidgetContent]</property>
        <property name="target" tag="property" attribute="name|widgetTarget.5" />
        <property name="name" tag="property" attribute="name|widgetName.5" />
		<property name="sortby" tag="property" attribute="name|widgetSortby.5" />
		<property name="sort" tag="property" attribute="name|widgetSort.5" />
        <property name="banner" tag="property" attribute="name|widgetBanner.5" />
        <property name="widgetauto" tag="property" attribute="name|widgetAuto.5" value="$NUMBER[5000]">5000</property>
        <property name="widgetauto" tag="property" attribute="name|widgetAuto.5" value="$NUMBER[7000]">7000</property>
        <property name="widgetauto" tag="property" attribute="name|widgetAuto.5" value="$NUMBER[10000]">10000</property>
        <property name="widgetauto" tag="property" attribute="name|widgetAuto.5" value="$NUMBER[15000]">15000</property>
        <property name="widgetauto" tag="property" attribute="name|widgetAuto.5" value="$NUMBER[20000]">20000</property>
        <property name="widgetauto" tag="property" attribute="name|widgetAuto.5" value="$NUMBER[25000]">25000</property>
        <property name="widgetlisttype" tag="property" attribute="name|widgetListType" />
        <property name="widgetlisttype">fixedlist</property>
        <property name="widgetclearlogothumb" tag="property" attribute="name|widgetClearLogoThumb.5" value="yes">true</property>
        <property name="widgetclearlogothumb" tag="property" attribute="name|widgetClearLogoThumb.5" value="no">false</property>
        <property name="widgetclearlogothumb">true</property>
        <property name="aspectratio" tag="property" attribute="name|widgetAspectRatio.5" />
        <property name="aspectratio">keep</property> 
        <controls>
            <control type="group" id="301$SKINSHORTCUTS[id]25"> 
                <control type="grouplist">                
                    <visible>String.Contains(Container(300).ListItem.Property(widgetEnable.5),yes)</visible>
                    <visible>Integer.IsGreater(Container(301$SKINSHORTCUTS[id]5).NumItems,0) | Container(301$SKINSHORTCUTS[id]5).IsUpdating</visible>
                    <skinshortcuts>visibility</skinshortcuts>
                    <include content="widget.title.label">
                        <param name="focusid" value="301$SKINSHORTCUTS[id]5" /> 
                        <param name="condition" value="!String.Contains(Container(300).ListItem.Property(widget.5),Weather)" /> 
                        <param name="idshort" value="5" />                      
                    </include>              
                </control> 
            </control>
            <control type="$SKINSHORTCUTS[widgetlisttype]" id="301$SKINSHORTCUTS[id]5">
                <skinshortcuts>visibility</skinshortcuts>
                <visible>String.Contains(Container(300).ListItem.Property(widgetEnable.5),yes)</visible>
                <visible>Integer.IsGreater(Container(301$SKINSHORTCUTS[id]5).NumItems,0) | Container(301$SKINSHORTCUTS[id]5).IsUpdating</visible>                              
                <include content="DefMultiWidgetContainer">
                    <param name="id" value="301$SKINSHORTCUTS[id]5" />
                    <param name="shortcutsidshort" value=".5" />
                    <param name="idshort" value="$SKINSHORTCUTS[id]" />
                    <param name="backid" value="301$SKINSHORTCUTS[id]1" />
                    <param name="AutoTime" value="$SKINSHORTCUTS[widgetauto]" />
                    <param name="AutoScrollCondition" value="!Control.HasFocus(301$SKINSHORTCUTS[id]5) + !Control.HasFocus(4752) + !String.IsEmpty(Container(300).ListItem.Property(widgetAuto.5)) + !String.IsEqual(Container(300).ListItem.Property(widgetListType),list) + System.IdleTime(1)" />
                </include> 
                
                <!-- ItemLayouts -->             
                <include content="TemplateNormalItemLayout" condition="$SKINSHORTCUTS[normallayout]">
                    <param name="shortcutsid" value="301$SKINSHORTCUTS[id]5" />
                    <param name="shortcutsidshort" value=".5" />
                    <param name="shortcutsclearlogo" value="$SKINSHORTCUTS[widgetclearlogothumb]" />
                    <param name="aspectratio" value="$SKINSHORTCUTS[aspectratio]" />
                </include>
                <include content="TemplateWeatherItemLayout" condition="$SKINSHORTCUTS[weatherlayout]">
                    <param name="shortcutsid" value="301$SKINSHORTCUTS[id]5" />
                    <param name="shortcutsidshort" value=".5" />
                    <param name="shortcutsclearlogo" value="$SKINSHORTCUTS[widgetclearlogothumb]" />
                </include>
                <include content="TemplateSystemItemLayout" condition="$SKINSHORTCUTS[systemlayout]">
                    <param name="shortcutsid" value="301$SKINSHORTCUTS[id]5" />
                    <param name="shortcutsidshort" value=".5" />
                    <param name="shortcutsclearlogo" value="$SKINSHORTCUTS[widgetclearlogothumb]" />
                </include>
                
                <!-- FocusLayouts -->
                <include content="TemplateNormalFocusLayout" condition="$SKINSHORTCUTS[normallayout]">
                    <param name="shortcutsid" value="301$SKINSHORTCUTS[id]5" />
                    <param name="shortcutsidshort" value=".5" />
                    <param name="shortcutsclearlogo" value="$SKINSHORTCUTS[widgetclearlogothumb]" />
                    <param name="aspectratio" value="$SKINSHORTCUTS[aspectratio]" />
                </include>
                <include content="TemplateWeatherFocusLayout" condition="$SKINSHORTCUTS[weatherlayout]">
                    <param name="shortcutsid" value="301$SKINSHORTCUTS[id]5" />
                    <param name="shortcutsidshort" value=".5" />
                    <param name="shortcutsclearlogo" value="$SKINSHORTCUTS[widgetclearlogothumb]" />
                </include>
                <include content="TemplateSystemFocusLayout" condition="$SKINSHORTCUTS[systemlayout]">
                    <param name="shortcutsid" value="301$SKINSHORTCUTS[id]5" />
                    <param name="shortcutsidshort" value=".5" />
                    <param name="shortcutsclearlogo" value="$SKINSHORTCUTS[widgetclearlogothumb]" />
                </include>
                <content limit="$VAR[DefWidgetLimit]" target="$SKINSHORTCUTS[target]" sortby="$SKINSHORTCUTS[sortby]" sortorder="$SKINSHORTCUTS[sort]">$SKINSHORTCUTS[content]</content>
                <content>
                    <include>$SKINSHORTCUTS[weathercontent]</include>                          
                </content> 
            </control>
        </controls>
    </other>

    
    <other include="widget-vertical">
        <property name="content" tag="property" attribute="name|widgetPath" />
        <property name="content">$VAR[DefWidgetContent]</property>
        <property name="target" tag="property" attribute="name|widgetTarget" />
		<property name="sortby" tag="property" attribute="name|widgetSortby" />
		<property name="sort" tag="property" attribute="name|widgetSort" />
        <property name="banner" tag="property" attribute="name|widgetBanner" />
        <property name="aspectratio" tag="property" attribute="name|widgetAspectRatio" />
        <property name="aspectratio">keep</property> 
        <controls>
            <control type="fixedlist" id="301">
                <skinshortcuts>visibility</skinshortcuts>
                <visible>!String.Contains(Container(300).ListItem.Property(widget),Weather)</visible>
                <animation effect="fade" start="100" end="66" time="400" condition="!Control.HasFocus(301) + !Control.HasFocus(4752)">Conditional</animation>
                <!--<autoscroll time="10000">!Control.HasFocus(301)</autoscroll>-->
				<autoscroll time="10000">!Control.HasFocus(301) + !Control.HasFocus(4752) + !Skin.HasSetting(NoAutoScroll)</autoscroll>
                <top>330</top>
                <left>518</left>
                <width>1876</width>
                <height>325</height>
                <onright>noop</onright>
                <!--<onfocus condition="String.Contains(Container(300).ListItem.Property(widget),gto) | String.Contains(Container(300).ListItem.Property(widget),RandomActors)">SetFocus(4752)</onfocus>-->
				<!--<onback>300</onback>-->
				<onback condition="!Integer.IsEqual(Container(301).Position,0) | Container(301).HasPrevious">PageUp</onback>
				<onback condition="!Integer.IsEqual(Container(301).Position,0) | Container(301).HasPrevious">PageUp</onback>
				<onback condition="!Integer.IsEqual(Container(301).Position,0) | Container(301).HasPrevious">PageUp</onback>
				<onback condition="Integer.IsEqual(Container(301).Position,0) + !Container(301).HasPrevious">300</onback>
                <onleft>300</onleft>
                <onup>300</onup>
                <ondown>300</ondown>
                <oninfo condition="IsEmpty(Container(301).ListItem.TvShowTitle) + IsEmpty(Container(301).ListItem.Artist)">RunScript(script.extendedinfo,info=extendedinfo,name=$INFO[Container(301).ListItem.Title],imdb_id=$INFO[Container(301).ListItem.IMDBNumber])</oninfo>
                <oninfo condition="!IsEmpty(Container(301).ListItem.TvShowTitle)">RunScript(script.extendedinfo,info=extendedtvinfo,name=$INFO[Container(301).ListItem.TvShowTitle],imdb_id=$INFO[Container(301).ListItem.IMDBNumber])</oninfo>
                <focusposition>0</focusposition>
                <preloaditems>2</preloaditems>
                <orientation>horizontal</orientation>
                <pagecontrol>60</pagecontrol>
                <viewtype label="536">list</viewtype>
                <scrolltime tween="quadratic">400</scrolltime>
                <itemlayout height="325" width="222" condition="!String.IsEqual(Container(300).ListItem.Property(widgetaspect),Square) + ![String.IsEqual(Container(300).ListItem.Property(widgetaspect),Fanart) | String.IsEqual(Container(300).ListItem.Property(widgetaspect),Thumbnail)] + !String.Contains(Container(300).ListItem.Property(widget),system)">
                    <control type="image">
                        <left>0</left>
                        <top>0</top>
                        <right>0</right>
                        <bottom>0</bottom>
                        <texture border="10">common/$VAR[nofocus-shadow10]</texture>
                    </control>
					<control type="image">
						<left>9</left>
						<top>9</top>
						<right>9</right>
						<bottom>9</bottom>                         
						<texture colordiffuse="BoxWidget" border="4" background="true">common/box21.png</texture>   
						<visible>!Skin.HasSetting(thumbnails.white)</visible>                        
					</control>
                    <control type="image">
                        <left>10</left>
                        <top>10</top>
                        <right>10</right>
                        <bottom>10</bottom>
                        <aspectratio scalediffuse="false">scale</aspectratio>
                        <texture diffuse="diffuse/wall.png" background="true" fallback="DefaultMovies.png">$VAR[PosterImage]</texture>
                    </control>
                    <control type="image">
                        <centerright>32</centerright>
                        <centertop>32</centertop>
                        <width>32</width>
                        <height>32</height>
                        <aspectratio aligny="top">keep</aspectratio>
                        <texture>$VAR[PercentWatched]</texture>
                        <visible>!String.IsEqual(ListItem.Label,..)</visible>
                        <visible>String.IsEqual(ListItem.Overlay,OverlayWatched.png)</visible>
                    </control>
                </itemlayout>
                <itemlayout height="325" width="325" condition="String.IsEqual(Container(300).ListItem.Property(widgetaspect),Square) | String.Contains(Container(300).ListItem.Property(widget),system)">
                    <control type="image">
                        <left>0</left>
                        <top>0</top>
                        <right>0</right>
                        <bottom>0</bottom>
                        <texture border="10">common/$VAR[nofocus-shadow10]</texture>
                    </control>
					<control type="image">
						<left>9</left>
						<top>9</top>
						<right>9</right>
						<bottom>9</bottom>                         
						<texture colordiffuse="BoxWidget" border="4" background="true">common/box21.png</texture>   
						<visible>!Skin.HasSetting(thumbnails.white)</visible>                        
					</control>
                    <control type="image">
                        <left>10</left>
                        <top>10</top>
                        <right>10</right>
                        <bottom>10</bottom>
                        <aspectratio scalediffuse="false">$SKINSHORTCUTS[aspectratio]</aspectratio>
                        <texture diffuse="diffuse/wall.png" background="true" fallback="DefaultMovies.png">$VAR[PosterImage]</texture>
                    </control>
                    <control type="image">
                        <centerright>32</centerright>
                        <centertop>32</centertop>
                        <width>32</width>
                        <height>32</height>
                        <aspectratio aligny="top">keep</aspectratio>
                        <texture>$VAR[PercentWatched]</texture>
                        <visible>!String.IsEqual(ListItem.Label,..)</visible>
                        <visible>String.IsEqual(ListItem.Overlay,OverlayWatched.png)</visible>
                    </control>
                </itemlayout>
                <itemlayout height="325" width="562" condition="String.IsEqual(Container(300).ListItem.Property(widgetaspect),Thumbnail) | String.IsEqual(Container(300).ListItem.Property(widgetaspect),Fanart) + !String.Contains(Container(300).ListItem.Property(widget),system)">
                    <control type="image">
                        <left>0</left>
                        <top>0</top>
                        <right>0</right>
                        <bottom>0</bottom>
                        <texture border="10">common/$VAR[nofocus-shadow10]</texture>
                    </control>
					<control type="image">
						<left>9</left>
						<top>9</top>
						<right>9</right>
						<bottom>9</bottom>                         
						<texture colordiffuse="BoxWidget" border="4" background="true">common/box21.png</texture>    
						<visible>!Skin.HasSetting(thumbnails.white)</visible>                        
					</control>
                    <control type="image">
                        <left>10</left>
                        <top>10</top>
                        <right>10</right>
                        <bottom>10</bottom>
                        <aspectratio scalediffuse="false">scale</aspectratio>
                        <texture diffuse="diffuse/wall-fanart.png" background="true" fallback="DefaultMovies.png">$VAR[WidgetThumbImage]</texture>
                    </control>
                    <control type="image">
                        <centerright>32</centerright>
                        <centertop>32</centertop>
                        <width>32</width>
                        <height>32</height>
                        <aspectratio aligny="top">keep</aspectratio>
                        <texture>$VAR[PercentWatched]</texture>
                        <visible>!String.IsEqual(ListItem.Label,..)</visible>
                        <visible>String.IsEqual(ListItem.Overlay,OverlayWatched.png)</visible>
                    </control>
                </itemlayout>
                <focusedlayout height="325" width="222" condition="!String.IsEqual(Container(300).ListItem.Property(widgetaspect),Square) + ![String.IsEqual(Container(300).ListItem.Property(widgetaspect),Fanart) | String.IsEqual(Container(300).ListItem.Property(widgetaspect),Thumbnail)] + !String.Contains(Container(300).ListItem.Property(widget),system)">
                    <control type="image">
                        <left>0</left>
                        <top>0</top>
                        <right>0</right>
                        <bottom>0</bottom>
                        <texture border="10">common/$VAR[nofocus-shadow10]</texture>
                    </control>
					<control type="image">
						<left>9</left>
						<top>9</top>
						<right>9</right>
						<bottom>9</bottom>                         
						<texture colordiffuse="BoxWidget" border="4" background="true">common/box21.png</texture>   
						<visible>!Skin.HasSetting(thumbnails.white)</visible>                        
					</control>
                    <control type="image">
                        <left>10</left>
                        <top>10</top>
                        <right>10</right>
                        <bottom>10</bottom>
                        <aspectratio scalediffuse="false">scale</aspectratio>
                        <texture diffuse="diffuse/wall.png" background="true" fallback="DefaultMovies.png">$VAR[PosterImage]</texture>
                    </control>
                    <control type="image">
                        <centerright>32</centerright>
                        <centertop>32</centertop>
                        <width>32</width>
                        <height>32</height>
                        <aspectratio aligny="top">keep</aspectratio>
                        <texture>$VAR[PercentWatched]</texture>
                        <visible>!String.IsEqual(ListItem.Label,..)</visible>
                        <visible>String.IsEqual(ListItem.Overlay,OverlayWatched.png)</visible>
                    </control>
                    <include content="Def_Selectbox">
                        <param name="FocusId" value="301" />
                    </include>
                </focusedlayout>
                <focusedlayout height="325" width="325" condition="String.IsEqual(Container(300).ListItem.Property(widgetaspect),Square) | String.Contains(Container(300).ListItem.Property(widget),system)">
                    <control type="image">
                        <left>0</left>
                        <top>0</top>
                        <right>0</right>
                        <bottom>0</bottom>
                        <texture border="10">common/$VAR[nofocus-shadow10]</texture>
                    </control>
					<control type="image">
						<left>9</left>
						<top>9</top>
						<right>9</right>
						<bottom>9</bottom>                         
						<texture colordiffuse="BoxWidget" border="4" background="true">common/box21.png</texture>   
						<visible>!Skin.HasSetting(thumbnails.white)</visible>                        
					</control>
                    <control type="image">
                        <left>10</left>
                        <top>10</top>
                        <right>10</right>
                        <bottom>10</bottom>
                        <aspectratio scalediffuse="false">$SKINSHORTCUTS[aspectratio]</aspectratio>
                        <texture diffuse="diffuse/wall.png" background="true" fallback="DefaultMovies.png">$VAR[PosterImage]</texture>
                    </control>
                    <control type="image">
                        <centerright>32</centerright>
                        <centertop>32</centertop>
                        <width>32</width>
                        <height>32</height>
                        <aspectratio aligny="top">keep</aspectratio>
                        <texture>$VAR[PercentWatched]</texture>
                        <visible>!String.IsEqual(ListItem.Label,..)</visible>
                        <visible>String.IsEqual(ListItem.Overlay,OverlayWatched.png)</visible>
                    </control>
                    <include content="Def_Selectbox">
                        <param name="FocusId" value="301" />
                    </include>
                </focusedlayout>
                <focusedlayout height="325" width="562" condition="String.IsEqual(Container(300).ListItem.Property(widgetaspect),Thumbnail) | String.IsEqual(Container(300).ListItem.Property(widgetaspect),Fanart) + !String.Contains(Container(300).ListItem.Property(widget),system)">
                    <control type="image">
                        <left>0</left>
                        <top>0</top>
                        <right>0</right>
                        <bottom>0</bottom>
                        <texture border="10">common/$VAR[nofocus-shadow10]</texture>
                    </control>
					<control type="image">
						<left>9</left>
						<top>9</top>
						<right>9</right>
						<bottom>9</bottom>                         
						<texture colordiffuse="BoxWidget" border="4" background="true">common/box21.png</texture>    
						<visible>!Skin.HasSetting(thumbnails.white)</visible>                        
					</control>
                    <control type="image">
                        <left>10</left>
                        <top>10</top>
                        <right>10</right>
                        <bottom>10</bottom>
                        <aspectratio scalediffuse="false">scale</aspectratio>
                        <texture diffuse="diffuse/wall-fanart.png" background="true" fallback="DefaultMovies.png">$VAR[WidgetThumbImage]</texture>
                    </control>
                    <control type="image">
                        <centerright>32</centerright>
                        <centertop>32</centertop>
                        <width>32</width>
                        <height>32</height>
                        <aspectratio aligny="top">keep</aspectratio>
                        <texture>$VAR[PercentWatched]</texture>
                        <visible>!String.IsEqual(ListItem.Label,..)</visible>
                        <visible>String.IsEqual(ListItem.Overlay,OverlayWatched.png)</visible>
                    </control>
                    <include content="Def_Selectbox">
                        <param name="FocusId" value="301" />
                    </include>
                </focusedlayout>
                <content limit="$VAR[DefWidgetLimit]" target="$SKINSHORTCUTS[target]" sortby="$SKINSHORTCUTS[sortby]" sortorder="$SKINSHORTCUTS[sort]">$SKINSHORTCUTS[content]</content>
            </control>
        </controls>
    </other>
</template>
