<?xml version="1.0" encoding="UTF-8"?>
<addon
    id="skin.arctic.zephyr.mod"
    version="0.9.95"
    name="Arctic: Zephyr Leia-MOD"
    provider-name="jurialmunkey, beatmasterrs">
    <requires>
        <import addon="xbmc.gui" version="5.14.0"/>
        <import addon="script.skinshortcuts" version="0.4.0"/>
        <import addon="script.skin.helper.service" version="0.0.1"/>
        <import addon="script.extendedinfo" version="3.0.0"/>
        <import addon="script.globalsearch" version="5.0.0"/>
        <import addon="script.image.resource.select" version="0.0.5"/>
        <import addon="resource.images.weathericons.white" version="0.0.6"/>
        <import addon="script.skin.helper.colorpicker" version="1.0.11"/>
        <import addon="script.embuary.info" version="0.0.1"/>
        <import addon="script.embuary.helper" version="1.2.14"/>
    </requires>
    <extension
    point="xbmc.gui.skin"
    defaultthemename="Textures.xbt"
    debugging="false"
    effectslowdown="1">
        <res width="1920" height="1080" aspect="16:9" default="true" folder="1080i" />
    </extension>
    <extension point="xbmc.addon.metadata">
        <summary lang="de">Klar, minimalistisch, elegant, einfach, leicht</summary>
        <summary lang="en">Clean, minimal, elegant, simple, light.</summary>
        <summary lang="en_AU">Clean, minimal, elegant, simple, light.</summary>
        <summary lang="en_US">Clean, minimal, elegant, simple, light.</summary>
        <summary lang="es">Limpio, minimalista, elegante, simple, ligero.</summary>
        <summary lang="fr">Clair, minimaliste, élégant, simple et léger.</summary>
        <summary lang="fr_CA">Net, minimal, élégant, simple, léger.</summary>
        <summary lang="lt">Švari, minimali, elegantiška, paprasta, lengva.</summary>
        <summary lang="nl">Schoon, minimaal, elegant, simpel, licht.</summary>
        <summary lang="no">Rent, minimalt, elegant, enkelt, lett.</summary>
        <summary lang="pl">Prosta, minimalista, elegancka i lekka</summary>
        <summary lang="pt_BR">Limpa, simplista, elegante, leve.</summary>
        <summary lang="ro">Curat, minimalist, elegant, simplu, ușor</summary>
        <summary lang="ru">Опрятный, минималистичный, элегантный, простой, светлый.</summary>
        <description lang="de">Arctic: Zephyr ist die dritte Iteration des Arctic Skins von jurialmunkey und ein minimalistisches, klares und simples Interface für deine Medien mit dem gewissen Etwas.</description>
        <description lang="en">Arctic: Zephyr is the third iteration of the Arctic skin created by jurialmunkey. Arctic focuses on being simple, clean and minimalistic with a light spin.</description>
        <description lang="en_AU">Arctic: Zephyr is the third iteration of the Arctic skin created by jurialmunkey. Arctic focuses on being simple, clean and minimalistic with a light spin.</description>
        <description lang="en_US">Arctic: Zephyr is the third iteration of the Arctic skin created by jurialmunkey. Arctic focuses on being simple, clean and minimalistic with a light spin.</description>
        <description lang="es">Arctic: Zephyr es la tercera versión del skin Arctic creado por jurialmunkey. El skin Arctic se centra en ser simple, limpio y minimalista con un ligero giro.</description>
        <description lang="fr">Arctic: Zephyr est la 3ème version du skin Arctic créé par jurialmunkey. Arctic se focalise sur le fait d'être simple, claire et minimaliste.</description>
        <description lang="fr_CA">Arctique : Zéphyr est la troisième version de l'habillage Arctique créé par jurialmunkey. Arctique se veut être simple, net et minimaliste tout en étant léger. </description>
        <description lang="lt">Arctic: Zephyr yra trečia Arctic teminės išvaizdos, kurios autorius yra jurialmunkey, iteracija. Arctic sutelkia dėmesį ties paprastumu, švarumu ir minimalizmu su lengvu veikimu.</description>
        <description lang="nl">Arctic: Zephyr is de derde herhaling van de arctic skin ge creëerd door jurialmunkey. Arctic focust zich op een eenvoudig zeinde, schoon en minimaal met een lichte twist.</description>
        <description lang="no">Arctic: Zephyr er den tredje iterasjonen av Arctic skallet som ble laget av jurialmunkey. Arctic fokuserer på å være enkel, rent og minimalistisk med et snev av letthet.</description>
        <description lang="pl">Arctic: Zephyr jest trzecią wersją oryginalnej skóry Arctic stworzonej przez jurialmunkey. Arctic skupia się na prostocie i minimalizmie z lekką dozą szaleństwa.</description>
        <description lang="pt_BR">Arctic: Zephyr é a terceira iteração da interface Arctic criada por jurialmunkey. Arctic foi criada para ser simples, limpa e minimalistica.</description>
        <description lang="ru">Arctic: Zephyr это третий виток обложки Arctic, созданной jurialmunkey. Arctic старается быть простой, опрятной и минималистичной.</description>
        <platform>all</platform>
        <license>Creative Commons Non Commercial 3.0 License</license>
        <forum>http://forum.kodi.tv/forumdisplay.php?fid=221</forum>
        <source>https://github.com/jurialmunkey/skin.arctic.zephyr</source>
        <assets>
			<icon>icon.png</icon>
			<fanart>fanart.jpg</fanart>
			<screenshot>resources/screenshot-01.jpg</screenshot>
			<screenshot>resources/screenshot-02.jpg</screenshot>
			<screenshot>resources/screenshot-03.jpg</screenshot>
			<screenshot>resources/screenshot-04.jpg</screenshot>
			<screenshot>resources/screenshot-05.jpg</screenshot>
			<screenshot>resources/screenshot-06.jpg</screenshot>
			<screenshot>resources/screenshot-07.jpg</screenshot>
			<screenshot>resources/screenshot-08.jpg</screenshot>
			<screenshot>resources/screenshot-09.jpg</screenshot>
            <screenshot>resources/screenshot-10.jpg</screenshot>
            <screenshot>resources/screenshot-11.jpg</screenshot>
            <screenshot>resources/screenshot-12.jpg</screenshot>
            <screenshot>resources/screenshot-13.jpg</screenshot>
            <screenshot>resources/screenshot-14.jpg</screenshot>
            <screenshot>resources/screenshot-15.jpg</screenshot>
            <screenshot>resources/screenshot-16.jpg</screenshot>
            <screenshot>resources/screenshot-17.jpg</screenshot>
            <screenshot>resources/screenshot-18.jpg</screenshot>
            <screenshot>resources/screenshot-19.jpg</screenshot>
		</assets>
        <news>0.9.95[CR]- Fixed a lot of issues[CR][CR]0.9.94[CR]- Added mixed media (tvshows and movies) widgets[CR]- Improvements on jumpbar[CR]- Minor adjustments[CR][CR]0.9.93[CR]- Fixed issue, where in some cases no icons/poster/fanart were displayed (thx jeffski10)[CR][CR]0.9.92[CR]- Added Fullscreen Widgets[CR]- Improvements on widget/homemenu items settings[CR]- Added game support[CR]- Switched to default AZ icons[CR]- Rework on a few views[CR]- Added forced views support[CR]- Fixed a lot of issues[CR][CR]0.9.91[CR]- Code Cleanup[CR]- Added systeminfo widget[CR]- Added gradients[CR]- Fixed a lot of issues[CR]- Improvements on weather widgets, music visualisation, view 510/520[CR][CR]0.9.9[CR]- Rework on weather icons and widgets[CR][CR]0.9.72[CR]- Improvements on many views[CR]- Added core/libreelec tab to settings window[CR]- Improvements on DialogMusicInfo[CR]- Added option to change incon size on view 510[CR]- Improvements on Moviesets[CR]- Added option to colorize focus bars in list views[CR]- Added scrollbar functionality for dialog windows[CR]- Added IMDB-trailer addon support[CR]- Cosmetic adjustments[CR][CR]0.9.71[CR]- Fixed issues, hommenu animation[CR]- Added new setting for blur fadetime[CR][CR]0.9.7[CR]- Added new home menu styles with multi widget option, up to 5 widgets[CR]- Added new theme, round edges is the new standard[CR]- Added new options[CR][CR]0.9.6[CR]- Added option for deeper shadows/more contrast[CR]- Improvements on music view list with sort order personal rating[CR]- New view added[CR]- Homemenu animations adjusted[CR]- Fixed code errors[CR]- Improvements on jumpbar[CR]- Adjustments on UpNext addon integration[CR][CR]0.9.5[CR]- Added discart slide animation[CR]- Rework on skin-settings and settings menus[CR]- String corrections[CR]- Added actor widget and embuary.info on any view[CR]- Globalsearch improvements[CR]- Fixed many issues</news>
    </extension>
</addon>
