<?xml version="1.0" encoding="UTF-8"?>
<!-- Foundation -->
<window type="dialog" id="1109">
    <defaultcontrol always="true">3122</defaultcontrol>
	<onload>SetFocus(3122)</onload>
	<onload condition="String.IsEqual(Container.Viewmode, $LOCALIZE[37619])">SetFocus(3125)</onload>
	<onload condition="String.IsEqual(Container.Viewmode, $LOCALIZE[31265])">SetFocus(3121)</onload>
	<onload condition="String.IsEqual(Container.Viewmode, $LOCALIZE[37590])">SetFocus(3122)</onload>
	<onload condition="String.IsEqual(Container.Viewmode, $LOCALIZE[37537])">SetFocus(3123)</onload>
	<onload condition="String.IsEqual(Container.Viewmode, $LOCALIZE[37517])">SetFocus(3124)</onload>
	<onload condition="String.IsEqual(Container.Viewmode, $LOCALIZE[544])">SetFocus(3139)</onload>
	<onload condition="String.IsEqual(Container.Viewmode, $LOCALIZE[20180])">SetFocus(3127)</onload>
	<onload condition="String.IsEqual(Container.Viewmode, $LOCALIZE[31147])">SetFocus(3128)</onload>
	<onload condition="String.IsEqual(Container.Viewmode, $LOCALIZE[31258])">SetFocus(3129)</onload>
	<onload condition="String.IsEqual(Container.Viewmode, $LOCALIZE[31244])">SetFocus(3130)</onload>
	<onload condition="String.IsEqual(Container.Viewmode, $LOCALIZE[539])">SetFocus(3131)</onload>
	<onload condition="String.IsEqual(Container.Viewmode, $LOCALIZE[540])">SetFocus(3132)</onload>
	<onload condition="String.IsEqual(Container.Viewmode, $LOCALIZE[31198])">SetFocus(3133)</onload>
	<onload condition="String.IsEqual(Container.Viewmode, $LOCALIZE[537])">SetFocus(3134)</onload>
	<onload condition="String.IsEqual(Container.Viewmode, $LOCALIZE[31264])">SetFocus(3135)</onload>
	<onload condition="String.IsEqual(Container.Viewmode, $LOCALIZE[538])">SetFocus(3136)</onload>
	<onload condition="String.IsEqual(Container.Viewmode, $LOCALIZE[535])">SetFocus(3138)</onload>
	<onload condition="String.IsEqual(Container.Viewmode, $LOCALIZE[37606])">SetFocus(3126)</onload>
	<onload condition="String.IsEqual(Container.Viewmode, $LOCALIZE[37518])">SetFocus(3141)</onload>
    <onload condition="String.IsEqual(Container.Viewmode, $LOCALIZE[37518])">SetFocus(3141)</onload>
	<onload condition="String.IsEqual(Container.Viewmode, $LOCALIZE[37710])">SetFocus(3142)</onload>
	<allowoverlay>yes</allowoverlay>
    <zorder>100</zorder>
    <controls>		
        <control type="group">			
			<include>Animation.FadeIn</include>
            <include>Animation.FadeOut</include>			
			<control type="image">
				<left>590</left>
				<top>184</top>	
				<width>429</width>
				<height>690</height>
				<colordiffuse>White100</colordiffuse>
				<texture border="16">common/rounded-shadow8.png</texture>
			</control>
			
			<control type="group">
				<left>612</left>
				<top>206</top>
				<control type="label">
					<description>Header Label</description>
					<left>70</left>
					<width>1000</width>
					<posy>0</posy>
					<include>FontTop</include>
					<textcolor>Dark2</textcolor>
					<label>582</label>
				</control>
				
				<control type="image">
					<top>15</top>
					<left>15</left>
					<width>40</width>
					<height>40</height>
					<colordiffuse>$VAR[ColorKodiLogo]</colordiffuse>
					<texture>buttons/kodi-logo.png</texture>
				</control>
				
				<!-- Lines -->
				<control type="image">
					<top>70</top>
					<left>17</left>
					<width>350</width>
					<height>1</height>
					<bottom>10</bottom>
					<colordiffuse>Black12</colordiffuse>
					<texture>common/white.png</texture>
				</control>
			</control>
			
			<control type="group">
				<height>390</height>
				<left>587</left>
				<top>200</top>
				<control type="image">
					<description>arrow image</description>
					<left>200</left>
					<top>-30</top>
					<width>16</width>
					<height>16</height>
					<texture colordiffuse="White70" flipy="true">common/arrow-small.png</texture>
				</control>
				<control type="image">
					<description>arrow image</description>
					<left>200</left>
					<top>672</top>
					<width>16</width>
					<height>16</height>
					<texture colordiffuse="White70" flipy="false">common/arrow-small.png</texture>
				</control>
			</control>
		 	<control type="grouplist" id="9001">
                <height>560</height>
                <left>598</left>
    			<top>294</top>
				<onleft>SetFocus(9305)</onleft>
				<onleft>Close</onleft>
				<onright>SetFocus(9305)</onright>
				<onright>Close</onright>			
				<itemgap>0</itemgap>
                <control type="button" id="3120">
				    <width>413</width>
                    <include>DefContextButton</include>
                    <label>Shifted More</label>
					<align>left</align>
                    <onclick>Container.SetViewMode(513)</onclick>
					<onclick>Close</onclick> 
                </control>
				<control type="button" id="3121">
				    <width>413</width>
                    <include>DefContextButton</include>
                    <label>31265</label>
					<align>left</align>
                    <onclick>Container.SetViewMode(507)</onclick>
					<onclick>Close</onclick> 
                </control>
				<control type="button" id="3122">
				    <width>413</width>
                    <include>DefContextButton</include>
                    <label>37590</label>
					<align>left</align>
                    <onclick>Container.SetViewMode(510)</onclick>
					<onclick>Close</onclick> 
                </control>				
				<control type="button" id="3123">
				    <width>413</width>
                    <include>DefContextButton</include>
                    <label>37537</label>
					<align>left</align>
                    <onclick>Container.SetViewMode(509)</onclick>
					<onclick>Close</onclick> 
					<enable>!Container.Content(episodes)</enable>
                </control>			
				<control type="button" id="3124">
				    <width>413</width>
                    <include>DefContextButton</include>
                    <label>37517</label>
					<align>left</align>
                    <onclick>Container.SetViewMode(504)</onclick>
					<onclick>Close</onclick> 
                </control>
				<control type="button" id="3125">
				    <width>413</width>
                    <include>DefContextButton</include>
                    <label>37619</label>
					<align>left</align>
                    <onclick>Container.SetViewMode(512)</onclick>
					<onclick>Close</onclick> 
                </control>	
				<control type="button" id="3126">
				    <width>413</width>
                    <include>DefContextButton</include>
                    <label>37606</label>
					<align>left</align>
                    <onclick>Container.SetViewMode(511)</onclick>
					<onclick>Close</onclick> 
                </control>		
				<control type="button" id="3127">
				    <width>413</width>
                    <include>DefContextButton</include>
                    <label>20180</label>
					<align>left</align>
                    <onclick>Container.SetViewMode(55)</onclick>
					<onclick>Close</onclick> 
					<enable>!Container.Content(episodes)</enable>
                </control>				
				<control type="button" id="3128">
				    <width>413</width>
                    <include>DefContextButton</include>
                    <label>31147</label>
					<align>left</align>	
                    <onclick>Container.SetViewMode(57)</onclick>
					<onclick>Close</onclick> 
                </control>
				<control type="button" id="3129">
				    <width>413</width>
                    <include>DefContextButton</include>
                    <label>31258</label>
					<align>left</align>	
                    <onclick>Container.SetViewMode(555)</onclick>
					<onclick>Close</onclick> 
                </control>
				<control type="button" id="3130">
				    <width>413</width>
                    <include>DefContextButton</include>
                    <label>31244</label>
					<align>left</align>	
                    <onclick>Container.SetViewMode(59)</onclick>
					<onclick>Close</onclick> 
					<enable>Container.Content(movies) | Container.Content(tvshows)</enable>
                </control>
				<control type="button" id="3131">
				    <width>413</width>
                    <include>DefContextButton</include>
                    <label>539</label>
					<align>left</align>	
                    <onclick>Container.SetViewMode(54)</onclick>
					<onclick>Close</onclick> 
                </control>
				<control type="button" id="3132">
				    <width>413</width>
                    <include>DefContextButton</include>
                    <label>540</label>
					<align>left</align>	
                    <onclick>Container.SetViewMode(51)</onclick>
					<onclick>Close</onclick> 
                </control>
				<control type="button" id="3133">
				    <width>413</width>
                    <include>DefContextButton</include>
                    <label>31198</label>
					<align>left</align>	
                    <onclick>Container.SetViewMode(58)</onclick>
					<onclick>Close</onclick> 
                </control>
				<control type="button" id="3134">
				    <width>413</width>
                    <include>DefContextButton</include>
                    <label>537</label>
					<align>left</align>	
                    <onclick>Container.SetViewMode(52)</onclick>
					<onclick>Close</onclick> 
                </control>
				<control type="button" id="3135">
				    <width>413</width>
                    <include>DefContextButton</include>
                    <label>31264</label>
					<align>left</align>	
                    <onclick>Container.SetViewMode(500)</onclick>
					<onclick>Close</onclick> 
                </control>
				<control type="button" id="3136">
				    <width>413</width>
                    <include>DefContextButton</include>
                    <label>538</label>
					<align>left</align>	
                    <onclick>Container.SetViewMode(53)</onclick>
					<onclick>Close</onclick> 
					<enable>!Container.Content(episodes)</enable>
                </control>			
				<control type="button" id="3138">
				    <width>413</width>
                    <include>DefContextButton</include>
                    <label>535</label>
					<align>left</align>	
                    <onclick>Container.SetViewMode(50)</onclick>
					<onclick>Close</onclick> 
                </control>
				<control type="button" id="3139">
				    <width>413</width>
                    <include>DefContextButton</include>
                    <label>544</label>
					<align>left</align>
                    <onclick>Container.SetViewMode(56)</onclick>
					<onclick>Close</onclick> 
                </control>
				<control type="button" id="3141">
				    <width>413</width>
                    <include>DefContextButton</include>
                    <label>37518</label>
					<align>left</align>
                    <onclick>Container.SetViewMode(501)</onclick>
					<onclick>Close</onclick> 
                </control>
                <control type="button" id="3142">
				    <width>413</width>
                    <include>DefContextButton</include>
                    <label>37710</label>
					<align>left</align>
                    <onclick>Container.SetViewMode(514)</onclick>
					<onclick>Close</onclick> 
                </control>	
				
            </control>
			<control type="image">
				<left>1025</left>
				<top>184</top>	
				<width>803</width>
				<height>463</height>
				<colordiffuse>White100</colordiffuse>
				<texture border="16">common/rounded-shadow8.png</texture>
			</control>
			
			<control type="image">
				<visible>ControlGroup(9001).HasFocus(3120)</visible>
				<description>Thumb image</description>
				<left>1036</left>
				<top>196</top>
				<width>780</width>
				<height>439</height>
				<texture border="5">special://skin/extras/views/513.jpg</texture>
			</control>
			<control type="image">
				<visible>ControlGroup(9001).HasFocus(3125)</visible>
				<description>Thumb image</description>
				<left>1036</left>
				<top>196</top>
				<width>780</width>
				<height>439</height>
				<texture border="5">special://skin/extras/views/512.jpg</texture>
			</control>
			<control type="image">
				<visible>ControlGroup(9001).HasFocus(3126)</visible>
				<description>Thumb image</description>
				<left>1036</left>
				<top>196</top>
				<width>780</width>
				<height>439</height>
				<texture border="5">special://skin/extras/views/511.jpg</texture>
			</control>
			<control type="image">
				<visible>ControlGroup(9001).HasFocus(3141)</visible>
				<description>Thumb image</description>
				<left>1036</left>
				<top>196</top>
				<width>780</width>
				<height>439</height>
				<texture border="5">special://skin/extras/views/501.jpg</texture>
			</control>
			<control type="image">
				<visible>ControlGroup(9001).HasFocus(3121)</visible>
				<description>Thumb image</description>
				<left>1036</left>
				<top>196</top>
				<width>780</width>
				<height>439</height>
				<texture border="5">special://skin/extras/views/507.jpg</texture>
			</control>	
			<control type="image">
				<visible>ControlGroup(9001).HasFocus(3139)</visible>
				<description>Thumb image</description>
				<left>1036</left>
				<top>196</top>
				<width>780</width>
				<height>439</height>
				<texture border="5">special://skin/extras/views/56.jpg</texture>
			</control>	
			<control type="image">
				<visible>ControlGroup(9001).HasFocus(3124)</visible>
				<description>Thumb image</description>
				<left>1036</left>
				<top>196</top>
				<width>780</width>
				<height>439</height>
				<texture border="5">special://skin/extras/views/504.jpg</texture>
			</control>	
			<control type="image">
				<visible>ControlGroup(9001).HasFocus(3123)</visible>
				<description>Thumb image</description>
				<left>1036</left>
				<top>196</top>
				<width>780</width>
				<height>439</height>
				<texture border="5">special://skin/extras/views/509.jpg</texture>
			</control>	
			<control type="image">
				<visible>ControlGroup(9001).HasFocus(3127)</visible>
				<description>Thumb image</description>
				<left>1036</left>
				<top>196</top>
				<width>780</width>
				<height>439</height>
				<texture border="5">special://skin/extras/views/55.jpg</texture>
			</control>	
			<control type="image">
				<visible>ControlGroup(9001).HasFocus(3128)</visible>
				<description>Thumb image</description>
				<left>1036</left>
				<top>196</top>
				<width>780</width>
				<height>439</height>
				<texture border="5">special://skin/extras/views/57.jpg</texture>
			</control>	
			<control type="image">
				<visible>ControlGroup(9001).HasFocus(3129)</visible>
				<description>Thumb image</description>
				<left>1036</left>
				<top>196</top>
				<width>780</width>
				<height>439</height>
				<texture border="5">special://skin/extras/views/555.jpg</texture>
			</control>	
			<control type="image">
				<visible>ControlGroup(9001).HasFocus(3130)</visible>
				<description>Thumb image</description>
				<left>1036</left>
				<top>196</top>
				<width>780</width>
				<height>439</height>
				<texture border="5">special://skin/extras/views/59.jpg</texture>
			</control>	
			<control type="image">
				<visible>ControlGroup(9001).HasFocus(3131)</visible>
				<description>Thumb image</description>
				<left>1036</left>
				<top>196</top>
				<width>780</width>
				<height>439</height>
				<texture border="5">special://skin/extras/views/54.jpg</texture>
			</control>
			<control type="image">
				<visible>ControlGroup(9001).HasFocus(3132)</visible>
				<description>Thumb image</description>
				<left>1036</left>
				<top>196</top>
				<width>780</width>
				<height>439</height>
				<texture border="5">special://skin/extras/views/51.jpg</texture>
			</control>	
			<control type="image">
				<visible>ControlGroup(9001).HasFocus(3133)</visible>
				<description>Thumb image</description>
				<left>1036</left>
				<top>196</top>
				<width>780</width>
				<height>439</height>
				<texture border="5">special://skin/extras/views/58.jpg</texture>
			</control>
			<control type="image">
				<visible>ControlGroup(9001).HasFocus(3134)</visible>
				<description>Thumb image</description>
				<left>1036</left>
				<top>196</top>
				<width>780</width>
				<height>439</height>
				<texture border="5">special://skin/extras/views/52.jpg</texture>
			</control>	
			<control type="image">
				<visible>ControlGroup(9001).HasFocus(3135)</visible>
				<description>Thumb image</description>
				<left>1036</left>
				<top>196</top>
				<width>780</width>
				<height>439</height>
				<texture border="5">special://skin/extras/views/500.jpg</texture>
			</control>	
			<control type="image">
				<visible>ControlGroup(9001).HasFocus(3136)</visible>
				<description>Thumb image</description>
				<left>1036</left>
				<top>196</top>
				<width>780</width>
				<height>439</height>
				<texture border="5">special://skin/extras/views/53.jpg</texture>
			</control>	
			<control type="image">
				<visible>ControlGroup(9001).HasFocus(3137)</visible>
				<description>Thumb image</description>
				<left>1036</left>
				<top>196</top>
				<width>780</width>
				<height>439</height>
				<texture border="5">special://skin/extras/views/57.jpg</texture>
			</control>		
			<control type="image">
				<visible>ControlGroup(9001).HasFocus(3138)</visible>
				<description>Thumb image</description>
				<left>1036</left>
				<top>196</top>
				<width>780</width>
				<height>439</height>
				<texture border="5">special://skin/extras/views/50.jpg</texture>
			</control>	
			<control type="image">
				<visible>ControlGroup(9001).HasFocus(3122)</visible>
				<description>Thumb image</description>
				<left>1036</left>
				<top>196</top>
				<width>780</width>
				<height>439</height>
				<texture border="5">special://skin/extras/views/510.jpg</texture>
			</control>
            <control type="image">
				<visible>ControlGroup(9001).HasFocus(3142)</visible>
				<description>Thumb image</description>
				<left>1036</left>
				<top>196</top>
				<width>780</width>
				<height>439</height>
				<texture border="5">special://skin/extras/views/514.jpg</texture>
			</control>	
		</control>
    </controls>
</window>
