<?xml version="1.0" encoding="UTF-8"?>
<!-- Foundation -->
<includes>

    <include file="Defaults.xml" />
	<include file="IncludesVideoLyrics.xml" />
	<include file="Includes_Lyrics.xml" />
    
    <!-- Views -->
    <include file="View_50_List.xml" />
    <include file="View_51_BigWide.xml" />
    <include file="View_52_BigList.xml" />
    <include file="View_53_Poster.xml" />
    <include file="View_54_Banner.xml" />
    <include file="View_55_Wall.xml" />
    <include file="View_56_MediaInfo.xml" />
    <include file="View_57_ExtraInfo.xml" />
    <include file="View_58_Cards.xml" />
    <include file="View_59_BannerWall.xml" />
    <include file="View_500_Thumbnails.xml" />
    <include file="View_503_Poster_Square.xml" />
    <include file="View_505_Wall_Square.xml" />
	<include file="View_501_Modern_Fanart.xml" />
	<include file="View_504_Netflix.xml" />
	<include file="View_507_Fanart.xml" />
	<include file="View_509_Shift.xml" />
	<include file="View_506_Slider.xml" />
    
    
    <include file="Includes_Furniture.xml" />
    <include file="Includes_Home.xml" />
    <include file="Includes_GlobalSearch.xml" />
    <include file="Includes_NextAired.xml" />
    <include file="Includes_Labels.xml" />
    <include file="Includes_Images.xml" />
    <include file="Includes_Animations.xml" />
    <include file="Includes_Defs.xml" />
    <include file="Includes_PVR.xml" />
    <include file="Includes_OSD.xml" />
    
    <!-- Skin Shortcuts -->
    <include file="script-skinshortcuts-includes.xml"/>
    

    <include name="HiddenButton">
        <posx>-20</posx>
        <posy>-20</posy>
        <width>1</width>
        <height>1</height>
        <label>-</label>
        <texturenofocus>-</texturenofocus>
        <texturefocus>-</texturefocus>
    </include>

    <include name="Dimensions_Fullscreen">
        <posx>0</posx>
        <posy>0</posy>
        <width>1920</width>
        <height>1080</height>
    </include>
	
	<include name="Dimensions_Fullscreen2">
        <posx>0</posx>
        <posy>300</posy>
        <width>1920</width>
        <height>480</height>
    </include>

    <include name="WindowID">
        <width>780</width>
        <height>21</height>
        <textcolor>Blue</textcolor>
        <shadowcolor>Black</shadowcolor>
        <align>left</align>
    </include>

    <include name="DialogID">
        <width>780</width>
        <height>21</height>
        <textcolor>Green</textcolor>
        <shadowcolor>Black</shadowcolor>
        <align>left</align>
    </include>

    <include name="PathID">
        <posx>15r</posx>
        <posy>15</posy>
        <width>780</width>
        <height>21</height>
        <textcolor>Blue</textcolor>
        <shadowcolor>Black</shadowcolor>
        <align>right</align>
    </include>

    <include name="ControlID">
        <posx>15r</posx>
        <posy>48</posy>
        <width>780</width>
        <height>21</height>
        <textcolor>Red</textcolor>
        <shadowcolor>Black</shadowcolor>
        <align>right</align>
    </include>

    <include name="GlobalOverlay">

        <control type="image">
            <include>Animation.FadeIn</include>
            <include condition="!Window.IsVisible(DialogButtonMenu.xml)">Animation.FadeOut</include>
            <include>Dimensions_Fullscreen</include>
            <texture border="2">common/black-back.png</texture>
        </control>

    </include>
	
	<include name="GlobalOverlay2">

        <control type="image">
            <include>Animation.FadeIn</include>
            <include condition="!Window.IsVisible(DialogButtonMenu.xml)">Animation.FadeOut</include>
            <include>Dimensions_Fullscreen2</include>
            <texture colordiffuse="D9BDBDBD" border="30">backg/diffuseoverlay.png</texture>
        </control>

    </include>
	
	<variable name="RatingFlagVar33">
		<value condition="String.Contains(ListItem.mpaa,US:G) | String.Contains(ListItem.mpaa,USA:G) | String.Contains(ListItem.mpaa,Rated G)">flags2/rating/info/mpaa_g_certificate_us.png</value>
		<value condition="String.Contains(ListItem.mpaa,PG-13)">flags2/rating/info/mpaa_pg-13_certificate_us.png</value>
		<value condition="String.Contains(ListItem.mpaa,Rated PG) | String.IsEqual(ListItem.Mpaa,PG)">flags2/rating/info/mpaa_pg_certificate_us.png</value>
		<value condition="String.Contains(ListItem.mpaa,US:R) | String.Contains(ListItem.mpaa,USA:R) | String.Contains(ListItem.mpaa,Rated R) | String.IsEqual(ListItem.mpaa,R)">flags2/rating/info/mpaa_r_certificate_us.png</value>
		<value condition="String.Contains(ListItem.mpaa,US:NC-17)| String.Contains(ListItem.mpaa,USA:NC-17)| String.Contains(ListItem.mpaa,Rated NC-17)">flags2/rating/info/mpaa_nc-17_certificate_us.png</value>
		<value condition="String.Contains(ListItem.mpaa,UK:U)">flags2/rating/info/BBFC_U_Certificate_UK.png</value>
		<value condition="String.Contains(ListItem.mpaa,UK:PG)">flags2/rating/info/BBFC_PG_Certificate_UK.png</value>
		<value condition="String.Contains(ListItem.mpaa,UK:12A)">flags2/rating/info/BBFC_12A_Certificate_UK.png</value>
		<value condition="String.Contains(ListItem.mpaa,UK:12)">flags2/rating/info/BBFC_12_Certificate_UK.png</value>
		<value condition="String.Contains(ListItem.mpaa,UK:15)">flags2/rating/info/BBFC_15_Certificate_UK.png</value>
		<value condition="String.Contains(ListItem.mpaa,UK:18)">flags2/rating/info/BBFC_18_Certificate_UK.png</value>
		<value condition="String.Contains(ListItem.mpaa,Germany:0) | String.Contains(ListItem.mpaa,ab 0) | String.IsEqual(ListItem.mpaa,0) | String.Contains(ListItem.mpaa,FSK 0) | String.Contains(ListItem.mpaa,Rated 0)">flags2/rating/info/FSK-0.png</value>
		<value condition="String.Contains(ListItem.mpaa,Germany:16) | String.Contains(ListItem.mpaa,ab 16) | String.IsEqual(ListItem.mpaa,16) | String.Contains(ListItem.mpaa,FSK 16) | String.Contains(ListItem.mpaa,Rated 16)">flags2/rating/info/FSK-16.png</value>
		<value condition="String.Contains(ListItem.mpaa,Germany:6)| String.Contains(ListItem.mpaa,ab 6) | String.IsEqual(ListItem.mpaa,6) | String.Contains(ListItem.mpaa,Rated 6)">flags2/rating/info/FSK-6.png</value>
		<value condition="String.Contains(ListItem.mpaa,Germany:12) | String.Contains(ListItem.mpaa,ab 12) | String.IsEqual(ListItem.mpaa,12) | String.Contains(ListItem.mpaa,FSK 12) | String.Contains(ListItem.mpaa,Rated 12)">flags2/rating/info/FSK-12.png</value>
		<value condition="String.Contains(ListItem.mpaa,Germany:18) | String.Contains(ListItem.mpaa,ab 18) | String.IsEqual(ListItem.mpaa,18) | String.Contains(ListItem.mpaa,FSK 18) | String.Contains(ListItem.mpaa,Rated 18)">flags2/rating/info/FSK-18.png</value>
		<value condition="String.Contains(ListItem.mpaa,besorolás alatt)">flags2/rating/info/HU_BA.png</value>
		<value condition="String.Contains(ListItem.mpaa,korhatárra való tekintett nélkül megtekintetheto)">flags2/rating/info/HU_KN.png</value>
		<value condition="String.Contains(ListItem.mpaa,12 éven aluliak számára a megtekintése nagykorú felügyelete mellett ajánlott)">flags2/rating/info/HU_12.png</value>
		<value condition="String.Contains(ListItem.mpaa,16 éven aluliak számára nem ajánlott)">flags2/rating/info/HU_16.png</value>
		<value condition="String.Contains(ListItem.mpaa,18 éven aluliak számára nem ajánlott)">flags2/rating/info/HU_18.png</value>
		<value condition="String.Contains(ListItem.mpaa,France:U) | String.Contains(ListItem.mpaa,Tout public) | String.Contains(ListItem.mpaa,Tous publics)">flags2/rating/info/csaU.png</value>
		<value condition="String.Contains(ListItem.mpaa,France:10) | String.Contains(ListItem.mpaa,Interdit aux moins de 10 ans) | String.Contains(ListItem.mpaa,des propos ou des images peuvent heurter)">flags2/rating/info/csa10.png</value>
		<value condition="String.Contains(ListItem.mpaa,France:12) | String.Contains(ListItem.mpaa,Interdit aux moins de 12 ans)">flags2/rating/info/csa12.png</value>
		<value condition="String.Contains(ListItem.mpaa,France:16) | String.Contains(ListItem.mpaa,Interdit aux moins de 16 ans)">flags2/rating/info/csa16.png</value>
		<value condition="String.Contains(ListItem.mpaa,France:18) | String.Contains(ListItem.mpaa,Interdit aux moins de 18 ans)">flags2/rating/info/csa18.png</value>
		<value condition="String.Contains(ListItem.mpaa,전체)">flags2/rating/info/KR_Certificate_All.png</value>
		<value condition="String.Contains(ListItem.mpaa,12세)">flags2/rating/info/KR_Certificate_12.png</value>
		<value condition="String.Contains(ListItem.mpaa,15세)">flags2/rating/info/KR_Certificate_15.png</value>
		<value condition="String.Contains(ListItem.mpaa,불가)">flags2/rating/info/KR_Certificate_18.png</value>
		<value condition="String.Contains(ListItem.mpaa,제한)">flags2/rating/info/KR_Certificate_R.png</value>
		<value condition="String.Contains(ListItem.mpaa,Brazil:Livre) | String.Contains(ListItem.mpaa,Livre)">flags2/rating/info/MPAA_Brazil_Livre.png</value>
		<value condition="String.Contains(ListItem.mpaa,Brazil:10) | String.Contains(ListItem.mpaa,10 anos)">flags2/rating/info/MPAA_Brazil_10.png</value>
		<value condition="String.Contains(ListItem.mpaa,Brazil:12) | String.Contains(ListItem.mpaa,12 anos)">flags2/rating/info/MPAA_Brazil_12.png</value>
		<value condition="String.Contains(ListItem.mpaa,Brazil:14) | String.Contains(ListItem.mpaa,14 anos)">flags2/rating/info/MPAA_Brazil_14.png</value>
		<value condition="String.Contains(ListItem.mpaa,Brazil:16) | String.Contains(ListItem.mpaa,16 anos)">flags2/rating/info/MPAA_Brazil_16.png</value>
		<value condition="String.Contains(ListItem.mpaa,Brazil:18) | String.Contains(ListItem.mpaa,18 anos)">flags2/rating/info/MPAA_Brazil_18.png</value>
		<value condition="String.Contains(ListItem.mpaa,Australia:)">$INFO[ListItem.MPAA,flags2/rating/info/australia_,.png]</value>
		<value>$INFO[ListItem.MPAA,flags2/rating/info/,.png]</value>
	</variable>
	
	<variable name="RatingFlagVar22">
		<value condition="String.Contains(ListItem.mpaa,US:G) | String.Contains(ListItem.mpaa,USA:G) | String.Contains(ListItem.mpaa,Rated G)">flags2/rating/info/mpaa_g_certificate_us.png</value>
		<value condition="String.Contains(ListItem.mpaa,PG-13)">flags2/rating/info/mpaa_pg-13_certificate_us.png</value>
		<value condition="String.Contains(ListItem.mpaa,Rated PG) | String.IsEqual(ListItem.Mpaa,PG)">flags2/rating/info/mpaa_pg_certificate_us.png</value>
		
		<value condition="String.Contains(ListItem.mpaa,US:R) | String.Contains(ListItem.mpaa,USA:R) | String.Contains(ListItem.mpaa,Rated) | String.Contains(ListItem.mpaa,Rated R) | String.IsEqual(ListItem.mpaa,R)">flags2/rating/info/mpaa_r_certificate_us.png</value>
		<value condition="String.Contains(ListItem.mpaa,US:NC-17)| String.Contains(ListItem.mpaa,USA:NC-17)| String.Contains(ListItem.mpaa,Rated NC-17)">flags2/rating/info/mpaa_nc-17_certificate_us.png</value>
		<value condition="String.Contains(ListItem.mpaa,UK:U)">flags/mpaa/BBFC_U_Certificate_UK.png</value>
		<value condition="String.Contains(ListItem.mpaa,UK:PG)">flags/mpaa/BBFC_PG_Certificate_UK.png</value>
		<value condition="String.Contains(ListItem.mpaa,UK:12A)">flags/mpaa/BBFC_12A_Certificate_UK.png</value>
		<value condition="String.Contains(ListItem.mpaa,UK:12)">flags/mpaa/BBFC_12_Certificate_UK.png</value>
		<value condition="String.Contains(ListItem.mpaa,UK:15)">flags/mpaa/BBFC_15_Certificate_UK.png</value>
		<value condition="String.Contains(ListItem.mpaa,UK:18)">flags/mpaa/BBFC_18_Certificate_UK.png</value>
		<value condition="String.Contains(ListItem.mpaa,Germany:16) | String.Contains(ListItem.mpaa,ab 16) | String.IsEqual(ListItem.mpaa,16) | String.Contains(ListItem.mpaa,FSK 16) | String.Contains(ListItem.mpaa,Rated 16)">flags2/rating/info/FSK-16.png</value>
		<value condition="String.Contains(ListItem.mpaa,Germany:6)| String.Contains(ListItem.mpaa,ab 6) | String.IsEqual(ListItem.mpaa,6) | String.Contains(ListItem.mpaa,FSK 16) | String.Contains(ListItem.mpaa,Rated 6)">flags2/rating/info/FSK-6.png</value>
		<value condition="String.Contains(ListItem.mpaa,Germany:12) | String.Contains(ListItem.mpaa,ab 12) | String.IsEqual(ListItem.mpaa,12) | String.Contains(ListItem.mpaa,FSK 12) | String.Contains(ListItem.mpaa,Rated 12)">flags2/rating/info/FSK-12.png</value>
		<value condition="String.Contains(ListItem.mpaa,Germany:18) | String.Contains(ListItem.mpaa,ab 18) | String.IsEqual(ListItem.mpaa,18) | String.Contains(ListItem.mpaa,FSK 18) | String.Contains(ListItem.mpaa,Rated 18)">flags2/rating/info/FSK-18.png</value>
		<value condition="String.Contains(ListItem.mpaa,Germany)|String.Contains(ListItem.mpaa,FSK)| String.Contains(ListItem.mpaa,o.A)| String.Contains(ListItem.mpaa,Rated 0)">flags2/rating/info/FSK-0.png</value>
		<value condition="String.Contains(ListItem.mpaa,besorolás alatt)">flags/mpaa/HU_BA.png</value>
		<value condition="String.Contains(ListItem.mpaa,korhatárra való tekintett nélkül megtekintetheto)">flags/mpaa/HU_KN.png</value>
		<value condition="String.Contains(ListItem.mpaa,12 éven aluliak számára a megtekintése nagykorú felügyelete mellett ajánlott)">flags/mpaa/HU_12.png</value>
		<value condition="String.Contains(ListItem.mpaa,16 éven aluliak számára nem ajánlott)">flags/mpaa/HU_16.png</value>
		<value condition="String.Contains(ListItem.mpaa,18 éven aluliak számára nem ajánlott)">flags/mpaa/HU_18.png</value>
		<value condition="String.Contains(ListItem.mpaa,France:U) | String.Contains(ListItem.mpaa,partir de 3 ans) | String.Contains(ListItem.mpaa,partir de 6 ans)">flags/mpaa/csaU.png</value>
		<value condition="String.Contains(ListItem.mpaa,France:-10) | String.Contains(ListItem.mpaa,Interdit aux moins de 10 ans) | String.Contains(ListItem.mpaa,des propos ou des images peuvent heurter)">flags/mpaa/csa10.png</value>
		<value condition="String.Contains(ListItem.mpaa,France:-12) | String.Contains(ListItem.mpaa,Interdit aux moins de 12 ans)">flags/mpaa/csa12.png</value>
		<value condition="String.Contains(ListItem.mpaa,France:-16) | String.Contains(ListItem.mpaa,Interdit aux moins de 16 ans)">flags/mpaa/csa16.png</value>
		<value condition="String.Contains(ListItem.mpaa,France:-18) | String.Contains(ListItem.mpaa,Interdit aux moins de 18 ans)">flags/mpaa/csa18.png</value>
		<value condition="String.Contains(ListItem.mpaa,전체)">flags/mpaa/KR_Certificate_All.png</value>
		<value condition="String.Contains(ListItem.mpaa,12세)">flags/mpaa/KR_Certificate_12.png</value>
		<value condition="String.Contains(ListItem.mpaa,15세)">flags/mpaa/KR_Certificate_15.png</value>
		<value condition="String.Contains(ListItem.mpaa,불가)">flags/mpaa/KR_Certificate_18.png</value>
		<value condition="String.Contains(ListItem.mpaa,제한)">flags/mpaa/KR_Certificate_R.png</value>
		<value condition="String.Contains(ListItem.mpaa,Brazil:Livre) | String.Contains(ListItem.mpaa,Livre)">flags/mpaa/MPAA_Brazil_Livre.png</value>
		<value condition="String.Contains(ListItem.mpaa,Brazil:10) | String.Contains(ListItem.mpaa,10 anos)">flags/mpaa/MPAA_Brazil_10.png</value>
		<value condition="String.Contains(ListItem.mpaa,Brazil:12) | String.Contains(ListItem.mpaa,12 anos)">flags/mpaa/MPAA_Brazil_12.png</value>
		<value condition="String.Contains(ListItem.mpaa,Brazil:14) | String.Contains(ListItem.mpaa,14 anos)">flags/mpaa/MPAA_Brazil_14.png</value>
		<value condition="String.Contains(ListItem.mpaa,Brazil:16) | String.Contains(ListItem.mpaa,16 anos)">flags/mpaa/MPAA_Brazil_16.png</value>
		<value condition="String.Contains(ListItem.mpaa,Brazil:18) | String.Contains(ListItem.mpaa,18 anos)">flags/mpaa/MPAA_Brazil_18.png</value>
		<value condition="String.Contains(ListItem.mpaa,Australia:)">$INFO[ListItem.MPAA,flags/mpaa/australia_,.png]</value>
		<value>$INFO[ListItem.MPAA,flags/mpaa/,.png]</value>
	</variable>
	
	<variable name="RatingFlagVar">
		<value condition="String.Contains(ListItem.mpaa,US:G) | String.Contains(ListItem.mpaa,USA:G) | String.Contains(ListItem.mpaa,Rated G)">flags/mpaa/g.png</value>
		<value condition="String.Contains(ListItem.mpaa,PG-13)">flags/mpaa/pg-13.png</value>
		<value condition="String.Contains(ListItem.mpaa,Rated PG) | String.IsEqual(ListItem.Mpaa,PG)">flags/mpaa/pg.png</value>
		<value condition="String.Contains(ListItem.mpaa,US:R) | String.Contains(ListItem.mpaa,USA:R) | String.Contains(ListItem.mpaa,Rated R) | String.Contains(ListItem.mpaa,Rated) | String.IsEqual(ListItem.mpaa,R)">flags/mpaa/r.png</value>
		<value condition="String.Contains(ListItem.mpaa,US:NC-17)| String.Contains(ListItem.mpaa,USA:NC-17)| String.Contains(ListItem.mpaa,Rated NC-17)">flags/mpaa/nc-17.png</value>
		<value condition="String.Contains(ListItem.mpaa,UK:U)">flags/mpaa/BBFC_U_Certificate_UK.png</value>
		<value condition="String.Contains(ListItem.mpaa,UK:PG)">flags/mpaa/BBFC_PG_Certificate_UK.png</value>
		<value condition="String.Contains(ListItem.mpaa,UK:12A)">flags/mpaa/BBFC_12A_Certificate_UK.png</value>
		<value condition="String.Contains(ListItem.mpaa,UK:12)">flags/mpaa/BBFC_12_Certificate_UK.png</value>
		<value condition="String.Contains(ListItem.mpaa,UK:15)">flags/mpaa/BBFC_15_Certificate_UK.png</value>
		<value condition="String.Contains(ListItem.mpaa,UK:18)">flags/mpaa/BBFC_18_Certificate_UK.png</value>
		<value condition="String.Contains(ListItem.mpaa,Germany:16) | String.Contains(ListItem.mpaa,ab 16) | String.IsEqual(ListItem.mpaa,16) | String.Contains(ListItem.mpaa,FSK 16) | String.Contains(ListItem.mpaa,Rated 16)">flags/mpaa/FSK-16.png</value>
		<value condition="String.Contains(ListItem.mpaa,Germany:6)| String.Contains(ListItem.mpaa,ab 6) | String.IsEqual(ListItem.mpaa,6) | String.Contains(ListItem.mpaa,FSK 16) | String.Contains(ListItem.mpaa,Rated 6)">flags/mpaa/FSK-6.png</value>
		<value condition="String.Contains(ListItem.mpaa,Germany:12) | String.Contains(ListItem.mpaa,ab 12) | String.IsEqual(ListItem.mpaa,12) | String.Contains(ListItem.mpaa,FSK 12) | String.Contains(ListItem.mpaa,Rated 12)">flags/mpaa/FSK-12.png</value>
		<value condition="String.Contains(ListItem.mpaa,Germany:18) | String.Contains(ListItem.mpaa,ab 18) | String.IsEqual(ListItem.mpaa,18) | String.Contains(ListItem.mpaa,FSK 18) | String.Contains(ListItem.mpaa,Rated 18)">flags/mpaa/FSK-18.png</value>
		<value condition="String.Contains(ListItem.mpaa,Germany)|String.Contains(ListItem.mpaa,FSK)| String.Contains(ListItem.mpaa,o.A)| String.Contains(ListItem.mpaa,Rated 0)">flags/mpaa/FSK-0.png</value>
		<value condition="String.Contains(ListItem.mpaa,besorolás alatt)">flags/mpaa/HU_BA.png</value>
		<value condition="String.Contains(ListItem.mpaa,korhatárra való tekintett nélkül megtekintetheto)">flags/mpaa/HU_KN.png</value>
		<value condition="String.Contains(ListItem.mpaa,12 éven aluliak számára a megtekintése nagykorú felügyelete mellett ajánlott)">flags/mpaa/HU_12.png</value>
		<value condition="String.Contains(ListItem.mpaa,16 éven aluliak számára nem ajánlott)">flags/mpaa/HU_16.png</value>
		<value condition="String.Contains(ListItem.mpaa,18 éven aluliak számára nem ajánlott)">flags/mpaa/HU_18.png</value>
		<value condition="String.Contains(ListItem.mpaa,France:U) | String.Contains(ListItem.mpaa,partir de 3 ans) | String.Contains(ListItem.mpaa,partir de 6 ans)">flags/mpaa/csaU.png</value>
		<value condition="String.Contains(ListItem.mpaa,France:-10) | String.Contains(ListItem.mpaa,Interdit aux moins de 10 ans) | String.Contains(ListItem.mpaa,des propos ou des images peuvent heurter)">flags/mpaa/csa10.png</value>
		<value condition="String.Contains(ListItem.mpaa,France:-12) | String.Contains(ListItem.mpaa,Interdit aux moins de 12 ans)">flags/mpaa/csa12.png</value>
		<value condition="String.Contains(ListItem.mpaa,France:-16) | String.Contains(ListItem.mpaa,Interdit aux moins de 16 ans)">flags/mpaa/csa16.png</value>
		<value condition="String.Contains(ListItem.mpaa,France:-18) | String.Contains(ListItem.mpaa,Interdit aux moins de 18 ans)">flags/mpaa/csa18.png</value>
		<value condition="String.Contains(ListItem.mpaa,전체)">flags/mpaa/KR_Certificate_All.png</value>
		<value condition="String.Contains(ListItem.mpaa,12세)">flags/mpaa/KR_Certificate_12.png</value>
		<value condition="String.Contains(ListItem.mpaa,15세)">flags/mpaa/KR_Certificate_15.png</value>
		<value condition="String.Contains(ListItem.mpaa,불가)">flags/mpaa/KR_Certificate_18.png</value>
		<value condition="String.Contains(ListItem.mpaa,제한)">flags/mpaa/KR_Certificate_R.png</value>
		<value condition="String.Contains(ListItem.mpaa,Brazil:Livre) | String.Contains(ListItem.mpaa,Livre)">flags/mpaa/MPAA_Brazil_Livre.png</value>
		<value condition="String.Contains(ListItem.mpaa,Brazil:10) | String.Contains(ListItem.mpaa,10 anos)">flags/mpaa/MPAA_Brazil_10.png</value>
		<value condition="String.Contains(ListItem.mpaa,Brazil:12) | String.Contains(ListItem.mpaa,12 anos)">flags/mpaa/MPAA_Brazil_12.png</value>
		<value condition="String.Contains(ListItem.mpaa,Brazil:14) | String.Contains(ListItem.mpaa,14 anos)">flags/mpaa/MPAA_Brazil_14.png</value>
		<value condition="String.Contains(ListItem.mpaa,Brazil:16) | String.Contains(ListItem.mpaa,16 anos)">flags/mpaa/MPAA_Brazil_16.png</value>
		<value condition="String.Contains(ListItem.mpaa,Brazil:18) | String.Contains(ListItem.mpaa,18 anos)">flags/mpaa/MPAA_Brazil_18.png</value>
		<value condition="String.Contains(ListItem.mpaa,Australia:)">$INFO[ListItem.MPAA,flags/mpaa/australia_,.png]</value>
		<value>$INFO[ListItem.MPAA,flags/mpaa/,.png]</value>
	</variable>
	
	

    <variable name="GlobalFanart">
        <value condition="Window.IsActive(script-globalsearch-infodialog.xml) | Window.IsActive(script-globalsearch-main.xml)">$VAR[GlobalSearchArtInfo]</value>
        <value condition="[Window.IsVisible(script-script.extendedinfo-DialogVideoInfo.xml) + String.IsEmpty(Window(home).Property(ExtendedInfo_fanart))] | Window.IsVisible(script-script.extendedinfo-DialogInfo.xml) | Window.IsVisible(script-NextAired-TVGuide.xml) | Window.IsVisible(script-NextAired-TVGuide2.xml)">actorbg.jpg</value>
        <value condition="Window.IsVisible(script-script.extendedinfo-DialogVideoInfo.xml) + !String.IsEmpty(Window(home).Property(ExtendedInfo_fanart))">$INFO[Window(home).Property(ExtendedInfo_fanart)]</value>
        <value condition="Window.IsVisible(weather) + !String.IsEmpty(Skin.String(weather.fanart.path))">$INFO[Skin.String(weather.fanart.path)]$INFO[Window(Weather).Property(Current.FanartCode)]/</value>
        <value condition="Window.IsVisible(home) + !String.IsEmpty(Skin.String(weather.fanart.path)) + String.Contains(Container(300).ListItem.Property(widget),Weather) + !Skin.HasSetting(home.dontshowfanart)">$INFO[Skin.String(weather.fanart.path)]$INFO[Window(Weather).Property(Current.FanartCode)]/</value>
		
		<value condition="!String.IsEmpty(Control.GetLabel(4399)) + Skin.HasSetting(EnableExtraFanart) + !Skin.HasSetting(global.hidefanart)">$INFO[Control.GetLabel(4399)]</value>
		
        <value condition="Window.IsVisible(home) + !String.IsEmpty(Container(301).ListItem.Art(fanart)) + [!Skin.HasSetting(home.dontshowfanart) | Control.HasFocus(301)] + Control.IsVisible(301)">$INFO[Container(301).ListItem.Art(fanart)]</value>
        <value condition="Window.IsVisible(home) + !String.IsEmpty(Container(301).ListItem.Property(fanart)) + [!Skin.HasSetting(home.dontshowfanart) | Control.HasFocus(301)] + Control.IsVisible(301)">$INFO[Container(301).ListItem.Property(fanart)]</value>
        
        <value condition="Window.IsVisible(home) + String.IsEqual(Container(300).ListItem.Property(background),playlistBackground)">$INFO[Container(9988).ListItem.Art(fanart)]</value>
        <value condition="Window.IsVisible(home) + !String.IsEmpty(Container(300).ListItem.Property(Background))">$INFO[Container(300).ListItem.Property(Background)]</value>
        <value condition="Window.IsVisible(home) + !String.IsEmpty(Skin.String(home.slideshowpath)) + [String.Contains(Container(300).ListItem.Property(widget),Weather) | String.IsEmpty(Container(300).ListItem.Property(widget)) | Container(301).IsUpdating |  Skin.HasSetting(home.dontshowfanart)]">$INFO[Skin.String(home.slideshowpath)]</value>
        <value condition="Window.IsVisible(home) + !String.IsEmpty(Skin.String(weather.fanart.path)) + Skin.HasSetting(home.showweatherfanart) + [String.IsEmpty(Container(300).ListItem.Property(widget)) | Container(301).IsUpdating]">$INFO[Skin.String(weather.fanart.path)]$INFO[Window(Weather).Property(Current.FanartCode)]/</value>
        <value condition="Window.IsVisible(home) + !Container(301).IsUpdating + !String.IsEmpty(Skin.String(fanart.fallback))">$INFO[Skin.String(fanart.fallback)]</value>
        <value condition="Window.IsVisible(home) + !Container(301).IsUpdating">pvr/background.jpg</value>
        <value condition="!String.IsEmpty(Window(Home).Property(SkinHelper.ExtraFanArtPath)) + Skin.HasSetting(SkinHelper.EnableExtraFanart) + System.HasAddon(script.skin.helper.service) + Window.IsVisible(MyVideoNav.xml)">$INFO[Window(Home).Property(SkinHelper.ExtraFanArtPath)]</value>
        <value condition="!String.IsEmpty(ListItem.Art(fanart))">$INFO[ListItem.Art(fanart)]</value>
        <value condition="!String.IsEmpty(Container(9500).ListItem.Art(fanart))">$INFO[Container(9500).ListItem.Art(fanart)]</value>
        <value condition="!String.IsEmpty(ListItem.Property(Fanart_Image))">$INFO[ListItem.Property(Fanart_Image)]</value>
        <value condition="!String.IsEmpty(ListItem.Property(Fanart))">$INFO[ListItem.Property(Fanart)]</value>
        <value condition="!String.IsEmpty(Skin.String(fanart.fallback))">$INFO[Skin.String(fanart.fallback)]</value>
        <value>common/null.png</value>
    </variable>
    
    <include name="GlobalVideoWindow">
        <control type="image" description="Background">
            <include>Dimensions_Fullscreen</include>
            <texture colordiffuse="Background">common/bg.jpg</texture>
        </control>
        <control type="image" description="Background">
            <include>Dimensions_Fullscreen</include>
            <texture colordiffuse="Black">common/white.png</texture>
            <visible>Player.HasVideo + Skin.HasSetting(global.showvideo)</visible>
        </control>
        <control type="videowindow">
            <visible>Skin.HasSetting(global.showvideo)</visible>
            <include>Dimensions_Fullscreen</include>
        </control>
    </include>
    <include name="GlobalVisualisation">
        <control type="group">
            <visible>Player.HasAudio + Skin.HasSetting(global.showvisualisation)</visible>
            <control type="visualisation">
                <visible>Skin.HasSetting(ArtistSlideShow.Disabled) | !System.HasAddon(script.artistslideshow) | Skin.HasSetting(OSDVisualisation.ShowFanart)</visible>
                <description>visualisation</description>
                <include>Dimensions_Fullscreen</include>
            </control>
            <control type="multiimage">
                <aspectratio>scale</aspectratio>
                <include>Dimensions_Fullscreen</include>
                <timeperimage>10000</timeperimage>
                <randomize>true</randomize>
                <fadetime>600</fadetime>
                <loop>yes</loop>
                <imagepath background="true">$INFO[Window(Visualisation).Property(ArtistSlideshow)]</imagepath>
                <visible>System.HasAddon(script.artistslideshow) + !Skin.HasSetting(ArtistSlideShow.Disabled)</visible>
                <animation effect="fade" start="100" end="65" time="0" condition="Skin.HasSetting(OSDVisualisation.ShowFanart)">Conditional</animation>
                <animation effect="zoom" start="110" end="130" center="auto" time="10000" tween="sine" easing="inout" pulse="true" condition="Skin.HasSetting(ArtistSlideshow.Animate)">Conditional</animation>
                <animation effect="slide" start="-30,-30" end="30,30" time="6000" tween="sine" easing="inout" pulse="true" condition="Skin.HasSetting(ArtistSlideshow.Animate)">Conditional</animation>
            </control>
        </control>
    </include>
	
    <include name="GlobalBackgroundFade">
	<colordiffuse>FanartFade</colordiffuse>
	</include>
	
    <include name="GlobalBackground">
        <include>GlobalVideoWindow</include>
        <include>GlobalVisualisation</include>
        <control type="image" description="Background">
            <include>Dimensions_Fullscreen</include>
            <include condition="!Skin.HasSetting(home.vertical)">Animation.FadeFromHome</include>
            <texture colordiffuse="Background">common/bg.jpg</texture>
            <visible>!Window.IsVisible(home) | Skin.HasSetting(home.vertical)</visible>
            <animation effect="fade" start="100" end="75" time="200" condition="Player.HasVideo + Skin.HasSetting(global.showvideo) | Player.HasAudio + Skin.HasSetting(global.showvisualisation)">Conditional</animation>
        </control>

		<control type="fadelabel" id="4399">
			<top>-900</top>
			<width>2560</width>
			<height>0</height>
			<scroll>false</scroll>
			<scrollout>false</scrollout>
			<randomize>true</randomize>
			<resetonlabelchange>true</resetonlabelchange>
			<visible>Skin.HasSetting(EnableExtraFanart)</visible>
			<label>$INFO[ListItem.Art(fanart)]</label>
			<label>$INFO[ListItem.Art(fanart1)]</label>
			<label>$INFO[ListItem.Art(fanart2)]</label>
			<label>$INFO[ListItem.Art(fanart3)]</label>
			<label>$INFO[ListItem.Art(fanart4)]</label>
			<label>$INFO[ListItem.Art(fanart5)]</label>
			<label>$INFO[ListItem.Art(fanart6)]</label>
			<label>$INFO[ListItem.Art(fanart7)]</label>
			<label>$INFO[ListItem.Art(fanart8)]</label>
			<label>$INFO[ListItem.Art(fanart9)]</label>
			<label>$INFO[ListItem.Art(fanart10)]</label>
			<label>$INFO[ListItem.Art(fanart11)]</label>
			<label>$INFO[ListItem.Art(fanart12)]</label>
			<label>$INFO[ListItem.Art(fanart13)]</label>
			<label>$INFO[ListItem.Art(fanart14)]</label>
			<label>$INFO[ListItem.Art(fanart15)]</label>
			<label>$INFO[ListItem.Art(fanart16)]</label>
			<label>$INFO[ListItem.Art(fanart17)]</label>
			<label>$INFO[ListItem.Art(fanart18)]</label>
			<label>$INFO[ListItem.Art(fanart19)]</label>
			<label>$INFO[ListItem.Art(fanart20)]</label>
			<label>$INFO[ListItem.Art(tvshow.fanart1)]</label>
			<label>$INFO[ListItem.Art(tvshow.fanart2)]</label>
			<label>$INFO[ListItem.Art(tvshow.fanart3)]</label>
			<label>$INFO[ListItem.Art(tvshow.fanart4)]</label>
			<label>$INFO[ListItem.Art(tvshow.fanart5)]</label>
			<label>$INFO[ListItem.Art(tvshow.fanart6)]</label>
			<label>$INFO[ListItem.Art(tvshow.fanart7)]</label>
			<label>$INFO[ListItem.Art(tvshow.fanart8)]</label>
			<label>$INFO[ListItem.Art(tvshow.fanart9)]</label>
			<label>$INFO[ListItem.Art(tvshow.fanart10)]</label>
			<label>$INFO[ListItem.Art(tvshow.fanart11)]</label>
			<label>$INFO[ListItem.Art(tvshow.fanart12)]</label>
			<label>$INFO[ListItem.Art(tvshow.fanart13)]</label>
			<label>$INFO[ListItem.Art(tvshow.fanart14)]</label>
			<label>$INFO[ListItem.Art(tvshow.fanart15)]</label>
			<label>$INFO[ListItem.Art(tvshow.fanart16)]</label>
			<label>$INFO[ListItem.Art(tvshow.fanart17)]</label>
			<label>$INFO[ListItem.Art(tvshow.fanart18)]</label>
			<label>$INFO[ListItem.Art(tvshow.fanart19)]</label>
			<label>$INFO[ListItem.Art(tvshow.fanart20)]</label>
			<pauseatend>12000</pauseatend>
		</control>
		
        <control type="multiimage" description="Fanart">
            <include condition="!Window.IsVisible(home) | Skin.HasSetting(home.vertical)">GlobalBackgroundFade</include>
            <visible>!Player.HasMedia | [!Skin.HasSetting(global.showvideo) + Player.HasVideo] | [!Skin.HasSetting(global.showvisualisation) + Player.HasAudio]</visible>
            <visible>!Skin.HasSetting(global.hidefanart) | Window.IsVisible(home)</visible>
            <include>Dimensions_Fullscreen</include>
            <include>Animation.FadeFromHome</include>
            <animation effect="fade" end="0" start="100" time="350" tween="cubic" easing="inout" condition="Window.IsVisible(home)">WindowClose</animation>
            <fadetime>600</fadetime>
            <timeperimage>12000</timeperimage>
            <randomize>true</randomize>
            <aspectratio>scale</aspectratio>
            <imagepath background="true">$VAR[GlobalFanart]</imagepath>
            <animation effect="zoom" start="110" end="120" center="auto" time="10000" tween="sine" easing="inout" pulse="true" condition="Skin.HasSetting(Fanart.Animate)">Conditional</animation>
            <animation effect="slide" start="-20,-20" end="20,20" time="6000" tween="sine" easing="inout" pulse="true" condition="Skin.HasSetting(Fanart.Animate)">Conditional</animation>
        </control>

        <control type="image" description="Fanart Fallback always">
            <include>GlobalBackgroundFade</include>
            <visible>!Player.HasMedia | [!Skin.HasSetting(global.showvideo) + Player.HasVideo] | [!Skin.HasSetting(global.showvisualisation) + Player.HasAudio]</visible>
            <include>Dimensions_Fullscreen</include>
            <visible>!Window.IsVisible(home) + Skin.HasSetting(global.hidefanart) + !String.IsEmpty(Skin.String(fanart.fallback))</visible>

            <include>Animation.FadeFromHome</include>
            <aspectratio>scale</aspectratio>
            <texture background="true">$INFO[Skin.String(fanart.fallback)]</texture>
            <animation effect="zoom" start="110" end="120" center="auto" time="10000" tween="sine" easing="inout" pulse="true" condition="Skin.HasSetting(Fanart.Animate)">Conditional</animation>
            <animation effect="slide" start="-20,-20" end="20,20" time="6000" tween="sine" easing="inout" pulse="true" condition="Skin.HasSetting(Fanart.Animate)">Conditional</animation>
        </control>
        <control type="image" description="FanartOverlay">
            <include>Dimensions_Fullscreen</include>
            <visible>!Window.IsVisible(home) | Skin.HasSetting(home.vertical)</visible>

            <include condition="!Skin.HasSetting(home.vertical)">Animation.FadeFromHome</include>
            <texture colordiffuse="FloorFade">common/floor.png</texture>
        </control>
		
		
		
		<!--
		
		<control type="image">
			<visible>Control.IsVisible(501) + !Window.IsVisible(DialogVideoInfo.xml)</visible>
			<top>0</top>
			<left>0</left>
			<aspectratio scalediffuse="false">scale</aspectratio>
			<texture background="true">backg/trans.png</texture>
		</control>
		
		<control type="image" description="Background">
			
			<visible>Window.IsVisible(DialogVideoInfo.xml)</visible>
			<include>Dimensions_Fullscreen</include>
			<include condition="!Skin.HasSetting(home.vertical)">Animation.FadeFromHome</include>
			<texture colordiffuse="Background">common/bg.jpg</texture>
			
			<animation effect="fade" start="0" end="80" time="300">Visible</animation>
			<animation effect="fade" start="75" end="0" time="200">Hidden</animation>
		</control>
		-->
		
	
		
		
        
    </include>
    <include name="GlobalBackgroundExtended">
        <control type="image" description="Background">
            <include>Dimensions_Fullscreen</include>
            <include condition="!Skin.HasSetting(home.vertical)">Animation.FadeFromHome</include>
            <texture colordiffuse="Background">common/bg.jpg</texture>
        </control>
        <control type="multiimage" description="Fanart">
            <include>GlobalBackgroundFade</include>
            <visible>!Skin.HasSetting(global.hidefanart)</visible>
            <include>Dimensions_Fullscreen</include>
            <include condition="!Skin.HasSetting(home.vertical)">Animation.FadeFromHome</include>
            <fadetime>600</fadetime>
            <timeperimage>12000</timeperimage>
            <randomize>true</randomize>
            <aspectratio>scale</aspectratio>
            <imagepath background="true">$VAR[GlobalFanart]</imagepath>
            <animation effect="zoom" start="110" end="120" center="auto" time="10000" tween="sine" easing="inout" pulse="true" condition="Skin.HasSetting(Fanart.Animate)">Conditional</animation>
            <animation effect="slide" start="-20,-20" end="20,20" time="6000" tween="sine" easing="inout" pulse="true" condition="Skin.HasSetting(Fanart.Animate)">Conditional</animation>
        </control>
        <control type="image" description="FanartOverlay">
            <include>Dimensions_Fullscreen</include>
            <include condition="!Skin.HasSetting(home.vertical)">Animation.FadeFromHome</include>
            <texture colordiffuse="FloorFade">common/floor.png</texture>
        </control>
        
    </include>
	
	
	<include name="JumpBarHorizontal">
	
	
		<control type="image">	
			<visible>Control.HasFocus(60) | Control.HasFocus(1602) | Control.HasFocus(1600) | Control.HasFocus(1609) | Control.HasFocus(1603) | Control.HasFocus(1605) | Control.HasFocus(1606) | Control.HasFocus(1604) | Control.HasFocus(1607) | Control.HasFocus(1619) | Control.HasFocus(1620) | Control.HasFocus(1624) | Control.HasFocus(1625) | Control.HasFocus(1635) | Control.HasFocus(1627)</visible>	
			<visible>Container.Content(movies) | Container.Content(tvshows) | Container.Content(actors) | Container.Content(addons)</visible>
			<left>1869</left>
			<top>514</top>
			<width>16</width>
			<height>16</height>
			<texture colordiffuse="Dark1" flipx="false">common/arrow-small-right.png</texture>
			<include>Animation.DelayFadeIn3</include>
		</control>
		
		<control type="image">	
			<visible>Control.HasFocus(1615) | Control.HasFocus(1639) | Control.HasFocus(1623)</visible>	
			<visible>Container.Content(movies) | Container.Content(tvshows) | Container.Content(actors) | Container.Content(addons)</visible>
			<left>950</left>
			<top>876</top>
			<width>16</width>
			<height>16</height>
			<texture colordiffuse="Dark1" flipx="false">common/arrow-small.png</texture>
			<include>Animation.DelayFadeIn3</include>
		</control>
		
	
		<control type="group">
		
		<animation effect="slide" start="80,0" end="0,0" reversible="false" time="600" tween="quadratic" condition="ControlGroup(290000).HasFocus()">Conditional</animation>
		<animation effect="slide" start="0,0" end="100,0" reversible="false" time="2500" tween="quadratic" condition="!ControlGroup(290000).HasFocus()">Hidden</animation>		
		
		
		<visible allowhiddenfocus="true">[ControlGroup(290000).HasFocus() + Container.Content(movies)] | [ControlGroup(290000).HasFocus() + Container.Content(tvshows)] | [ControlGroup(290000).HasFocus() + Container.Content(actors)] | [ControlGroup(290000).HasFocus() + Container.Content(addons)]</visible>
		    <control type="image">				
				<left>1879</left>
				<top>214</top>
				<width>230</width>
				<height>645</height>
				<texture colordiffuse="Box2" background="true">common/box3.png</texture>
			</control>
			<control type="image">			
				<left>1880</left>
				<top>215</top>
				<width>230</width>
				<height>643</height>
				<texture colordiffuse="FloorFade" background="true">common/eins.png</texture>			
			</control>			
			<control type="grouplist" id="290000">
				<visible allowhiddenfocus="true">ControlGroup(290000).HasFocus()</visible>
				<include>Animation.FadeOutDelay</include>
				<left>1870</left>
				<top>135</top>
				<width>220</width>
				<height>800</height>
				<onup>290000</onup>
				<ondown>290000</ondown>
				<itemgap>10</itemgap>
				<onleft>$VAR[ClickToJump]</onleft>
				<onright>50</onright>
				<onright>SetFocus(1869)</onright>
				<orientation>vertical</orientation>
				<align>center</align>
				<control type="button" id="290001">
					<include>JumpTo</include>
					<label>ABC</label>
					<onclick>Action(JumpSMS2)</onclick>
					<onclick>SetFocus(50)</onclick>
				</control>
				<control type="button" id="290002">
					<include>JumpTo</include>
					<label>DEF</label>
					<onclick>Action(JumpSMS3)</onclick>
					<onclick>SetFocus(50)</onclick>
				</control>
				<control type="button" id="290003">
					<include>JumpTo</include>
					<label>GHI</label>
					<onclick>Action(JumpSMS4)</onclick>
					<onclick>SetFocus(50)</onclick>
				</control>
				<control type="button" id="290004">
					<include>JumpTo</include>
					<label>JKL</label>
					<onclick>Action(JumpSMS5)</onclick>
					<onclick>SetFocus(50)</onclick>
				</control>
				<control type="button" id="290005">
					<include>JumpTo</include>
					<label>MNO</label>
					<onclick>Action(JumpSMS6)</onclick>
					<onclick>SetFocus(50)</onclick>
				</control>
				<control type="button" id="290006">
					<include>JumpTo</include>
					<label>PQRS</label>
					<onclick>Action(JumpSMS7)</onclick>
					<onclick>SetFocus(50)</onclick>
				</control>
				<control type="button" id="290007">
					<include>JumpTo</include>
					<label>TUV</label>
					<onclick>Action(JumpSMS8)</onclick>
					<onclick>SetFocus(50)</onclick>
				</control>
				<control type="button" id="290008">
					<include>JumpTo</include>
					<label>WXYZ</label>
					<onclick>Action(JumpSMS9)</onclick>
					<onclick>SetFocus(50)</onclick>
				</control>
			</control>			
		</control>
	</include>
	<include name="JumpTo">
		<left>0</left>
		<top>0</top>
		<width>150</width>
		<height>70</height>		
		<font>Small333</font>
		<focusedcolor>$VAR[ColorHighlight]</focusedcolor>
		<align>center</align>
		<onclick>$VAR[ClickToJump]</onclick>
	</include>
	<variable name="ClickToJump">
		<value condition="Control.IsVisible(501)">SetFocus(501)</value>
		<value condition="Control.IsVisible(507)">SetFocus(507)</value>	
		<value condition="Control.IsVisible(504)">SetFocus(504)</value>
		<value condition="Control.IsVisible(50)">SetFocus(50)</value>
		<value condition="Control.IsVisible(51)">SetFocus(51)</value>
		<value condition="Control.IsVisible(52)">SetFocus(52)</value>
		<value condition="Control.IsVisible(53)">SetFocus(53)</value>
		<value condition="Control.IsVisible(54)">SetFocus(54)</value>	
		<value condition="Control.IsVisible(56)">SetFocus(56)</value>	
		<value condition="Control.IsVisible(57)">SetFocus(57)</value>
		<value condition="Control.IsVisible(58)">SetFocus(58)</value>
		<value condition="Control.IsVisible(59)">SetFocus(59)</value>
		<value condition="Control.IsVisible(500)">SetFocus(500)</value>
		<value condition="Control.IsVisible(55)">SetFocus(55)</value>
		<value condition="Control.IsVisible(555)">SetFocus(555)</value>
	</variable>
	
	<include name="ScrollTextWidget">
		<autoscroll delay="2000" time="2500" repeat="10000">true</autoscroll>
	</include>
	<include name="NoScrollTextWidget">
		<scroll>false</scroll>
		<autoscroll>false</autoscroll>
	</include>
	
	<variable name="Datab">
		<value condition="!String.IsEmpty(Container(9502).ListItem.DBID)">plugin://service.library.data.provider?type=movie&amp;dbid=$INFO[Container(9502).ListItem.DBID]</value>
		<value></value>
	</variable>
	
	<include name="FullscreenArtwork">
		<control type="fixedlist" id="9151">
			<top>0</top>
			<visible allowhiddenfocus="true">Control.HasFocus(9603) | Control.HasFocus(9151)</visible>
			<include>Animation.FadeIn</include>
			<include>Dimensions_Fullscreen</include>
			<onright>9151</onright>
			<onleft>9151</onleft>
			<ondown>9000</ondown>
			<onback>9603</onback>
			<onup>9000</onup>
			<autoscroll time="10000">Control.HasFocus(9603)</autoscroll>
            <scrolltime tween="quadratic">300</scrolltime>
			<preloaditems>2</preloaditems>				
			<viewtype label="37518">fixedlist</viewtype>
			<orientation>horizontal</orientation>
			<itemlayout width="1920" height="1080">
				<control type="image">
					<left>0</left>
					<top>0</top>
					<include>Animation.ViHi</include>
					<include>Dimensions_Fullscreen</include>
					<texture>$INFO[ListItem.Label]</texture>
				</control>
			</itemlayout>
			<focusedlayout width="1920" height="1080">
				<control type="image">
					<left>0</left>
					<top>0</top>				
					<include>Animation.ViHi</include>
					<include>Dimensions_Fullscreen</include>
					<texture>$INFO[ListItem.Label]</texture>
				</control>
			</focusedlayout>
			<content>
				<item id="0">
					<label>$INFO[ListItem.Art(fanart)]</label>
					<visible>!String.IsEmpty(ListItem.Art(fanart))</visible>
				</item>
				<item id="1">
					<label>$INFO[ListItem.Art(fanart1)]</label>
					<visible>!String.IsEmpty(ListItem.Art(fanart1))</visible>
				</item>
				<item id="2">
					<label>$INFO[ListItem.Art(fanart2)]</label>
					<visible>!String.IsEmpty(ListItem.Art(fanart2))</visible>
				</item>	
				<item id="3">
					<label>$INFO[ListItem.Art(fanart3)]</label>
					<visible>!String.IsEmpty(ListItem.Art(fanart3))</visible>
				</item>
				<item id="4">
					<label>$INFO[ListItem.Art(fanart4)]</label>
					<visible>!String.IsEmpty(ListItem.Art(fanart4))</visible>
				</item>
				<item id="5">
					<label>$INFO[ListItem.Art(fanart5)]</label>
					<visible>!String.IsEmpty(ListItem.Art(fanart5))</visible>
				</item>
				<item id="6">
					<label>$INFO[ListItem.Art(fanart6)]</label>
					<visible>!String.IsEmpty(ListItem.Art(fanart6))</visible>
				</item>
				<item id="7">
					<label>$INFO[ListItem.Art(fanart7)]</label>
					<visible>!String.IsEmpty(ListItem.Art(fanart7))</visible>
				</item>
				<item id="8">
					<label>$INFO[ListItem.Art(fanart18)]</label>
					<visible>!String.IsEmpty(ListItem.Art(fanart8))</visible>
				</item>
				<item id="9">
					<label>$INFO[ListItem.Art(fanart9)]</label>
					<visible>!String.IsEmpty(ListItem.Art(fanart9))</visible>
				</item>
				<item id="10">
					<label>$INFO[ListItem.Art(fanart10)]</label>
					<visible>!String.IsEmpty(ListItem.Art(fanart10))</visible>
				</item>
				<item id="11">
					<label>$INFO[ListItem.Art(fanart11)]</label>
					<visible>!String.IsEmpty(ListItem.Art(fanart11))</visible>
				</item>
				<item id="12">
					<label>$INFO[ListItem.Art(tvshow.fanart)]</label>
					<visible>!String.IsEmpty(ListItem.Art(tvshow.fanart))</visible>
				</item>
				<item id="13">
					<label>$INFO[ListItem.Art(tvshow.fanart1)]</label>
					<visible>!String.IsEmpty(ListItem.Art(tvshow.fanart1))</visible>
				</item>
				<item id="14">
					<label>$INFO[ListItem.Art(tvshow.fanart2)]</label>
					<visible>!String.IsEmpty(ListItem.Art(tvshow.fanart2))</visible>
				</item>			
				<item id="15">
					<label>$INFO[ListItem.Art(tvshow.fanart3)]</label>
					<visible>!String.IsEmpty(ListItem.Art(tvshow.fanart3))</visible>
				</item>
				<item id="16">
					<label>$INFO[ListItem.Art(tvshow.fanart4)]</label>
					<visible>!String.IsEmpty(ListItem.Art(tvshow.fanart4))</visible>
				</item>
				<item id="17">
					<label>$INFO[ListItem.Art(tvshow.fanart5)]</label>
					<visible>!String.IsEmpty(ListItem.Art(tvshow.fanart5))</visible>
				</item>
				<item id="18">
					<label>$INFO[ListItem.Art(tvshow.fanart6)]</label>
					<visible>!String.IsEmpty(ListItem.Art(tvshow.fanart6))</visible>
				</item>
				<item id="19">
					<label>$INFO[ListItem.Art(tvshow.fanart7)]</label>
					<visible>!String.IsEmpty(ListItem.Art(tvshow.fanart7))</visible>
				</item>
				<item id="20">
					<label>$INFO[ListItem.Art(tvshow.fanart8)]</label>
					<visible>!String.IsEmpty(ListItem.Art(tvshow.fanart8))</visible>
				</item>
				<item id="21">
					<label>$INFO[ListItem.Art(tvshow.fanart9)]</label>
					<visible>!String.IsEmpty(ListItem.Art(tvshow.fanart9))</visible>
				</item>
				<item id="22">
					<label>$INFO[ListItem.Art(tvshow.fanart10)]</label>
					<visible>!String.IsEmpty(ListItem.Art(tvshow.fanart10))</visible>
				</item>
			</content>
		</control>
		<control type="image">
			<visible>Control.HasFocus(9151)</visible> 
			<include>Animation.FadeIn</include>
			<animation effect="fade" start="100" end="0" time="400" delay="2000" condition="Control.HasFocus(9151)">Conditional</animation>
			<bottom>70</bottom>
			<right>70</right>
			<width>48</width>
			<height>48</height>
			<texture background="true">osd/pauset.png</texture>
		</control>
		<control type="image">
			<visible>Control.HasFocus(9603)</visible> 
			<animation effect="fade" start="100" end="0" time="400" delay="2000" condition="Control.HasFocus(9603)">Conditional</animation>
			<include>Animation.FadeIn</include>
			<bottom>70</bottom>
			<right>70</right>
			<width>48</width>
			<height>48</height>
			<texture background="true">osd/play.png</texture>
		</control>
		<control type="button" id="9603">
			<width>1</width>
			<height>1</height>
			<visible allowhiddenfocus="true">false</visible>
			<onleft>SetFocus(9151)</onleft>
			<onleft>Left</onleft>
			<onright>SetFocus(9151)</onright>
			<onright>Right</onright>
			<ondown>9000</ondown>
			<onback>9000</onback>
		</control>	
	</include>
	<include name="Furniture_FlagsFromHome">
		<control type="group">
			<visible>Window.IsVisible(Home.xml) + !Control.HasFocus(9603)</visible>
			<animation effect="fade" start="100" end="6" time="200" condition="Control.HasFocus(9601)">Conditional</animation>
			<include condition="Window.IsVisible(Home.xml)">Furniture_Flags</include>
		</control>
	</include>
	
	<include name="DialogVideoInfoNavigation">
		<control type="grouplist" id="9000">
			<animation condition="Control.HasFocus(50) | Control.HasFocus(9501)" effect="fade" end="0"  start="100" time="300">Conditional</animation>
			<bottom>224</bottom>
			<left>540</left>
			<right>SidePad</right>
			<height>68</height>
			<bottom>33</bottom>
			<itemgap>16</itemgap>
			<onup>50</onup>    
			<ondown>9601</ondown>     
			<orientation>horizontal</orientation>
			<control type="button" id ="8">
				<description>Play</description>
				<label>208</label>
				<include>DefInfoButtons</include>
				<onfocus>ClearProperty(filminfo)</onfocus>
				<onclick>Dialog.Close(1132)</onclick>					
			</control>				
			<control type="button" id="9019">
				<include>DefInfoButtons</include>
				<label>37551</label>                  
				<onclick>SetProperty(filminfo,33)</onclick>
				<onleft>ClearProperty(filminfo)</onleft>
				<onright>ClearProperty(filminfo)</onright> 				
				<visible>Container.Content(movies) | Container.Content(tvshows)</visible>							
			</control>	
			<control type="button" id="11">
				<description>Trailer button</description>
				<label>20410</label>
				<include>DefInfoButtons</include>
				<visible>!String.IsEmpty(ListItem.Trailer)</visible>
				<onfocus>ClearProperty(filminfo)</onfocus>
			</control>
			<control type="togglebutton" id ="7">
				<description>Tracklist</description>
				<label>38023</label>
				<altlabel>$LOCALIZE[563] $INFO[ListItem.UserRating,,.0]</altlabel>
				<usealttexture>!String.IsEmpty(ListItem.UserRating)</usealttexture>
				<include>DefInfoButtons</include>
				<visible>Container.Content(movies) | Container.Content(tvshows) | Container.Content(episodes)</visible>
			</control>
			<control type="button" id="146">
				<description>Special Features button</description>
				<label>31282</label>
				<include>DefInfoButtons</include>
				<visible>System.HasAddon(plugin.video.specialfeatures)</visible>
				<visible>String.IsEqual(Window(home).Property(SpecialFeatures.Visible),true)</visible>
				<onclick>Action(close)</onclick>
				<onclick>RunScript(plugin.video.specialfeatures,listitem)</onclick>
			</control>
			<control type="button" id="9012">
				<include>DefInfoButtons</include>
				<label>31206</label>
				<onclick condition="Control.IsVisible(50)">SendClick(2003,5)</onclick>
				<onclick>SetProperty(content,2)</onclick>
				<ondown>9012</ondown>					
				<onup condition="Control.IsVisible(50) + String.IsEmpty(Window.Property(content))">50</onup>--> 
				<onup>9501</onup> 
				<visible>Container.Content(movies)</visible>					
			</control>
			<control type="button" id="49">
				<description>Home Theatre</description>
				<label>31170</label>
				<include>DefInfoButtons</include>
				<onclick>XBMC.RunScript(script.cinema.experience,movieid=$INFO[ListItem.DBID])</onclick>
				<visible>system.hasaddon(script.cinema.experience) + Container.Content(movies)</visible>
				<onfocus>ClearProperty(filminfo)</onfocus>
			</control>
			<control type="button" id="51">
				<description>Get Thumb</description>
				<label>37550</label>
				<include>DefInfoButtons</include>
				<onclick>SetFocus(9603)</onclick>
				<visible>!String.IsEmpty(ListItem.Art(fanart))</visible>
			</control> 				
			<control type="button" id ="6">
				<onfocus>ClearProperty(filminfo)</onfocus>
				<description>Refresh</description>
				<label>184</label>
				<include>DefInfoButtons</include>
				<visible>!Skin.HasSetting(global.kioskmode)</visible>
			</control>
			<control type="button" id ="10">
				<description>Get Thumb</description>
				<label>13405</label>
				<include>DefInfoButtons</include>
				<visible>!Skin.HasSetting(global.kioskmode)</visible>
			</control> 
			<control type="button" id="9001">
				<label>37513</label>
				<onclick condition="Container.Content(tvshows)">RunScript(script.artwork.beef, mode=gui, mediatype=tvshow, dbid=$INFO[ListItem.DBID])</onclick>
				<onclick condition="Container.Content(movies)">RunScript(script.artwork.beef, mode=gui, mediatype=movie, dbid=$INFO[ListItem.DBID])</onclick>
				<onclick condition="Container.Content(musicvideos)">RunScript(script.artwork.beef, mode=gui, mediatype=musicvideo, dbid=$INFO[ListItem.DBID])</onclick>
				<description>Get Artwork</description>
				<include>DefInfoButtons</include>
				<visible>!Skin.HasSetting(global.kioskmode)</visible>
				<visible>[Container.Content(tvshows) | Container.Content(movies) | Container.Content(musicvideos)] + system.hasaddon(script.artwork.beef)</visible>
			</control>
		</control>
	</include>
	
	<include name="buttontextures">
		<font>Null</font>
		<textcolor>Dark2</textcolor>
		<texturenofocus colordiffuse="Dark4" border="0">common/box.png</texturenofocus>
		<texturefocus colordiffuse="$VAR[ColorHighlight]" border="0">common/box.png</texturefocus>
		<textureradioonfocus colordiffuse="FFFFFFFF">$PARAM[icon]</textureradioonfocus>
		<textureradioonnofocus colordiffuse="FFFFFFFF">$PARAM[icon]</textureradioonnofocus>
		<textureradioofffocus colordiffuse="FFFFFFFF">$PARAM[icon]</textureradioofffocus>
		<textureradiooffnofocus colordiffuse="FFFFFFFF">$PARAM[icon]</textureradiooffnofocus>
		<textureradiooffdisabled colordiffuse="disabled">$PARAM[icon]</textureradiooffdisabled>
		<textureradioondisabled colordiffuse="disabled">$PARAM[icon]</textureradioondisabled>
	</include>
	<include name="buttondimensions">
		<width>134</width>
		<height>88</height>
		<radioposx>40</radioposx>
		<radioposy>18</radioposy>
		<radiowidth>48</radiowidth>
	</include>
	
	<include name="buttondimensionssquare">
		<width>126</width>
		<height>88</height>
		<radioposx>40</radioposx>
		<radioposy>18</radioposy>
		<radiowidth>48</radiowidth>
	</include>
	
	<include name="listdimensions">
		<height>68</height>
		<bottom>33</bottom>
		<itemgap>28</itemgap>
	</include>
	
	<include name="DialogVideoInfoNavigationNew">
		<control type="grouplist" id="9000">
			<animation condition="Control.HasFocus(50) | Control.HasFocus(9501)" effect="fade" end="0"  start="100" time="300">Conditional</animation>
			<visible>true</visible>
			<bottom>224</bottom>
			<left>568</left>
			<right>83</right>
			<include>listdimensions</include>
			<onup>50</onup>    
			<ondown>9601</ondown>     
			<orientation>horizontal</orientation>
			<control type="radiobutton" id ="8">
				<include>buttondimensions</include>
				<onfocus>ClearProperty(content)</onfocus>
				<include content="buttontextures">
					<param name="icon" value="buttonsdialogs/play.png" />
				</include>
				<onfocus>ClearProperty(filminfo)</onfocus>
				<onclick>Dialog.Close(1132)</onclick>					
			</control>
			<control type="radiobutton" id ="9019">
				<include>buttondimensions</include>
				<onfocus>ClearProperty(content)</onfocus>
				<include content="buttontextures">
					<param name="icon" value="buttonsdialogs/info.png" />
				</include>
				<onclick>SetProperty(filminfo,33)</onclick>
				<onleft>ClearProperty(filminfo)</onleft>
				<onright>ClearProperty(filminfo)</onright> 				
				<visible>Container.Content(movies) | Container.Content(tvshows)</visible>				
			</control>
			<control type="radiobutton" id ="11">
				<include>buttondimensions</include>
				<onfocus>ClearProperty(content)</onfocus>
				<include content="buttontextures">
					<param name="icon" value="buttonsdialogs/trailer.png" />
				</include>
				<visible>!String.IsEmpty(ListItem.Trailer)</visible>
				<onfocus>ClearProperty(filminfo)</onfocus>			
			</control>		
			<control type="radiobutton" id ="9012">
				<include>buttondimensions</include>
				<onfocus>ClearProperty(content)</onfocus>
				<include content="buttontextures">
					<param name="icon" value="buttonsdialogs/similar.png" />
				</include>
				<onclick condition="Control.IsVisible(50)">SendClick(2003,5)</onclick>
				<onclick>SetProperty(content,2)</onclick>
				<onfocus>ClearProperty(filminfo)</onfocus>
				<ondown>9012</ondown>					
				<onup condition="Control.IsVisible(50) + String.IsEmpty(Window.Property(content))">50</onup>--> 
				<onup>9501</onup> 
				<visible>String.IsEqual(ListItem.DBType,movie)</visible>
			</control>
			<control type="radiobutton" id ="51">
				<include>buttondimensions</include>
				<onfocus>ClearProperty(content)</onfocus>
				<onfocus>ClearProperty(filminfo)</onfocus>
				<include content="buttontextures">
					<param name="icon" value="buttonsdialogs/image.png" />
				</include>
				<onclick>SetFocus(9603)</onclick>
				<visible>!String.IsEmpty(ListItem.Art(fanart))</visible>
			</control>			
			<control type="radiobutton" id ="7">
				<include>buttondimensions</include>
				<onfocus>ClearProperty(content)</onfocus>
				<onfocus>ClearProperty(filminfo)</onfocus>
				<include content="buttontextures">
					<param name="icon" value="buttonsdialogs/rating.png" />
				</include>
				<visible>Container.Content(movies) | Container.Content(tvshows) | Container.Content(episodes)</visible>
				<visible>Control.IsEnabled(7)</visible>
			</control>		
			<control type="radiobutton" id ="6">
				<include>buttondimensions</include>
				<onfocus>ClearProperty(content)</onfocus>
				<include content="buttontextures">
					<param name="icon" value="buttonsdialogs/update.png" />
				</include>
				<visible>!Skin.HasSetting(global.kioskmode)</visible>
				<visible>Control.IsEnabled(6)</visible>
			</control>		
			<control type="radiobutton" id ="10">
				<include>buttondimensions</include>
				<onfocus>ClearProperty(content)</onfocus>
				<include content="buttontextures">
					<param name="icon" value="buttonsdialogs/choose_image.png" />
				</include>
				<visible>!Skin.HasSetting(global.kioskmode)</visible>
				<visible>Control.IsEnabled(10)</visible>
			</control>		
			<control type="radiobutton" id ="9001">
				<include>buttondimensions</include>
				<onfocus>ClearProperty(content)</onfocus>
				<include content="buttontextures">
					<param name="icon" value="buttonsdialogs/artworkdownloader.png" />
				</include>
				<onclick condition="Container.Content(tvshows)">RunScript(script.artwork.beef, mode=gui, mediatype=tvshow, dbid=$INFO[ListItem.DBID])</onclick>
				<onclick condition="Container.Content(movies)">RunScript(script.artwork.beef, mode=gui, mediatype=movie, dbid=$INFO[ListItem.DBID])</onclick>
				<onclick condition="Container.Content(musicvideos)">RunScript(script.artwork.beef, mode=gui, mediatype=musicvideo, dbid=$INFO[ListItem.DBID])</onclick>
				<visible>!Skin.HasSetting(global.kioskmode)</visible>
				<visible>[Container.Content(tvshows) | Container.Content(movies) | Container.Content(musicvideos)] + system.hasaddon(script.artwork.beef)</visible>
			</control>
		</control>	
	</include>	
	
	<include name="DialogMovieSetsInfoNavigation">
		<control type="grouplist" id="9000">
			<animation condition="Control.HasFocus(50) | Control.HasFocus(9501)" effect="fade" end="0"  start="100" time="300">Conditional</animation>
			<bottom>224</bottom>
			<left>540</left>
			<right>SidePad</right>
			<height>68</height>
			<bottom>33</bottom>
			<itemgap>16</itemgap>
			<onup>50</onup>    
			<ondown>9601</ondown>     
			<orientation>horizontal</orientation>						
			<control type="button" id="9019">
				<include>DefInfoButtons</include>
				<label>342</label>                  
				<onclick>SetFocus(9502)</onclick>				
				<onup>9502</onup>						
			</control>
			<control type="button" id="9100">
				<description>Artwork Beef</description>
				<label>Artwork Beef</label>
				<include>DefInfoButtons</include>
				<onclick>RunScript(script.artwork.beef, mode=gui, mediatype=set, dbid=$INFO[ListItem.DBID])</onclick>
				<visible>system.hasaddon(script.artwork.beef)</visible>
				<visible>!Skin.HasSetting(global.kioskmode)</visible>
				<onup>9502</onup>	
			</control>
			<control type="button" id="51">
				<description>Get Thumb</description>
				<label>37550</label>
				<include>DefInfoButtons</include>
				<onclick>SetFocus(9603)</onclick>
				<visible>!String.IsEmpty(ListItem.Art(fanart))</visible>
			</control> 
		</control>		
	</include>
	
	<include name="DialogMovieSetsInfoNavigationNew">
		<control type="grouplist" id="9000">
			<animation condition="Control.HasFocus(50) | Control.HasFocus(9501)" effect="fade" end="0"  start="100" time="300">Conditional</animation>
			<visible>true</visible>
			<bottom>224</bottom>
			<left>570</left>
			<right>160</right>
			<include>listdimensions</include>
			<onup>50</onup>    
			<ondown>9601</ondown>     
			<orientation>horizontal</orientation>
			<control type="radiobutton" id ="9019">
				<description>Play</description>
				<font>Button</font>
				<textcolor>Dark2</textcolor>
				<include>buttondimensions</include>
				<onfocus>ClearProperty(content)</onfocus>
				<include content="buttontextures">
					<param name="icon" value="buttonsdialogs/set.png" />
				</include>
				<onclick>SetFocus(9502)</onclick>				
				<onup>9502</onup>						
			</control>
			<control type="radiobutton" id ="51">
				<description>Trailer</description>
				<font>Button</font>
				<textcolor>Dark2</textcolor>
				<include>buttondimensions</include>
				<onright>7</onright>
				<onfocus>ClearProperty(content)</onfocus>
				<include content="buttontextures">
					<param name="icon" value="buttonsdialogs/image.png" />
				</include>
				<onclick>SetFocus(9603)</onclick>
				<visible>!String.IsEmpty(ListItem.Art(fanart))</visible>
			</control>			
			<control type="radiobutton" id ="9100">
				<description>Trailer</description>
				<font>Button</font>
				<textcolor>Dark2</textcolor>
				<include>buttondimensions</include>
				<onfocus>ClearProperty(content)</onfocus>
				<include content="buttontextures">
					<param name="icon" value="buttonsdialogs/artworkdownloader.png" />
				</include>
				<onclick>RunScript(script.artwork.beef, mode=gui, mediatype=set, dbid=$INFO[ListItem.DBID])</onclick>
				<visible>system.hasaddon(script.artwork.beef)</visible>
				<visible>!Skin.HasSetting(global.kioskmode)</visible>
				<onup>9502</onup>
			</control>
		</control>		
	</include>
	
	<include name="DialogMusicInfoNavigation">
		<control type="grouplist" id="9000">
			<visible allowhiddenfocus="true">ControlGroup(9000).HasFocus() | Control.HasFocus(50) | Control.HasFocus(9009)</visible>
			<bottom>224</bottom>
			<left>ListSquareX</left>
			<right>SidePad</right>
			<height>68</height>
			<bottom>33</bottom>
			<itemgap>16</itemgap>
			<ondown>9000</ondown>
			<onup condition="Control.IsVisible(50)">51</onup>
			<onup condition="Control.IsVisible(9501)">9501</onup>
			<orientation>horizontal</orientation>
			<control type="button" id ="8">
				<description>Play</description>
				<label>208</label>
				<width>260</width>
				<include>DefInfoButtons</include>
				<onclick>PlayMedia($INFO[ListItem.FileNameAndPath])</onclick>
				<onclick>Dialog.Close(135)</onclick>
				<visible>String.IsEqual(ListItem.DBType,album) | String.IsEqual(ListItem.DBType,song)</visible>
				<onup condition="Control.IsVisible(50)">SetFocus(9009)</onup>	
			</control>				
			<control type="button" id="7">
				<width>260</width>
				<include>DefInfoButtons</include>
				<visible>String.IsEqual(ListItem.DBType,album) | String.IsEqual(ListItem.DBType,song)</visible>
				<onup condition="Control.IsVisible(50)">SetFocus(9009)</onup>	
			</control>					
			<control type="button" id ="9001">
				<description>Discog</description>
				<label>21888</label>
				<width>260</width>
				<onclick>ClearProperty(tracklist)</onclick>
				<onclick>SetProperty(content,1)</onclick>
				<onclick>SetFocus(9501)</onclick>	
				<onup condition="Control.IsVisible(50)">SetFocus(9009)</onup>				
				<include>DefInfoButtons</include>
			</control>
			<control type="togglebutton" id ="9002">
				<description>Tracklist</description>
				<label>182</label>
				<altlabel>21887</altlabel>
				<width>260</width>
				<usealttexture>!String.IsEmpty(Window.Property(tracklist))</usealttexture>
				<onclick condition="String.IsEmpty(Window.Property(tracklist))">SetProperty(tracklist,1)</onclick>
				<onclick condition="!String.IsEmpty(Window.Property(tracklist))">ClearProperty(tracklist)</onclick>
				<include>DefInfoButtons</include>
				<onup condition="Control.IsVisible(50)">SetFocus(9009)</onup>
				<visible>Container.Content(albums)</visible>
			</control>
			<control type="button" id ="9003">
				<description>Youtube</description>
				<label>31141</label>
				<width>260</width>
				<onclick>Close</onclick>
				<onclick>ActivateWindow(videos,plugin://plugin.video.youtube/search/?q=$INFO[ListItem.Artist],return)</onclick>
				<include>DefInfoButtons</include>
				<onup condition="Control.IsVisible(50)">SetFocus(9009)</onup>	
			</control>
			<control type="button" id="51">
				<description>Get Thumb</description>
				<label>37550</label>
				<width>260</width>
				<include>DefInfoButtons</include>
				<onclick>SetFocus(9603)</onclick>
				<visible>!String.IsEmpty(ListItem.Art(fanart))</visible>
			</control> 
			<control type="button" id ="6">
				<description>Refresh</description>
				<label>184</label>
				<width>260</width>
				<include>DefInfoButtons</include>
				<visible>!Skin.HasSetting(global.kioskmode)</visible>
				<onup condition="Control.IsVisible(50)">SetFocus(9009)</onup>	
			</control>
			<control type="button" id ="10">
				<description>Get Thumb</description>
				<label>13405</label>
				<width>260</width>
				<include>DefInfoButtons</include>
				<visible>!Skin.HasSetting(global.kioskmode)</visible>
				<onup condition="Control.IsVisible(50)">SetFocus(9009)</onup>	
			</control>
			<control type="button" id="54">
				<label>37513</label>
				<onclick condition="Container.Content(songs)">RunScript(script.artwork.beef)</onclick>
				<description>Get Artwork</description>
				<include>DefInfoButtons</include>
				<onup condition="Control.IsVisible(50)">SetFocus(9009)</onup>
			</control>
		</control>	
	</include>

	<include name="DialogMusicInfoNavigationNew">
		<control type="grouplist" id="9000">
			<visible allowhiddenfocus="true">ControlGroup(9000).HasFocus() | Control.HasFocus(50) | Control.HasFocus(9009)</visible>
			<bottom>224</bottom>
			<left>783</left>
			<right>SidePad</right>
			<include>listdimensions</include>
			<onup>50</onup>    
			<ondown>9601</ondown>     
			<orientation>horizontal</orientation>
			<control type="radiobutton" id ="8">
				<include>buttondimensionssquare</include>
				<include content="buttontextures">
					<param name="icon" value="buttonsdialogs/play.png" />
				</include>
				<onfocus>ClearProperty(content)</onfocus>
				<onclick>PlayMedia($INFO[ListItem.FileNameAndPath])</onclick>
				<onclick>Dialog.Close(135)</onclick>
				<visible>String.IsEqual(ListItem.DBType,album) | String.IsEqual(ListItem.DBType,song)</visible>
				<onup condition="Control.IsVisible(50)">SetFocus(9009)</onup>						
			</control>
			<control type="radiobutton" id ="7">
				<include>buttondimensionssquare</include>
				<include content="buttontextures">
					<param name="icon" value="buttonsdialogs/rating.png" />
				</include>
				<onfocus>ClearProperty(content)</onfocus>
				<textcolor>Dark4</textcolor>
				<font>Null</font>
				<visible>String.IsEqual(ListItem.DBType,album) | String.IsEqual(ListItem.DBType,song)</visible>
			</control>		
			<control type="radiobutton" id ="9019">
				<description>Trailer</description>
				<include>buttondimensionssquare</include>
				<onfocus>ClearProperty(content)</onfocus>
				<include content="buttontextures">
					<param name="icon" value="buttonsdialogs/set.png" />
				</include>
				<onclick>ClearProperty(tracklist)</onclick>
				<onclick>SetProperty(content,1)</onclick>
				<onclick>SetFocus(9501)</onclick>	
				<onup condition="Control.IsVisible(50)">SetFocus(9009)</onup>	
			</control>			
			<control type="radiobutton" id ="9002">
				<description>Trailer</description>
				<font>Button</font>
				<textcolor>Dark4</textcolor>
				<include>buttondimensionssquare</include>
				<onfocus>ClearProperty(content)</onfocus>
				<texturenofocus colordiffuse="Dark4" border="0">common/box.png</texturenofocus>
				<texturefocus colordiffuse="$VAR[ColorHighlight]" border="0">common/box.png</texturefocus>
				<textureradioonfocus colordiffuse="FFFFFFFF">buttonsdialogs/bio.png</textureradioonfocus>
				<textureradioonnofocus colordiffuse="FFFFFFFF">buttonsdialogs/bio.png</textureradioonnofocus>
				<textureradioofffocus colordiffuse="FFFFFFFF">buttonsdialogs/tracks.png</textureradioofffocus>
				<textureradiooffnofocus colordiffuse="FFFFFFFF">buttonsdialogs/tracks.png</textureradiooffnofocus>
				<textureradiooffdisabled colordiffuse="disabled">buttonsdialogs/set.png</textureradiooffdisabled>
				<textureradioondisabled colordiffuse="disabled">buttonsdialogs/set.png</textureradioondisabled>
				<onclick condition="String.IsEmpty(Window.Property(tracklist))">SetProperty(tracklist,1)</onclick>
				<onclick condition="!String.IsEmpty(Window.Property(tracklist))">ClearProperty(tracklist)</onclick>
				<onup condition="Control.IsVisible(50)">SetFocus(9009)</onup>
				<visible>Container.Content(albums)</visible>
			</control>							
			<control type="radiobutton" id ="9003">
				<description>Trailer</description>
				<font>Button</font>
				<textcolor>Dark4</textcolor>
				<focuscolor>Dark4</focuscolor>
				<include>buttondimensionssquare</include>
				<onfocus>ClearProperty(content)</onfocus>
				<include content="buttontextures">
					<param name="icon" value="buttonsdialogs/youtube.png" />
				</include>
				<onclick>Close</onclick>
				<onclick>ActivateWindow(videos,plugin://plugin.video.youtube/search/?q=$INFO[ListItem.Artist],return)</onclick>
				<include>DefInfoButtons</include>
				<onup condition="Control.IsVisible(50)">SetFocus(9009)</onup>	
			</control>	
			<control type="radiobutton" id ="51">
				<description>Trailer</description>
				<font>Button</font>
				<textcolor>Dark2</textcolor>
				<include>buttondimensionssquare</include>
				<onfocus>ClearProperty(content)</onfocus>
				<texturenofocus colordiffuse="Dark4" border="0">common/box.png</texturenofocus>
				<texturefocus colordiffuse="$VAR[ColorHighlight]" border="0">common/box.png</texturefocus>
				<include content="buttontextures">
					<param name="icon" value="buttonsdialogs/image.png" />
				</include>
				<onclick>SetFocus(9603)</onclick>
				<visible>!String.IsEmpty(ListItem.Art(fanart))</visible>
			</control>
			<control type="radiobutton" id ="48">
				<description>Trailer</description>
				<font>Button</font>
				<textcolor>Dark2</textcolor>
				<include>buttondimensionssquare</include>
				<onfocus>ClearProperty(content)</onfocus>
				<include content="buttontextures">
					<param name="icon" value="buttonsdialogs/update.png" />
				</include>
				<visible>!Skin.HasSetting(global.kioskmode)</visible>
				<onup condition="Control.IsVisible(50)">SetFocus(9009)</onup>
				<onclick>SendClick(6)</onclick>	
			</control>	
			
			<control type="radiobutton" id ="54">
				<description>Trailer</description>
				<font>Button</font>
				<textcolor>Dark2</textcolor>
				<include>buttondimensionssquare</include>
				<onfocus>ClearProperty(content)</onfocus>
				<include content="buttontextures">
					<param name="icon" value="buttonsdialogs/thumb.png" />
				</include>
				<visible>!Skin.HasSetting(global.kioskmode)</visible>
				<onup condition="Control.IsVisible(50)">SetFocus(9009)</onup>
				<onclick>SendClick(10)</onclick>	
			</control>		
		</control>		
	</include>
	
	<include name="DialogPvrInfoNavigation">
		<control type="grouplist" id="9000">
			<bottom>224</bottom>
			<left>ListSquareX</left>
			<right>SidePad</right>
			<height>68</height>
			<bottom>33</bottom>
			<itemgap>16</itemgap>
			<ondown>9000</ondown>
			<onup condition="Control.IsVisible(50)">51</onup>
			<onup condition="Control.IsVisible(9501)">9501</onup>
			<orientation>horizontal</orientation>
			<control type="button" id="4">
				<align>center</align>
				<width>260</width>
				<label>19003</label>
				<include>DefInfoButtons</include>
				<visible>Window.IsActive(PVRGuideInfo)</visible>
			</control>
			<control type="button" id="5">
				<align>center</align>
				<width>260</width>
				<label>19165</label>
				<include>DefInfoButtons</include>
				<visible>Window.IsActive(PVRGuideInfo)</visible>
			</control>
			<control type="button" id="6">
				<align>center</align>
				<width>260</width>
				<label>264</label>
				<include>DefInfoButtons</include>
				<visible>Window.IsActive(PVRGuideInfo)</visible>
			</control>
			<control type="button" id="8">
				<align>center</align>
				<width>260</width>
				<label>19687</label>
				<include>DefInfoButtons</include>
				<visible>Window.IsActive(PVRGuideInfo) | Window.IsActive(PVRRecordingInfo)</visible>
			</control>
			<control type="button" id="10">
				<align>center</align>
				<width>260</width>
				<label>19190</label>
				<include>DefInfoButtons</include>
				<visible>Window.IsActive(PVRGuideInfo)</visible>
			</control>
			<control type="button" id="7">
				<align>center</align>
				<width>260</width>
				<label>186</label>
				<include>DefInfoButtons</include>
			</control>
		</control>
	</include>
	
	<include name="DialogPvrInfoNavigationNew">
		<control type="grouplist" id="9000">
			<visible allowhiddenfocus="true">ControlGroup(9000).HasFocus() | Control.HasFocus(50) | Control.HasFocus(9009)</visible>
			<bottom>224</bottom>
			<left>783</left>
			<right>SidePad</right>
			<include>listdimensions</include>
			<onup>50</onup>    
			<ondown>9601</ondown>     
			<orientation>horizontal</orientation>
			<control type="radiobutton" id ="4">
				<include>buttondimensionssquare</include>
				<include content="buttontextures">
					<param name="icon" value="buttonsdialogs/similar.png" />
				</include>
				<visible>Window.IsActive(PVRGuideInfo)</visible>					
			</control>
			<control type="radiobutton" id ="5">
				<include>buttondimensionssquare</include>
				<include content="buttontextures">
					<param name="icon" value="buttonsdialogs/launch.png" />
				</include>
				<visible>Window.IsActive(PVRGuideInfo)</visible>					
			</control>
			<control type="radiobutton" id ="6">
				<include>buttondimensionssquare</include>
				<include content="buttontextures">
					<param name="icon" value="buttonsdialogs/record.png" />
				</include>
				<visible>Window.IsActive(PVRGuideInfo)</visible>					
			</control>
			<control type="radiobutton" id ="8">
				<include>buttondimensionssquare</include>
				<include content="buttontextures">
					<param name="icon" value="buttonsdialogs/play_record.png" />
				</include>
				<visible>Window.IsActive(PVRGuideInfo) | Window.IsActive(PVRRecordingInfo)</visible>					
			</control>
			<control type="radiobutton" id ="10">
				<include>buttondimensionssquare</include>
				<include content="buttontextures">
					<param name="icon" value="buttonsdialogs/play.png" />
				</include>
				<visible>Window.IsActive(PVRGuideInfo)</visible>					
			</control>
			<control type="radiobutton" id ="7">
				<include>buttondimensionssquare</include>
				<include content="buttontextures">
					<param name="icon" value="buttonsdialogs/enabled.png" />
				</include>					
			</control>
		</control>		
	</include>
	
	<include name="DialogAddonInfoNavigationNew">
		<control type="grouplist" id="9000">
			<bottom>224</bottom>
			<left>783</left>
			<right>SidePad</right>
			<include>listdimensions</include>
			<ondown>9000</ondown>
			<onup condition="Control.IsVisible(50)">51</onup>
			<onup condition="Control.IsVisible(9501)">9501</onup>
			<orientation>horizontal</orientation>
			<control type="radiobutton" id ="12">
				<include>buttondimensionssquare</include>
				<include content="buttontextures">
					<param name="icon" value="buttonsdialogs/launch.png" />
				</include>
				<textcolor>Dark4</textcolor>
				<font>Null</font>
				<visible>Control.IsEnabled(12)</visible>						
			</control>
			<control type="radiobutton" id ="6">
				<include>buttondimensionssquare</include>
				<texturenofocus colordiffuse="Dark4" border="0">common/box.png</texturenofocus>
				<texturefocus colordiffuse="$VAR[ColorHighlight]" border="0">common/box.png</texturefocus>
				<textureradioonfocus colordiffuse="FFFFFFFF">buttonsdialogs/uninstall.png</textureradioonfocus>
				<textureradioonnofocus colordiffuse="FFFFFFFF">buttonsdialogs/uninstall.png</textureradioonnofocus>
				<textureradioofffocus colordiffuse="FFFFFFFF">buttonsdialogs/install.png</textureradioofffocus>
				<textureradiooffnofocus colordiffuse="FFFFFFFF">buttonsdialogs/install.png</textureradiooffnofocus>
				<visible>!Skin.HasSetting(global.kioskmode)</visible>
				<visible>Control.IsEnabled(6)</visible>	
				<textcolor>Dark4</textcolor>
				<font>Null</font>
				<selected>ListItem.Property(addon.isinstalled) | !Window.IsActive(addonbrowser)</selected>					
			</control>
			<control type="radiobutton" id ="7">
				<include>buttondimensionssquare</include>
				<texturenofocus colordiffuse="Dark4" border="0">common/box.png</texturenofocus>
				<texturefocus colordiffuse="$VAR[ColorHighlight]" border="0">common/box.png</texturefocus>
				<textureradioonfocus colordiffuse="FFFFFFFF">buttonsdialogs/disable.png</textureradioonfocus>
				<textureradioonnofocus colordiffuse="FFFFFFFF">buttonsdialogs/disable.png</textureradioonnofocus>
				<textureradioofffocus colordiffuse="FFFFFFFF">buttonsdialogs/enabled.png</textureradioofffocus>
				<textureradiooffnofocus colordiffuse="FFFFFFFF">buttonsdialogs/enabled.png</textureradiooffnofocus>
				<visible>!Skin.HasSetting(global.kioskmode)</visible>
				<visible>Control.IsEnabled(7)</visible>	
				<textcolor>Dark4</textcolor>
				<font>Null</font>
				<selected>!String.StartsWith(Control.GetLabel(7),$LOCALIZE[24022]) | !Window.IsActive(addonbrowser)</selected>						
			</control>
			<control type="radiobutton" id ="9">
				<include>buttondimensionssquare</include>
				<include content="buttontextures">
					<param name="icon" value="buttonsdialogs/configure.png" />
				</include>
				<visible>Control.IsEnabled(9)</visible>					
			</control>
			<control type="radiobutton" id ="8">
				<include>buttondimensionssquare</include>
				<include content="buttontextures">
					<param name="icon" value="buttonsdialogs/update.png" />
				</include>
				<visible>Control.IsEnabled(8)</visible>					
			</control>
		</control>
	</include>	
	
	<include name="DialogAddonInfoNavigation">
		<control type="grouplist" id="9000">
			<bottom>224</bottom>
			<left>ListSquareX</left>
			<right>SidePad</right>
			<height>68</height>
			<bottom>33</bottom>
			<itemgap>16</itemgap>
			<ondown>9000</ondown>
			<onup condition="Control.IsVisible(50)">51</onup>
			<onup condition="Control.IsVisible(9501)">9501</onup>
			<orientation>horizontal</orientation>
			<control type="button" id ="12">
				<description>Launch</description>
				<label>518</label>
				<width>260</width>
				<include>DefInfoButtons</include>
				<visible>Control.IsEnabled(12)</visible>
			</control>
			<control type="button" id ="6">
				<description>Install</description>
				<label>24022</label>
				<width>260</width>
				<include>DefInfoButtons</include>
				<visible>!Skin.HasSetting(global.kioskmode)</visible>
				<visible>Control.IsEnabled(6)</visible>
			</control>
			<control type="button" id ="7">
				<description>Enable</description>
				<label>24021</label>
				<width>260</width>
				<include>DefInfoButtons</include>
				<visible>!Skin.HasSetting(global.kioskmode)</visible>
				<visible>Control.IsEnabled(7)</visible>
			</control>
			<control type="button" id ="9">
				<description>Settings</description>
				<label>24020</label>
				<width>260</width>
				<include>DefInfoButtons</include>
				<visible>!Skin.HasSetting(global.kioskmode)</visible>
				<visible>Control.IsEnabled(9)</visible>
			</control>
			<control type="button" id ="8">
				<description>Update</description>
				<label>24069</label>
				<width>260</width>
				<include>DefInfoButtons</include>
				<visible>!Skin.HasSetting(global.kioskmode)</visible>
				<visible>Control.IsEnabled(8)</visible>
			</control>
		</control>
	</include>	
	
	<include name="ExtendedDialogVideoInfoNavigation">
		<control type="grouplist" id="9000">
			<visible allowhiddenfocus="true">ControlGroup(9000).HasFocus()</visible>
			<bottom>224</bottom>
			<left>540</left>
			<right>SidePad</right>
			<height>68</height>
			<bottom>33</bottom>
			<itemgap>16</itemgap>
			<ondown>9000</ondown>
			<onup condition="Control.IsVisible(50)">51</onup>
			<onup condition="Control.IsVisible(9501)">9501</onup>
			<orientation>horizontal</orientation>
			<control type="button" id ="8">
				<description>Play</description>
				<label>208</label>
				<include>DefInfoButtons</include>
				<visible>!String.IsEmpty(Window.Property(DBID)) + !String.IsEqual(Window.Property(Type),tvshow)</visible>
				<visible>String.IsEmpty(Window(home).Property(globalsearch))</visible>
			</control>
			<control type="button" id ="120">
				<description>Browse</description>
				<label>21385</label>
				<include>DefInfoButtons</include>
				<visible>!String.IsEmpty(Window.Property(DBID)) + String.IsEqual(Window.Property(Type),tvshow)</visible>
				<visible>String.IsEmpty(Window(home).Property(globalsearch))</visible>
			</control>
			<control type="button" id ="9002">
				<description>Cast</description>
				<label>206</label>
				<include>DefInfoButtons</include>
				<onclick>SetProperty(content,1000)</onclick>
				<onclick>SetFocus(1000)</onclick>
			</control>		
			<control type="button" id ="9006">
				<description>Artwork</description>
				<label>Artwork</label>
				<include>DefInfoButtons</include>
				<onclick>SetProperty(content,1350)</onclick>
				<onclick>SetFocus(1350)</onclick>
			</control> 
			<control type="button" id ="9003">
				<description>Similar</description>
				<label>31206</label>
				<include>DefInfoButtons</include>
				<onclick>SetProperty(content,150)</onclick>
				<onclick>SetFocus(150)</onclick>			
			</control>
			<control type="button" id ="9004">
				<description>Youtube</description>
				<label>$ADDON[script.extendedinfo 32118]</label>
				<include>DefInfoButtons</include>
				<onclick>SetProperty(content,350)</onclick>
				<onclick>SetFocus(350)</onclick>
			</control>
			<control type="button" id ="9005">
				<description>Crew</description>
				<label>$ADDON[script.extendedinfo 32115]</label>
				<include>DefInfoButtons</include>
				<onclick>SetProperty(content,750)</onclick>
				<onclick>SetFocus(750)</onclick>
			</control>  
		</control>
	</include>
	
	<include name="ExtendedDialogVideoInfoNavigationNew">
		<control type="grouplist" id="9000">
			<visible allowhiddenfocus="true">ControlGroup(9000).HasFocus()</visible>
			<bottom>224</bottom>
			<left>571</left>
			<right>SidePad</right>
			<include>listdimensions</include>
			<ondown>9000</ondown>
			<onup condition="Control.IsVisible(50)">51</onup>
			<onup condition="Control.IsVisible(9501)">9501</onup>
			<orientation>horizontal</orientation>	
			<control type="radiobutton" id ="8">
				<include>buttondimensions</include>
				<include content="buttontextures">
					<param name="icon" value="buttonsdialogs/play.png" />
				</include>
				<visible>!String.IsEmpty(Window.Property(DBID)) + !String.IsEqual(Window.Property(Type),tvshow)</visible>
				<visible>String.IsEmpty(Window(home).Property(globalsearch))</visible>					
			</control>
			<control type="radiobutton" id ="120">
				<description>Browse</description>
				<include>buttondimensions</include>
				<include content="buttontextures">
					<param name="icon" value="buttonsdialogs/browse.png" />
				</include>
				<visible>!String.IsEmpty(Window.Property(DBID)) + String.IsEqual(Window.Property(Type),tvshow)</visible>
				<visible>String.IsEmpty(Window(home).Property(globalsearch))</visible>				
			</control>
			<control type="radiobutton" id ="9002">
				<include>buttondimensions</include>
				<include content="buttontextures">
					<param name="icon" value="buttonsdialogs/cast.png" />
				</include>
				<onclick>SetProperty(content,1000)</onclick>
				<onclick>SetFocus(1000)</onclick>		
			</control>
			<control type="radiobutton" id ="9006">
				<include>buttondimensions</include>
				<include content="buttontextures">
					<param name="icon" value="buttonsdialogs/image.png" />
				</include>
				<onclick>SetProperty(content,1350)</onclick>
				<onclick>SetFocus(1350)</onclick>	
			</control>
			<control type="radiobutton" id ="9003">
				<include>buttondimensions</include>
				<include content="buttontextures">
					<param name="icon" value="buttonsdialogs/similar.png" />
				</include>
				<onclick>SetProperty(content,150)</onclick>
				<onclick>SetFocus(150)</onclick>
			</control>
			<control type="radiobutton" id ="9004">
				<include>buttondimensions</include>
				<include content="buttontextures">
					<param name="icon" value="buttonsdialogs/youtube.png" />
				</include>
				<onclick>SetProperty(content,350)</onclick>
				<onclick>SetFocus(350)</onclick>
			</control>
			<control type="radiobutton" id ="9005">
				<include>buttondimensions</include>
				<include content="buttontextures">
					<param name="icon" value="buttonsdialogs/crew.png" />
				</include>
				<onclick>SetProperty(content,750)</onclick>
				<onclick>SetFocus(750)</onclick>
			</control>
		</control>
	</include>
	
	<include name="ExtendedDialogInfoNavigation">
		<control type="grouplist" id="9000">
			<visible allowhiddenfocus="true">ControlGroup(9000).HasFocus()</visible>
			<bottom>224</bottom>
			<left>540</left>
			<right>SidePad</right>
			<height>68</height>
			<bottom>33</bottom>
			<itemgap>16</itemgap>
			<ondown>9000</ondown>
			<onup condition="Control.IsVisible(50)">51</onup>
			<onup condition="Control.IsVisible(9501)">9501</onup>
			<orientation>horizontal</orientation>	
			<control type="button" id ="9006">
				<description>Artwork</description>
				<label>Artwork</label>
				<include>DefInfoButtons</include>
				<onclick>SetProperty(content,450)</onclick>
				<onclick>SetFocus(450)</onclick>			
			</control>  
			<control type="button" id ="9002">
				<description>Movies</description>
				<label>$ADDON[script.extendedinfo 32010]</label>
				<include>DefInfoButtons</include>
				<onclick>SetProperty(content,150)</onclick>
				<onclick>SetFocus(150)</onclick>
			</control>	
			<control type="button" id ="9003">
				<description>TvShows</description>
				<label>$ADDON[script.extendedinfo 32031]</label>
				<include>DefInfoButtons</include>
				<onclick>SetProperty(content,250)</onclick>
				<onclick>SetFocus(250)</onclick>
			</control>
			<control type="button" id ="9004">
				<description>Youtube</description>
				<label>$ADDON[script.extendedinfo 32118]</label>
				<include>DefInfoButtons</include>
				<onclick>SetProperty(content,350)</onclick>
				<onclick>SetFocus(350)</onclick>
			</control>
			<control type="button" id ="9005">
				<description>AsCrew</description>
				<label>$ADDON[script.extendedinfo 32115]</label>
				<include>DefInfoButtons</include>
				<onclick>SetProperty(content,550)</onclick>
				<onclick>SetFocus(550)</onclick>
			</control>  
		</control>
	</include>
	
	<include name="ExtendedDialogInfoNavigationNew">
		<control type="grouplist" id="9000">
			<visible allowhiddenfocus="true">ControlGroup(9000).HasFocus()</visible>
			<bottom>224</bottom>
			<left>571</left>
			<right>SidePad</right>
			<include>listdimensions</include>
			<ondown>9000</ondown>
			<onup condition="Control.IsVisible(50)">51</onup>
			<onup condition="Control.IsVisible(9501)">9501</onup>
			<orientation>horizontal</orientation>		
			<control type="radiobutton" id ="9006">
				<include>buttondimensions</include>
				<include content="buttontextures">
					<param name="icon" value="buttonsdialogs/image.png" />
				</include>
				<onclick>SetProperty(content,450)</onclick>
				<onclick>SetFocus(450)</onclick>				
			</control>
			<control type="radiobutton" id ="9002">
				<include>buttondimensions</include>
				<include content="buttontextures">
					<param name="icon" value="buttonsdialogs/trailer.png" />
				</include>
				<onclick>SetProperty(content,150)</onclick>
				<onclick>SetFocus(150)</onclick>				
			</control>
			<control type="radiobutton" id ="9003">
				<include>buttondimensions</include>
				<include content="buttontextures">
					<param name="icon" value="buttonsdialogs/tvshows.png" />
				</include>
				<onclick>SetProperty(content,250)</onclick>
				<onclick>SetFocus(250)</onclick>				
			</control>
			<control type="radiobutton" id ="9004">
				<include>buttondimensions</include>
				<include content="buttontextures">
					<param name="icon" value="buttonsdialogs/youtube.png" />
				</include>
				<onclick>SetProperty(content,350)</onclick>
				<onclick>SetFocus(350)</onclick>				
			</control>
			<control type="radiobutton" id ="9005">
				<include>buttondimensions</include>
				<include content="buttontextures">
					<param name="icon" value="buttonsdialogs/director.png" />
				</include>
				<onclick>SetProperty(content,550)</onclick>
				<onclick>SetFocus(550)</onclick>				
			</control>
		</control>
	</include>
	<variable name="DialogInfoLabel">	
		<value condition="Control.HasFocus(9006) + Window.IsVisible(script-script.extendedinfo-DialogInfo.xml)">$LOCALIZE[37513]</value>
		<value condition="Control.HasFocus(9002) + Window.IsVisible(script-script.extendedinfo-DialogInfo.xml)">$ADDON[script.extendedinfo 32010]</value>
		<value condition="Control.HasFocus(9003) + Window.IsVisible(script-script.extendedinfo-DialogInfo.xml)">$ADDON[script.extendedinfo 32031]</value>
		<value condition="Control.HasFocus(9004) + Window.IsVisible(script-script.extendedinfo-DialogInfo.xml)">$ADDON[script.extendedinfo 32118]</value>
		<value condition="Control.HasFocus(9005) + Window.IsVisible(script-script.extendedinfo-DialogInfo.xml)">$ADDON[script.extendedinfo 32115]</value>		
		<value condition="Control.HasFocus(8) + Window.IsVisible(script-script.extendedinfo-DialogVideoInfo.xml)">$LOCALIZE[208]</value>
		<value condition="Control.HasFocus(120) + Window.IsVisible(script-script.extendedinfo-DialogVideoInfo.xml)">$LOCALIZE[21385]</value>
		<value condition="Control.HasFocus(9002) + Window.IsVisible(script-script.extendedinfo-DialogVideoInfo.xml)">$LOCALIZE[206]</value>
		<value condition="Control.HasFocus(9006) + Window.IsVisible(script-script.extendedinfo-DialogVideoInfo.xml)">$LOCALIZE[37513]</value>
		<value condition="Control.HasFocus(9003) + Window.IsVisible(script-script.extendedinfo-DialogVideoInfo.xml)">$LOCALIZE[31206]</value>
		<value condition="Control.HasFocus(9004) + Window.IsVisible(script-script.extendedinfo-DialogVideoInfo.xml)">$ADDON[script.extendedinfo 32118]</value>
		<value condition="Control.HasFocus(9005) + Window.IsVisible(script-script.extendedinfo-DialogVideoInfo.xml)">$ADDON[script.extendedinfo 32115]</value>
		<value condition="Control.HasFocus(12) + Window.IsVisible(DialogAddonInfo.xml)">$LOCALIZE[518]</value>
		<value condition="Control.HasFocus(9) + Window.IsVisible(DialogAddonInfo.xml)">$LOCALIZE[24020]</value>
		<value condition="Control.HasFocus(8) + Window.IsVisible(DialogAddonInfo.xml)">$LOCALIZE[24069]</value>
		<value condition="Control.HasFocus(7) + Window.IsVisible(DialogAddonInfo.xml)">$INFO[Control.GetLabel(7)]</value>
		<value condition="Control.HasFocus(6) + Window.IsVisible(DialogAddonInfo.xml)">$INFO[Control.GetLabel(6)]</value>
		<value condition="Control.HasFocus(4) + Window.IsVisible(DialogPVRInfo.xml)">$LOCALIZE[19003]</value>
		<value condition="Control.HasFocus(5) + Window.IsVisible(DialogPVRInfo.xml)">$LOCALIZE[19165]</value>
		<value condition="Control.HasFocus(8) + Window.IsVisible(DialogPVRInfo.xml)">$LOCALIZE[19687]</value>
		<value condition="Control.HasFocus(10) + Window.IsVisible(DialogPVRInfo.xml)">$LOCALIZE[19190]</value>		
		<value condition="Control.HasFocus(7) + Window.IsVisible(DialogPVRInfo.xml)">$LOCALIZE[186]</value>
		<value condition="Control.HasFocus(6) + Window.IsVisible(DialogPVRInfo.xml)">$LOCALIZE[264]</value>		
		<value condition="Control.HasFocus(9019) + Window.IsVisible(DialogVideoInfo.xml)">$LOCALIZE[37551]</value>
		<value condition="Control.HasFocus(8)">$LOCALIZE[208]</value>
		<value condition="Control.HasFocus(9019)">$LOCALIZE[21888]</value>
		<value condition="Control.HasFocus(9018)">$LOCALIZE[37551]</value>
		<value condition="Control.HasFocus(11)">$LOCALIZE[20410]</value>
		<value condition="Control.HasFocus(9012)">$LOCALIZE[31206]</value>
		<value condition="Control.HasFocus(51)">$LOCALIZE[37550]</value>
		<value condition="Control.HasFocus(7)">$LOCALIZE[38023]</value>
		<value condition="Control.HasFocus(6)">$LOCALIZE[184]</value>
		<value condition="Control.HasFocus(10)">$LOCALIZE[13405]</value>
		<value condition="Control.HasFocus(9001)">$LOCALIZE[31203]</value>
		<value condition="Control.HasFocus(49)">$LOCALIZE[31170]</value>
		<value condition="Control.HasFocus(9100)">$LOCALIZE[31203]</value>
		<value condition="Control.HasFocus(123)">$LOCALIZE[38023]</value>
		<value condition="Control.HasFocus(9003)">$LOCALIZE[31141]</value>
		<value condition="Control.HasFocus(48)">$LOCALIZE[184]</value>
		<value condition="Control.HasFocus(54)">$LOCALIZE[13405]</value>		
		<value condition="Control.HasFocus(9002) + String.IsEmpty(Window.Property(tracklist))">$LOCALIZE[182]</value>
		<value condition="Control.HasFocus(9002) + !String.IsEmpty(Window.Property(tracklist))">$LOCALIZE[21887]</value>
	</variable>

</includes>
