<?xml version="1.0" encoding="UTF-8"?>
<includes>
    <include name="Animation.Common">
        <visible>!Window.IsVisible(Custom_MovieSets.xml) + !Window.IsVisible(script-script.extendedinfo-VideoList.xml) + !Window.IsVisible(script-globalsearch-main.xml) + !Window.IsVisible(script-globalsearch-infodialog.xml) + !Window.IsVisible(DialogAddonInfo.xml) + !Window.IsVisible(DialogPVRInfo.xml) + !Window.IsVisible(DialogPVRGuideInfo.xml) + !Window.IsVisible(DialogMusicInfo.xml) + !Window.IsVisible(DialogVideoInfo.xml) + !Window.IsVisible(script-script.extendedinfo-DialogInfo.xml) + !Window.IsVisible(script-script.extendedinfo-DialogVideoInfo.xml)</visible>
        <animation type="WindowOpen" reversible="false">
            <effect type="fade" start="0" end="100" time="300" tween="sine" easing="in" />
            <effect type="zoom" start="50" end="100" time="300" center="auto" tween="quadratic" easing="out" />
        </animation>
        <animation type="WindowClose" reversible="false">
            <effect type="fade" end="0" start="100" time="200" tween="sine" easing="out" />
            <effect type="zoom" end="75" start="100" time="200" center="auto" tween="quadratic" easing="in" />
        </animation>
        <animation type="Visible" reversible="false">
            <effect type="fade" start="0" end="100" time="300" delay="300" tween="sine" easing="in" />
            <effect type="zoom" start="115" end="100" time="300" delay="300" center="auto" tween="sine" easing="out" />
        </animation>
        <animation type="Hidden" reversible="false" condition="![!Window.IsVisible(Custom_MovieSets.xml) + !Window.IsVisible(script-script.extendedinfo-VideoList.xml) + !Window.IsVisible(script-globalsearch-main.xml) + !Window.IsVisible(script-globalsearch-infodialog.xml) + !Window.IsVisible(DialogAddonInfo.xml) + !Window.IsVisible(DialogPVRInfo.xml) + !Window.IsVisible(DialogPVRGuideInfo.xml) + !Window.IsVisible(DialogMusicInfo.xml) + !Window.IsVisible(DialogVideoInfo.xml) + !Window.IsVisible(script-script.extendedinfo-DialogInfo.xml) + !Window.IsVisible(script-script.extendedinfo-DialogVideoInfo.xml)]">
            <effect type="zoom" start="100" end="85" center="auto" tween="sine" delay="0" easing="out" time="500" />
            <effect type="fade" start="100" end="0" tween="cubic" easing="out" delay="0" time="500" />
        </animation>
        <animation type="Conditional" reversible="true" condition="Window.IsVisible(script-skinshortcuts.xml) | Window.IsVisible(DialogSongInfo.xml) | Window.IsVisible(DialogPictureInfo.xml) | Window.IsVisible(FileBrowser.xml) | Window.IsVisible(DialogConfirm.xml) | Window.IsVisible(DialogSelect.xml) | Window.IsVisible(DialogContextMenu.xml) | Window.IsVisible(DialogButtonMenu.xml) | ControlGroup(9000).HasFocus()">
            <effect type="zoom" end="95" start="100" time="300" center="auto" tween="quadratic" easing="in" />
        </animation>
    </include>
	<include name="Animation.SidePoster">
		<animation type="WindowOpen">
			<effect type="slide" start="-1920" end="0" delay="0" time="400" tween="quadratic" easing="out" />
			<effect type="fade" end="100" start="0" time="200" tween="sine" easing="out" />
		</animation>
		<animation type="WindowClose">
			<effect type="slide" start="0" end="-1920" time="300" tween="quadratic" easing="in" />
			<effect type="fade" end="0" start="100" time="200" tween="sine" easing="out" />
		</animation>
		<animation type="Visible">
			<effect type="slide" start="-1920" end="0" delay="0" time="400" tween="quadratic" easing="out" />
			<effect type="fade" end="100" start="0" time="200" tween="sine" easing="out" />
		</animation>
		<animation type="Hidden">
			<effect type="slide" start="0" end="-1920" time="300" tween="quadratic" easing="in" />
			<effect type="fade" end="0" start="100" time="200" tween="sine" easing="out" />
		</animation>
	</include>	
	<include name="Animation.RightSide">
		<animation type="WindowOpen">
			<effect type="slide" start="1920" end="0" delay="0" time="400" tween="quadratic" easing="out" />
			<effect type="fade" end="100" start="0" time="200" tween="sine" easing="out" />
		</animation>
		<animation type="WindowClose">
			<effect type="slide" start="0" end="1920" time="300" tween="quadratic" easing="in" />
			<effect type="fade" end="0" start="100" time="200" tween="sine" easing="out" />
		</animation>
		<animation type="Visible">
			<effect type="slide" start="1920" end="0" delay="0" time="400" tween="quadratic" easing="out" />
			<effect type="fade" end="100" start="0" time="200" tween="sine" easing="out" />
		</animation>
		<animation type="Hidden">
			<effect type="slide" start="0" end="1920" time="300" tween="quadratic" easing="in" />
			<effect type="fade" end="0" start="100" time="200" tween="sine" easing="out" />
		</animation>
	</include>
	
	<include name="Animation.FileNameAndPath">
		<animation type="Conditional" condition="Control.HasFocus(8) + ControlGroup(9000).HasFocus()" reversible="false">						
			<effect type="fade" end="100" start="0" time="400" delay="2300" />
		</animation>
		<animation type="Conditional" condition="Control.HasFocus(9019) + ControlGroup(9000).HasFocus()" reversible="false">						
			<effect type="fade" end="100" start="0" time="400" delay="2300"  />
		</animation>
		<animation type="Conditional" condition="Control.HasFocus(11) + ControlGroup(9000).HasFocus()" reversible="false">						
			<effect type="fade" end="100" start="0" time="400" delay="2300"  />
		</animation>
		<animation type="Conditional" condition="Control.HasFocus(9012) + ControlGroup(9000).HasFocus()" reversible="false">						
			<effect type="fade" end="100" start="0" time="400" delay="2300"  />
		</animation>
		<animation type="Conditional" condition="Control.HasFocus(51) + ControlGroup(9000).HasFocus()" reversible="false">						
			<effect type="fade" end="100" start="0" time="400" delay="2300"  />
		</animation>					
		<animation type="Conditional" condition="Control.HasFocus(7) + ControlGroup(9000).HasFocus()" reversible="false">						
			<effect type="fade" end="100" start="0" time="400" delay="2300"  />
		</animation>
		<animation type="Conditional" condition="Control.HasFocus(6) + ControlGroup(9000).HasFocus()" reversible="false">						
			<effect type="fade" end="100" start="0" time="400" delay="2300"  />
		</animation>
		<animation type="Conditional" condition="Control.HasFocus(10) + ControlGroup(9000).HasFocus()" reversible="false">						
			<effect type="fade" end="100" start="0" time="400" delay="2300"  />
		</animation>
		<animation type="Conditional" condition="Control.HasFocus(9001) + ControlGroup(9000).HasFocus()" reversible="false">						
			<effect type="fade" end="100" start="0" time="400" delay="2300"  />
		</animation>
		<animation type="Conditional" condition="!ControlGroup(9000).HasFocus()" reversible="false">						
			<effect type="fade" end="0" start="100" time="0" />
		</animation>
	</include>
	
	<include name="Animation.ButtonLabel">
		<animation type="Conditional" condition="Control.HasFocus(8) + !String.IsEmpty(ListItem.FileNameAndPath)" reversible="false">			
			<effect type="fade" end="0" start="100" time="400" delay="2000" />
		</animation>
		<animation type="Conditional" condition="Control.HasFocus(9019) + !String.IsEmpty(ListItem.FileNameAndPath)" reversible="false">			
			<effect type="fade" end="0" start="100" time="400" delay="2000" />
		</animation>
		<animation type="Conditional" condition="Control.HasFocus(11) + !String.IsEmpty(ListItem.FileNameAndPath)" reversible="false">			
			<effect type="fade" end="0" start="100" time="400" delay="2000" />
		</animation>
		<animation type="Conditional" condition="Control.HasFocus(9012) + !String.IsEmpty(ListItem.FileNameAndPath)" reversible="false">
			<effect type="fade" end="0" start="100" time="400" delay="2000" />
		</animation>
		<animation type="Conditional" condition="Control.HasFocus(51) + !String.IsEmpty(ListItem.FileNameAndPath)" reversible="false">
			<effect type="fade" end="0" start="100" time="400" delay="2000" />
		</animation>					
		<animation type="Conditional" condition="Control.HasFocus(7) + !String.IsEmpty(ListItem.FileNameAndPath)" reversible="false">
			<effect type="fade" end="0" start="100" time="400" delay="2000" />
		</animation>
		<animation type="Conditional" condition="Control.HasFocus(6) + !String.IsEmpty(ListItem.FileNameAndPath)" reversible="false">
			<effect type="fade" end="0" start="100" time="400" delay="2000" />
		</animation>
		<animation type="Conditional" condition="Control.HasFocus(10) + !String.IsEmpty(ListItem.FileNameAndPath)" reversible="false">
			<effect type="fade" end="0" start="100" time="400" delay="2000" />
		</animation>
		<animation type="Conditional" condition="Control.HasFocus(9001) + !String.IsEmpty(ListItem.FileNameAndPath)" reversible="false">
			<effect type="fade" end="0" start="100" time="400" delay="2000" />
		</animation>
	</include>
	
	<include name="Animation.FurnitureIcon">
		<animation effect="fade" start="0" end="100" time="400" delay="400">Visible</animation>
		<animation effect="fade" start="100" end="0" time="300">Hidden</animation>
	</include>
	
	<include name="ListViewScrollAnim">
		<animation type="Focus" condition="Container.OnNext" reversible="false">
			<effect type="Fade" start="70" end="100" time="400" tween="back" easing="in"/>
			<effect type="slide" start="0,-37" time="160" tween="sine" easing="out"/>
		</animation>
		
		<animation type="Focus" condition="Container.OnPrevious" reversible="false">
			<effect type="Fade" start="70" end="100" time="400" tween="back" easing="in"/>
			<effect type="slide" start="0,37" time="160" tween="sine" easing="out"/>
		</animation>
	</include>
		
	<include name="HomeListScrollAnim">
		<!--<animation type="Focus" condition="Container(300).OnNext | Container(300).OnPrevious">
            <effect type="fade" start="50" end="100" time="170" delay="0"/>
		</animation>-->
	</include>
	
	<include name="ViewSlideForJumpBar">
		<animation effect="slide" start="0,0" end="-75,0" time="400" tween="quadratic" easing="out" condition="[ControlGroup(290000).HasFocus() + Container.Content(movies)] | [ControlGroup(290000).HasFocus() + Container.Content(tvshows)] | [ControlGroup(290000).HasFocus() + Container.Content(actors)] | [ControlGroup(290000).HasFocus() + Container.Content(addons)]">Conditional</animation>
	</include>
	
	<include name="FSAnim">
		<animation type="Focus" condition="Container(59).OnNext | Container(59).OnPrevious">
            <effect type="fade" start="50" end="100" time="970" delay="0"/>
		</animation>
	</include>
	
    <include name="Animation.FadeIn">
        <animation effect="fade" start="0" end="100" time="350" tween="cubic" easing="inout">Visible</animation>
        <animation effect="fade" start="0" end="100" time="350" tween="cubic" easing="inout">WindowOpen</animation>
    </include>
	<include name="Animation.ActorZoom">
        <animation center="970,522" condition="!Control.HasFocus(50)" easing="inout" effect="zoom" end="60"  start="100" time="300" tween="sine">Conditional</animation>
    </include>
	<include name="Animation.MovieZoom">
        <animation condition="Control.HasFocus(9501) | Control.HasFocus(160) | Control.HasFocus(9502)" effect="slide" end="-600,0" start="0,0" reversible="true" time="300" tween="sine">Conditional</animation>
		
    </include>
	<include name="Animation.ActorZoom.Focus0">
        <focusposition>0</focusposition>
    </include>
	<include name="Animation.ActorZoom.Focus2">
        <focusposition>2</focusposition>
    </include>
    <include name="Animation.DelayFadeIn">
        <animation effect="fade" start="0" end="100" time="650" delay="200" tween="cubic" easing="inout" reversible="false">Visible</animation>
        <animation effect="fade" start="0" end="100" time="650" delay="200" tween="cubic" easing="inout">WindowOpen</animation>
    </include>
	<include name="Animation.DelayFadeIn3">
        <animation effect="fade" start="0" end="100" time="650" delay="900" tween="cubic" easing="inout" reversible="false">Visible</animation>
        <animation effect="fade" start="0" end="100" time="650" delay="900" tween="cubic" easing="inout">WindowOpen</animation>
    </include>
	<include name="Animation.DelayFadeInNew">
        <animation effect="fade" start="30" end="100" time="150" delay="100" reversible="false">Visible</animation>
        <animation effect="fade" start="30" end="100" time="150" delay="50">WindowOpen</animation>
    </include>
    <include name="Animation.FadeFromHome">
        <animation effect="fade" start="0" end="100" time="350" tween="cubic" easing="inout" condition="Window.Previous(home)">WindowOpen</animation>
        <animation effect="fade" end="0" start="100" time="350" tween="cubic" easing="inout" condition="Window.Next(home)">WindowClose</animation>
    </include>
	<include name="Animation.FadeFromInfo">
        <animation effect="fade" start="90" end="100" time="350" tween="cubic" easing="inout">Visible</animation>
    </include>
    <include name="Animation.ZoomIn">
        <animation type="WindowOpen" reversible="false">
            <effect type="fade" start="0" end="100" time="300" tween="sine" easing="in" />
            <effect type="zoom" start="80" end="100" time="300" center="auto" tween="quadratic" easing="out" />
        </animation>
        <animation type="Visible" reversible="false">
            <effect type="fade" start="0" end="100" time="300" tween="sine" easing="in" />
            <effect type="zoom" start="80" end="100" time="300" center="auto" tween="quadratic" easing="out" />
        </animation>
    </include>
    <include name="Animation.FadeIn.Delay">
        <animation type="Visible">
            <effect type="fade" start="0" end="100" time="350" delay="300" tween="cubic" easing="inout"/>
            <effect type="zoom" start="75" end="100" center="auto" tween="back" time="500" delay="300"/>
        </animation>
        <animation effect="fade" start="0" end="100" time="350" tween="cubic" easing="inout">WindowOpen</animation>
    </include>
    
    <include name="Animation.FadeIn.Slide">
        <animation type="Visible" reversible="false">
            <effect type="fade" start="0" end="100" time="300" delay="150"/>
            <effect type="slide" start="0,-48" end="0" center="auto" tween="back" easing="out" time="450" delay="150"/>
        </animation>
        <animation type="WindowOpen" reversible="false">
            <effect type="fade" start="0" end="100" time="300" delay="150"/>
            <effect type="slide" start="0,-48" end="0" center="auto" tween="back" easing="out" time="450" delay="150"/>
        </animation>
    </include>
	
	<include name="Animation.SwitchText">
        <visible>!Container().OnNext + !Container().OnPrevious + !String.IsEqual(ListItem.Label,..)</visible>
		<animation condition="!Container().OnNext + !Container().OnPrevious" effect="fade" start="100" end="0" time="400">Hidden</animation> 
		<animation condition="!Container().OnNext + !Container().OnPrevious" effect="fade" delay="200" start="0" reversible="false" end="100" time="500">Visible</animation>  		        	
    </include>
	<include name="Animation.SwitchIcons">
        <visible>!Container().OnNext + !Container().OnPrevious + !String.IsEqual(ListItem.Label,..)</visible>
		<animation condition="!Container().OnNext + !Container().OnPrevious" effect="fade" start="100" end="70" time="100">Hidden</animation> 
		<animation condition="!Container().OnNext + !Container().OnPrevious" effect="fade" start="70" end="100" time="100">Visible</animation>  		        	
    </include>
	
	<include name="Animation.SwitchStars">
        <visible>!Container().OnNext + !Container().OnPrevious + !String.IsEqual(ListItem.Label,..)</visible>
		<animation condition="!Container().OnNext + !Container().OnPrevious" effect="fade" start="100" end="70" time="500">Hidden</animation> 
		<animation condition="!Container().OnNext + !Container().OnPrevious" effect="fade" start="50" end="100" time="500">Visible</animation>  		        	
    </include>
	
	<include name="Animation.ViHi">
		<animation effect="fade" start="100" end="0" time="100">Hidden</animation> 
		<animation effect="fade" start="0" delay="100" end="100" time="100">Visible</animation>  		        	
    </include>
	<include name="Animation.ViHi.Settings">
		<animation effect="fade" start="0" end="100" time="300">Visible</animation>
		<animation effect="fade" start="100" end="0" time="100">Hidden</animation>
	</include>
	<include name="Animation.MenuSlideIn">	
		<animation effect="slide" delay="800" start="-300" tween="back" easing="out" end="0" time="700">WindowOpen</animation>
    </include>
	
	
    <include name="Animation.SlideUp">
        <animation type="Visible">
            <effect type="fade" start="0" end="100" time="250" delay="0" tween="cubic" easing="inout"/>
            <effect type="slide" start="0,48" end="0" center="auto" tween="back" easing="out" time="400" delay="0"/>
        </animation>
        <animation type="WindowOpen">
            <effect type="fade" start="0" end="100" time="250" delay="0" tween="cubic" easing="inout"/>
            <effect type="slide" start="0,48" end="0" center="auto" tween="back" easing="out" time="400" delay="0"/>
        </animation>
    </include>
    
    <include name="Animation.FadeOut">
        <animation effect="fade" end="0" start="100" time="150">Hidden</animation>
        <animation effect="fade" end="0" start="100" time="150">WindowClose</animation>
    </include>
	
	<include name="Animation.FadeOutNeu">
        <animation effect="fade" end="0" start="100" time="150">Hidden</animation>
        <animation effect="fade" end="0" start="100" time="150">WindowClose</animation>
    </include>
	
	<include name="Animation.FadeOutDelay">
        <animation effect="fade" end="0" start="100" delay="1000" time="150">Hidden</animation>
        <animation effect="fade" end="0" start="100" delay="1000" time="150">WindowClose</animation>
    </include>

    <include name="Animation.FurnitureFadeInOut">
        <animation effect="fade" start="0" end="100" time="350" tween="cubic" easing="inout">Visible</animation>
        <animation effect="fade" end="0" start="100" time="150">Hidden</animation>
        <animation effect="fade" start="0" end="100" time="350" tween="cubic" easing="inout" condition="!Window.IsVisible(Custom_MovieSets.xml) + !Window.IsVisible(script-script.extendedinfo-DialogVideoInfo.xml) + !Window.IsVisible(script-script.extendedinfo-DialogInfo.xml) + ![Window.Previous(home) + Skin.HasSetting(home.vertical)] + ![Window.IsVisible(home) + Skin.HasSetting(home.vertical)]">WindowOpen</animation>
        <animation effect="fade" end="0" start="100" time="150" condition="!Window.IsVisible(script-script.extendedinfo-DialogVideoInfo.xml) + !Window.IsVisible(script-script.extendedinfo-DialogInfo.xml) + ![Window.Next(home) + Skin.HasSetting(home.vertical)] + ![Window.IsVisible(home) + Skin.HasSetting(home.vertical)]">WindowClose</animation>
    </include>
</includes>
