<?xml version="1.0" encoding="UTF-8"?>
<!-- Foundation -->
<window id="1132" type="dialog">
   	<defaultcontrol always="true">9019</defaultcontrol>
    <zorder>0</zorder>
    <!--<onload condition="System.HasAddon(script.videoextras)">RunScript(script.videoextras,check,"$INFO[ListItem.FilenameAndPath]")</onload>-->
    <onload>ClearProperty(content)</onload>
	
	<onload>ClearProperty(fimino)</onload>
    <onload>ClearProperty(movie.Fanart,home)</onload>
	<onload>ClearProperty(down)</onload>
	
    <controls>

	<control type="group">
		
		<include>Animation.ZoomIn</include>		
		<animation type="Conditional" reversible="true" condition="Window.IsVisible(FileBrowser.xml) | Window.IsVisible(DialogProgress.xml) | Window.IsVisible(DialogYesNo.xml) | Window.IsVisible(DialogOK.xml) | Window.IsVisible(DialogSelect.xml) | Window.IsVisible(DialogContextMenu.xml) | Window.IsVisible(DialogButtonMenu.xml)">
			<effect type="zoom" end="95" start="100" time="200" center="auto" tween="quadratic" easing="in" />
		</animation>
<!-- 	Poster 	-->
		<control type="group">
			<visible>!Window.IsVisible(DialogVideoInfo.xml)</visible>
			<include>Animation.SidePoster</include>	
			<include>View_50_SidePoster</include>
		</control>
<!-- 	Rechte Seite 	-->					
            <control type="group">
				<visible>!Window.IsVisible(DialogVideoInfo.xml)</visible>
				<visible>!Window.IsVisible(script-ExtendedInfo Script-DialogVideoInfo.xml)</visible>
                <visible>!Window.IsVisible(script-ExtendedInfo Script-DialogInfo.xml)</visible>
				<visible>!Window.IsVisible(script-script.extendedinfo-DialogInfo.xml)</visible>
				<visible>!Window.IsVisible(script-script.extendedinfo-DialogVideoInfo.xml)</visible>
				<include>Animation.RightSide</include>
                
                <control type="button" id="9601">
                    <width>1</width>
                    <height>1</height>
                    <visible allowhiddenfocus="true">false</visible>
                    <onback>9000</onback>
                    <onup>9000</onup>
                    <ondown>9000</ondown>
                    <onleft>9000</onleft>
                    <onright>9000</onright>
                </control>
                <!-- Control Buttons -->
                <include condition="Skin.HasSetting(olddialogbuttons)">DialogMovieSetsInfoNavigation</include>
				<include content="DialogMovieSetsInfoNavigationNew" condition="!Skin.HasSetting(olddialogbuttons)">
					<param name="buttonwidth" value="125" />
					<param name="buttonheight" value="68" />
				</include>	

				<control type="group">
					<visible>String.IsEmpty(Window.Property(content)) + String.IsEmpty(Window.Property(filminfo)) + !Container(9501).IsUpdating</visible>
					<include>Animation.DelayFadeInNew</include>				
					<left>570</left>
                    <right>SidePad</right>
                    <bottom>224</bottom>
                    <top>335</top>
					<control type="group">
					<animation condition="Control.HasFocus(50) | Control.HasFocus(9501)" effect="fade" end="0"  start="100" time="300">Conditional</animation>		
					
					<control type="list" id="9502">
						<top>60</top>
						<left>0</left>
						<width>960</width>
						<height>180</height>
						<onleft>9000</onleft>
						<onright>9000</onright>
						<onback>ClearProperty(content)</onback>
						<onback>9000</onback>
						<orientation>vertical</orientation>
						<preloaditems>2</preloaditems>
						<pagecontrol>60</pagecontrol>
						<viewtype label="536">list</viewtype>				
						<itemlayout height="60" width="960">				
							<control type="group">	
								<visible>Control.HasFocus(9502)</visible>	
								<include>Animation.ViHi</include>
								<control type="label">									
									<posx>30</posx>
									<width>770</width>
									<font>SmallNavi</font>
									<aligny>center</aligny>
									<height>60</height>
									<textcolor>Dark1</textcolor>
									<selectedcolor>Dark1</selectedcolor>
									<label>$INFO[Container(9502).ListItem.Label]</label>
								</control>
								<control type="label">									
									<posx>30</posx>
									<width>900</width>
									<font>SmallNavi</font>
									<aligny>center</aligny>
									<align>right</align>
									<height>60</height>
									<textcolor>Dark1</textcolor>
									<selectedcolor>Dark1</selectedcolor>
									<label>($VAR[LabelYear])</label>
								</control>	
							</control>	
						</itemlayout>
						<focusedlayout height="60" width="960">	
							<control type="group">	
								<visible>Control.HasFocus(9502)</visible>	
								<include>Animation.ViHi</include>
								<control type="image">	                                
									<width>100%</width>
									<height>100%</height>
									<texture border="8" colordiffuse="Dark3">common/box.png</texture>
									<include>ListViewScrollAnim</include>			
								</control>
								<control type="label">
									<posx>30</posx>
									<width>770</width>
									<font>SmallNavi</font>
									<aligny>center</aligny>
									<height>60</height>
									<textcolor>Dark1</textcolor>
									<selectedcolor>Dark1</selectedcolor>
									<label>$INFO[Container(9502).ListItem.Label]</label>
									<visible>Container.Content(movies)</visible>
								</control>
								<control type="label">									
									<posx>30</posx>
									<width>900</width>
									<font>SmallNavi</font>
									<aligny>center</aligny>
									<align>right</align>
									<height>60</height>
									<textcolor>Dark1</textcolor>
									<selectedcolor>Dark1</selectedcolor>
									<label>($VAR[LabelYear])</label>
								</control>	
							</control>			
						</focusedlayout>
						<content sortorder="ascending" sortby="year">videodb://movies/sets/$INFO[ListItem.DBID]/</content>
					</control>					
					<control type="label">
						<left>0</left>
						<top>520</top>
						<height>50</height>
						<font>Mini</font>
						<scroll>false</scroll>
						<textcolor>Dark3</textcolor>
						<label>$VAR[DialogInfoLabel]</label>
						<aligny>center</aligny>
						<align>right</align>
						<visible>ControlGroup(9000).HasFocus() + !Skin.HasSetting(olddialogbuttons)</visible>
						<include>Animation.FadeIn</include>
						<include>Animation.FadeOut</include>
					</control>			
					<control type="textbox">
						<scrolltime>10000</scrolltime>
						<autoscroll delay="3000" time="4000" repeat="10000">true</autoscroll>
						<left>0</left>
						<top>290</top>
						<width>100%</width>
						<height>112</height>
						<font>Tiny</font>
						<textcolor>Dark2</textcolor>
						<align>justify</align>
						<label fallback="19055">$INFO[Container(9502).ListItem.Plot]</label>
						<visible>Control.HasFocus(9502)</visible>	
						<include>Animation.ViHi</include>	
					</control> 
					<control type="label">
						<width>100%</width>
						<height>46</height>
						<font>Tiny</font>
						<left>0</left>
						<top>0</top>
						<textcolor>Dark1</textcolor>
						<label>[B]$LOCALIZE[37543][/B]</label>
						<align>left</align>
						<visible>Control.HasFocus(9502)</visible>	
						<include>Animation.ViHi</include>
					</control>
					<control type="group">	
						<left>1020</left>
						<top>-120</top>	
						<width>270</width>
						<height>364</height>	
						<control type="image">
							<width>262</width>
							<height>378</height>
							<left>-9</left>
							<top>-7</top>
							<texture border="10">common/nofocus-shadow10.png</texture>
						</control>
						<control type="image">
							<width>245</width>
							<height>362</height>                    
							<texture colordiffuse="Box2" background="true">common/box5.png</texture>   
							<visible>!Skin.HasSetting(thumbnails.white)</visible>                        
						</control> 						
						<control type="image">	    			
							<width>243</width>
							<height>360</height>
							<fadetime>200</fadetime>
							<left>1</left>
							<top>1</top>
							<aspectratio aligny="center" align="center" scalediffuse="false">scale</aspectratio>
							<texture background="true">$INFO[Container(9502).ListItem.Art(poster)]</texture>		
						</control>
					</control>		 
					<control type="group">
						<control type="label">
							<top>-120</top>
							<left>0</left>
							<description>Header Label</description>
							<textcolor>Dark1</textcolor>
							<include>DefDialogInfoHeader</include>
							<label>$INFO[ListItem.Title]</label>
						</control>	
						<control type="label">
                            <top>-65</top>
							<height>36</height>
							<font>Tiny</font>
							<textcolor>Dark2</textcolor>
							<width>78%</width>
							<label>$INFO[Window(Home).Property(SkinHelper.ListItem.Count),, / ]$INFO[Window(Home).Property(SkinHelper.ListItem.Totalmovies),, $LOCALIZE[37542]]</label>
							<aligny>center</aligny>
						</control>
					</control>		
					<control type="group">
					<visible>!Control.HasFocus(9502)</visible>	
					<include>Animation.ViHi</include>		
					<control type="group">
						<height>43</height>
						<control type="label">
							<width>100%</width>
							<height>46</height>
							<font>Tiny</font>
							<textcolor>Dark1</textcolor>
							<label>[B]$LOCALIZE[345][/B]</label>
							<aligny>center</aligny>
						</control>
						<control type="label">
							<left>170</left>
							<right>420</right>
							<height>46</height>
							<font>Tiny</font>
							<width>700</width>
							<textcolor>Dark2</textcolor>
							<label fallback="19055">$INFO[Window(Home).Property(SkinHelper.ListItem.Year)]</label>
							<aligny>center</aligny>
						</control>
					</control>
					<control type="group">
						<height>43</height>
						<left>0</left>
						<top>105</top>
						<control type="label">
							<width>100%</width>
							<height>46</height>
							<font>Tiny</font>
							<textcolor>Dark1</textcolor>
							<label>[B]$LOCALIZE[572][/B]</label>
							<aligny>center</aligny>
						</control>
						<control type="label">
							<left>170</left>
							<height>46</height>
							<width>800</width>
							<font>Tiny</font>
							<textcolor>Dark2</textcolor>
							<label fallback="19055">$INFO[Window(Home).Property(SkinHelper.ListItem.Studio)]</label>
							<aligny>center</aligny>
						</control>
					</control> 
					<control type="group">
						<top>40</top>			
						<height>36</height>
						<control type="label">
							<width>170</width>
							<height>36</height>
							<font>Tiny</font>
							<textcolor>Dark1</textcolor>
							<label>[B]$LOCALIZE[20339][/B]</label>
							<aligny>center</aligny>
						</control>
						<control type="label">
							<left>170</left>
							<right>420</right>
							<height>36</height>
							<width>700</width>
							<font>Tiny</font>
							<textcolor>Dark2</textcolor>
							<label fallback="19055">$INFO[Window(Home).Property(SkinHelper.ListItem.Director)]</label> 
							<aligny>center</aligny>
						</control>
					</control>
					<control type="group">	
						<left>0</left>
						<top>145</top>
						<height>36</height>
						<control type="label">
							<width>100%</width>
							<height>36</height>
							<font>Tiny</font>
							<textcolor>Dark1</textcolor>
							<label>[B]$LOCALIZE[21875][/B]</label>
							<aligny>center</aligny>
						</control>
						<control type="label">
							<left>170</left>						
							<height>36</height>
							<font>Tiny</font>
							<width>700</width>
							<textcolor>Dark2</textcolor>
							<label fallback="19055">$INFO[Window(Home).Property(SkinHelper.ListItem.Country)]</label>
							<aligny>center</aligny>
						</control>
					</control>	
					<control type="group">
						<height>43</height>
						<top>70</top>
						<control type="label">
							<width>100%</width>
							<height>46</height>
							<font>Tiny</font>
							<textcolor>Dark1</textcolor>
							<label>[B]$LOCALIZE[20417][/B]</label>
							<aligny>center</aligny>
						</control>
						<control type="label">
							<left>170</left>
							<right>420</right>
							<height>46</height>
							<font>Tiny</font>
							<width>700</width>
							<textcolor>Dark2</textcolor>
							<label fallback="19055">$INFO[Window(Home).Property(SkinHelper.ListItem.Writer)]</label>
							<aligny>center</aligny>
						</control>
					</control>
					<control type="group">
						<height>43</height>
						<top>175</top>
						<left>0</left>
						<control type="label">
							<width>100%</width>
							<height>46</height>
							<font>Tiny</font>
							<textcolor>Dark1</textcolor>
							<label>[B]$LOCALIZE[515][/B]</label>
							<aligny>center</aligny>
						</control>
						<control type="label">
							<left>170</left>
							<height>46</height>
							<width>700</width>
							<font>Tiny</font>
							<textcolor>Dark2</textcolor>
							<label fallback="19055">$INFO[Window(Home).Property(SkinHelper.ListItem.Genre)]</label>
							<aligny>center</aligny>
						</control>
					</control>
					
					<control type="group">
						<top>215</top>			
						<height>36</height>
						<control type="label">
							<width>170</width>
							<height>36</height>
							<font>Tiny</font>
							<textcolor>Dark1</textcolor>
							<label>[B]$LOCALIZE[2050][/B]</label>
							<aligny>center</aligny>
						</control>
						<control type="label">
							<left>170</left>
							<right>420</right>
							<height>36</height>
							<width>700</width>
							<font>Tiny</font>
							<textcolor>Dark2</textcolor>
							<label fallback="19055">$INFO[Window(Home).Property(SkinHelper.ListItem.Duration.Hours),, h ]$INFO[Window(Home).Property(SkinHelper.ListItem.Duration.Minutes),, $LOCALIZE[31102]]</label> 
							<aligny>center</aligny>
						</control>
					</control>
					</control>
					<control type="textbox">
						<visible>!Control.HasFocus(9502)</visible>
						<include>Animation.ViHi</include>
						<scrolltime>10000</scrolltime>
                    	<autoscroll delay="3000" time="4000" repeat="10000">true</autoscroll>
						<width>1270</width>
						<top>290</top>
						<left>0</left>
						<height>112</height>
						<font>Tiny</font>
						<textcolor>Dark2</textcolor>
						<align>justify</align>
						<label fallback="19055">$INFO[ListItem.Plot]</label>		
                    </control> 				
				</control> 					
					<control type="label">
						<left>140</left>
						<top>520</top>
						<height>50</height>
						<font>Mini</font>
						<scroll>false</scroll>
						<textcolor>Dark3</textcolor>
						<label>$INFO[ListItem.FileNameAndPath]</label>
						<aligny>center</aligny>
						<align>right</align>
						<visible>ControlGroup(9000).HasFocus()</visible>
						<include>Animation.FadeIn</include>
						<include>Animation.FadeOut</include>
					</control>																	
				</control>
            </control>
        </control>
        <control type="group">
            <visible>Control.HasFocus(9601)</visible>
            <include>Animation.FadeIn</include>
            <include>Animation.FadeOut</include>
            <control type="image" description="Background">
                <include>Dimensions_Fullscreen</include>
                <texture colordiffuse="Background">common/bg.jpg</texture>
                <animation effect="fade" start="100" end="95" condition="true">Conditional</animation>
            </control>
            <control type="image" description="clearlogo">
                <visible>Skin.HasSetting(furniture.logo)</visible>
                <centertop>120</centertop>
                <centerleft>50%</centerleft>
                <width>400</width>
                <height>100</height>
                <aspectratio align="center">keep</aspectratio>
                <texture background="true">$VAR[ClearLogoTopVar]</texture>
            </control>
        </control>
        <control type="group">
            <left>SidePad</left>
            <right>SidePad</right>
            <top>PosterPad</top>
            <height>630</height>
            <visible>Control.HasFocus(9601)</visible>
            <include>Animation.FadeIn.Slide</include>
            <include>Animation.FadeOut</include>
            <control type="label">
                <description>header label</description>
                <left>60</left>
                <right>60</right>
                <posy>60</posy>
                <font>EpisodeNumberNew</font>
                <textcolor>Dark1</textcolor>
                <height>45</height>
                <label>$INFO[ListItem.Label]</label>
            </control>
            <control type="textbox">
                <description>textarea</description>
                <left>60</left>
                <right>60</right>
                <top>150</top>
                <bottom>0</bottom>
                <align>justify</align>
                <font>Medium</font>
                <textcolor>Dark1</textcolor>
                <label>$INFO[ListItem.Tagline,[B],[/B][CR][CR]]$INFO[ListItem.Plot]</label>
            </control>
        </control>	
		<include>FullscreenArtwork</include>	
    </controls>
</window>