<?xml version="1.0" encoding="UTF-8"?>
<includes>
    
    <include name="OSDFocusStop"><defaultcontrol always="true">15</defaultcontrol></include>
    <include name="OSDFocusPause"><defaultcontrol always="true">14</defaultcontrol></include>
    
	<include name="ChannelNumberInput">
		<control type="label" description="Total Time">	
			<width>auto</width>
			<align>center</align>
			<centertop>50%</centertop>
			<centerleft>50%</centerleft>
			<height>100</height>		
			<font>Clock</font>
			<textcolor>$VAR[OSDPanelWhite70]</textcolor>
			<label>$INFO[PVR.ChannelNumberInput]</label>
			<visible>!String.IsEmpty(PVR.ChannelNumberInput)</visible>
		</control>
	</include>
	<include name="Furniture_OverlayInfoNew">
        <control type="group">
            <visible>System.IdleTime(3) + Skin.HasSetting(osd.overlayinfoplayer) + Player.Paused</visible>
           	<include>Animation.FadeIn</include>
            <include>Animation.FadeOut</include>
            <control type="image" description="Background">
                <include>Dimensions_Fullscreen</include>
                <texture colordiffuse="Background">common/bg.jpg</texture>
                <animation effect="fade" start="100" end="95" condition="true">Conditional</animation>
            </control>
            <control type="image" description="clearlogo">
                <visible>Skin.HasSetting(furniture.logo)</visible>
                <centertop>120</centertop>
                <centerleft>50%</centerleft>
                <width>400</width>
                <height>100</height>
                <aspectratio align="center">keep</aspectratio>
                <texture background="true">$VAR[ClearLogoTopVar]</texture>
            </control>
        </control>
        <control type="group">
            <left>SidePad</left>
            <right>SidePad</right>
            <top>PosterPad</top>
            <height>630</height>
            <visible>System.IdleTime(3) + Skin.HasSetting(osd.overlayinfoplayer) + Player.Paused</visible>
            <include>Animation.FadeIn.Slide</include>
            <include>Animation.FadeOut</include>
            <control type="label">
                <description>header label</description>
                <left>60</left>
                <right>60</right>
                <posy>60</posy>
                <font>EpisodeNumberNew</font>
                <textcolor>Dark1</textcolor>
                <height>45</height>
                <label fallback="19055">$INFO[VideoPlayer.Title]</label>
            </control>
            <control type="textbox">
                <description>textarea</description>
                <left>60</left>
                <right>60</right>
                <top>150</top>
                <bottom>0</bottom>
                <align>justify</align>
                <font>Medium</font>
                <textcolor>Dark1</textcolor>
                <label fallback="19055">$INFO[VideoPlayer.Tagline,[B],[/B][CR][CR]]$INFO[VideoPlayer.Plot]</label>
            </control>
        </control>
    </include>

	<include name="Furniture_OverlayInfoNewInfoButton">
		<control type="button" id="809">
            <description>FakeButton</description>
			<visible allowhiddenfocus="true">false</visible>
            <width>1</width>
            <height>1</height>
            <label></label>
            <font>noop</font>
			<ondown>SetFocus(18)</ondown>
			<onleft>SetFocus(18)</onleft>
			<onup>SetFocus(18)</onup>
			<onback>SetFocus(18)</onback>
			<onright>SetFocus(18)</onright>
            <include>DefOSDUpDown</include>
            <texturefocus>-</texturefocus>
            <texturenofocus>-</texturenofocus>	
        </control>
        <control type="group">
            <visible>Control.HasFocus(809)</visible>
           	<include>Animation.FadeIn</include>
            <include>Animation.FadeOut</include>
            <control type="image" description="Background">
                <include>Dimensions_Fullscreen</include>
                <texture colordiffuse="Background">common/bg.jpg</texture>
                <animation effect="fade" start="100" end="95" condition="true">Conditional</animation>
            </control>
            <control type="image" description="clearlogo">
                <visible>Skin.HasSetting(furniture.logo)</visible>
                <centertop>120</centertop>
                <centerleft>50%</centerleft>
                <width>400</width>
                <height>100</height>
                <aspectratio align="center">keep</aspectratio>
                <texture background="true">$VAR[ClearLogoTopVar]</texture>
            </control>
        </control>
        <control type="group">
            <left>SidePad</left>
            <right>SidePad</right>
            <top>PosterPad</top>
            <height>630</height>
            <visible>Control.HasFocus(809)</visible>
            <include>Animation.FadeIn.Slide</include>
            <include>Animation.FadeOut</include>
            <control type="label">
                <description>header label</description>
                <left>60</left>
                <right>60</right>
                <posy>60</posy>
                <font>EpisodeNumberNew</font>
                <textcolor>Dark1</textcolor>
                <height>45</height>
                <label fallback="19055">$INFO[VideoPlayer.Title]</label>
            </control>
            <control type="textbox">
                <description>textarea</description>
                <left>60</left>
                <right>60</right>
                <top>150</top>
                <bottom>0</bottom>
                <align>justify</align>
                <font>Medium</font>
                <textcolor>Dark1</textcolor>
                <label fallback="19055">$INFO[VideoPlayer.Tagline,[B],[/B][CR][CR]]$INFO[VideoPlayer.Plot]</label>
            </control>
        </control>
    </include>
	
	
	
	<include name="OSDPVRInfoContent">
		<control type="group">
			<top>143</top>	
			<height>64</height>	
			<visible>VideoPlayer.Content(LiveTV) + Skin.HasSetting(pvr.showtechnicalinfo)</visible>
			<include>Animation.ViHi.Settings</include>
			<control type="label">
				<left>0</left>
            	<width>100%</width>	
				<font>Tiny</font>
				<textcolor>Dark1</textcolor>
				<label>$LOCALIZE[19007]: $INFO[Pvr.ActStreamStatus]</label>
			</control>
			<control type="label">
				<right>0</right>
            	<width>100%</width>
				<font>Tiny</font>
				<textcolor>Dark1</textcolor>
				<label>$LOCALIZE[19008]: $INFO[Pvr.ActStreamSignal]    $LOCALIZE[19009]: $INFO[Pvr.ActStreamSnr]    $LOCALIZE[19015]: $INFO[Pvr.ActStreamEncryptionName]</label>
				<align>right</align>	
			</control>
		</control>
	</include>
    <include name="OSDInfoContent">
		<animation effect="slide" start="0" end="0,-39" time="150" condition="VideoPlayer.Content(LiveTV) + Skin.HasSetting(pvr.showtechnicalinfo)">Conditional</animation>
        <right>0</right>  
        <control type="grouplist">
			<animation effect="slide" start="0" end="0,-80" time="150" condition="Skin.HasSetting(osd.showplot)">Conditional</animation>
            <visible>!Skin.HasSetting(osd.coloredicons)</visible>
            <right>0</right>
            <centertop>60</centertop>
            <width>1400</width>
            <height>64</height>
            <orientation>horizontal</orientation>
            <align>right</align>
            <itemgap>12</itemgap>
            <usecontrolcoords>true</usecontrolcoords>	
			<control type="label" description="Video Info">	
				<width min="20" max="650">auto</width>
				<height>40</height>
				<top>10</top>
				<font>Flag</font>
				<textcolor>$VAR[OSDPanelWhite30]</textcolor>
				<label>$INFO[VideoPlayer.VideoCodec,,  •  ]$INFO[VideoPlayer.VideoResolution,,  •  ]$INFO[VideoPlayer.VideoAspect,,  •  ]$INFO[VideoPlayer.AudioCodec,,]$VAR[LabelOSDAudioChannels,  •  ,]</label>
				<visible>!Skin.HasSetting(furniture.flagiconsosdnoicons) + Skin.HasSetting(furniture.flagiconsosd)</visible>		
			</control>		
			<control type="image">
                <width min="20" max="60">auto</width>
                <height>30</height>
                <centertop>53%</centertop>
                <texture colordiffuse="Dark1" fallback="flags/fallback.png">$INFO[VideoPlayer.VideoResolution,flags/resolution/,.png]</texture>
                <aspectratio align="left">keep</aspectratio>
                <visible>Skin.HasSetting(furniture.flagiconsosd) + !String.IsEmpty(VideoPlayer.VideoResolution) + Skin.HasSetting(furniture.flagiconsosdnoicons)</visible>
            </control>
			<control type="image">
                <width min="20" max="80">auto</width>
                <height>48</height>
                <centertop>53%</centertop>
                <texture colordiffuse="Dark1" fallback="flags/fallback.png">$INFO[VideoPlayer.VideoCodec,flags/white/source/,.png]</texture>
                <aspectratio align="center">keep</aspectratio>
                <visible>Skin.HasSetting(furniture.flagiconsosd) + !String.IsEmpty(VideoPlayer.VideoCodec) + Skin.HasSetting(furniture.flagiconsosdnoicons)</visible>
            </control>
            <control type="image">
                <width min="20" max="80">auto</width>
                <height>48</height>
                <centertop>53%</centertop>
                <texture colordiffuse="Dark1" fallback="flags/fallback.png">$INFO[VideoPlayer.VideoAspect,flags/aspectratio/,.png]</texture>
                <aspectratio align="center">keep</aspectratio>
                <visible>Skin.HasSetting(furniture.flagiconsosd) + !String.IsEmpty(VideoPlayer.VideoAspect) + Skin.HasSetting(furniture.flagiconsosdnoicons)</visible>
            </control>
            <control type="image">
                <width min="20" max="98">auto</width>
                <height>64</height>
                <centertop>53%</centertop>
                <texture colordiffuse="Dark1" fallback="flags/fallback.png">$INFO[VideoPlayer.AudioCodec,flags3/audio/,.png]</texture>
                <aspectratio align="center">keep</aspectratio>
                <visible>Skin.HasSetting(furniture.flagiconsosd) + !String.IsEmpty(VideoPlayer.AudioCodec) + Skin.HasSetting(furniture.flagiconsosdnoicons)</visible>
            </control>
            <control type="image">
                <width min="20" max="70">auto</width>
                <height>45</height>
                <centertop>53%</centertop>
                <texture colordiffuse="Dark1" fallback="flags/fallback.png">$INFO[VideoPlayer.AudioChannels,flags/channels/,.png]</texture>
                <aspectratio align="center">keep</aspectratio>
                <visible>Skin.HasSetting(furniture.flagiconsosd) + !String.IsEmpty(VideoPlayer.AudioChannels) + Skin.HasSetting(furniture.flagiconsosdnoicons)</visible>
            </control>
			<control type="image">	
				<width>35</width>
				<height>35</height>
				<centertop>50%</centertop>
				<texture colordiffuse="$VAR[ColorHighlight]">backg/$VAR[Flagstar199].png</texture>
				<visible>[!Skin.HasSetting(videoosd.numericrating) + !VideoPlayer.Content(livetv)]</visible>			
			</control>
			<control type="image">			
				<width>35</width>
				<height>35</height>
				<centertop>50%</centertop>
				<texture colordiffuse="$VAR[ColorHighlight]">backg/$VAR[Flagstar299].png</texture>
				<visible>[!Skin.HasSetting(videoosd.numericrating) + !VideoPlayer.Content(livetv)]</visible>				
			</control>
			<control type="image">				
				<width>35</width>
				<height>35</height>
				<centertop>50%</centertop>
				<texture colordiffuse="$VAR[ColorHighlight]">backg/$VAR[Flagstar399].png</texture>
				<visible>[!Skin.HasSetting(videoosd.numericrating) + !VideoPlayer.Content(livetv)]</visible>				
			</control>
			<control type="image">			
				<width>35</width>
				<height>35</height>
				<centertop>50%</centertop>
				<texture colordiffuse="$VAR[ColorHighlight]">backg/$VAR[Flagstar499].png</texture>
				<visible>[!Skin.HasSetting(videoosd.numericrating) + !VideoPlayer.Content(livetv)]</visible>				
			</control>
			<control type="image">			
				<width>35</width>
				<height>35</height>
				<centertop>50%</centertop>
				<texture colordiffuse="$VAR[ColorHighlight]">backg/$VAR[Flagstar599].png</texture>
				<visible>[!Skin.HasSetting(videoosd.numericrating) + !VideoPlayer.Content(livetv)]</visible>			
			</control>
			
			<control type="image">	
				<width>35</width>
				<height>35</height>
				<centertop>50%</centertop>
				<texture colordiffuse="$VAR[ColorHighlight]">backg/$VAR[Flagstar199].png</texture>
				<visible>[Skin.HasSetting(videoosd.numericrating) + !VideoPlayer.Content(livetv)]</visible>			
			</control>
			<control type="label">
				<width>35</width>
				<height>60</height>
				<label>$INFO[VideoPlayer.Rating]</label>
				<aligny>center</aligny>
				<textcolor>$VAR[OSDPanelWhite30]</textcolor>
				<font>Flag</font>
				<textcolor>Dark1</textcolor>
				<visible>Skin.HasSetting(videoosd.numericrating) +  Integer.IsGreater(VideoPlayer.Rating,0)</visible>								
			</control>
        </control>

		<control type="grouplist">
            <visible>Skin.HasSetting(osd.coloredicons)</visible>
			<animation effect="slide" start="0" end="0,-80" time="150" condition="Skin.HasSetting(osd.showplot)">Conditional</animation>
            <right>0</right>
            <centertop>60</centertop>
            <width>1400</width>
            <height>64</height>
            <orientation>horizontal</orientation>
            <align>right</align>
            <itemgap>12</itemgap>
            <usecontrolcoords>true</usecontrolcoords>
			<control type="label" description="Video Info">	
				<width min="20" max="650">auto</width>
				<height>40</height>
				<top>10</top>
				<font>Flag</font>
				<textcolor>$VAR[OSDPanelWhite30]</textcolor>
				<label>$INFO[VideoPlayer.VideoCodec,,  •  ]$INFO[VideoPlayer.VideoResolution,,  •  ]$INFO[VideoPlayer.VideoAspect,,  •  ]$INFO[VideoPlayer.AudioCodec,,]$VAR[LabelOSDAudioChannels,  •  ,]</label>
				<visible>!Skin.HasSetting(furniture.flagiconsosdnoicons) + Skin.HasSetting(furniture.flagiconsosd)</visible>		
			</control>		
			<control type="image">
                <width min="20" max="70">auto</width>
                <height>55</height>
                <centertop>53%</centertop>
                <texture fallback="flags/fallback.png">$INFO[VideoPlayer.VideoResolution,flags/color/resolution/,.png]</texture>
                <aspectratio align="left">keep</aspectratio>
                <visible>Skin.HasSetting(furniture.flagiconsosd) + !String.IsEmpty(VideoPlayer.VideoResolution) + Skin.HasSetting(furniture.flagiconsosdnoicons)</visible>
            </control>
			<control type="image">
                <width min="20" max="80">auto</width>
                <height>55</height>
                <centertop>53%</centertop>
                <texture fallback="flags/fallback.png">$INFO[VideoPlayer.VideoCodec,flags/color/source/,.png]</texture>
                <aspectratio align="center">keep</aspectratio>
                <visible>Skin.HasSetting(furniture.flagiconsosd) + !String.IsEmpty(VideoPlayer.VideoCodec) + Skin.HasSetting(furniture.flagiconsosdnoicons)</visible>
            </control>
            <control type="image">
                <width min="20" max="80">auto</width>
                <height>50</height>
                <centertop>53%</centertop>
                <texture  fallback="flags/fallback.png">$INFO[VideoPlayer.VideoAspect,flags/color/aspectratio/,.png]</texture>
                <aspectratio align="center">keep</aspectratio>
                <visible>Skin.HasSetting(furniture.flagiconsosd) + !String.IsEmpty(VideoPlayer.VideoAspect) + Skin.HasSetting(furniture.flagiconsosdnoicons)</visible>
            </control>
            <control type="image">
                <width min="20" max="98">auto</width>
                <height>55</height>
                <centertop>53%</centertop>
                <texture fallback="flags/fallback.png">$INFO[VideoPlayer.AudioCodec,flags/color/audio/,.png]</texture>
                <aspectratio align="center">keep</aspectratio>
                <visible>Skin.HasSetting(furniture.flagiconsosd) + !String.IsEmpty(VideoPlayer.AudioCodec) + Skin.HasSetting(furniture.flagiconsosdnoicons)</visible>
            </control>
            <control type="image">
                <width min="20" max="70">auto</width>
                <height>55</height>
                <centertop>53%</centertop>
                <texture fallback="flags/fallback.png">$INFO[VideoPlayer.AudioChannels,flags/color/channels/,.png]</texture>
                <aspectratio align="center">keep</aspectratio>
                <visible>Skin.HasSetting(furniture.flagiconsosd) + !String.IsEmpty(VideoPlayer.AudioChannels) + Skin.HasSetting(furniture.flagiconsosdnoicons)</visible>
            </control>
			<control type="image">	
				<width>35</width>
				<height>35</height>
				<centertop>50%</centertop>
				<texture colordiffuse="$VAR[ColorHighlight]">backg/$VAR[Flagstar199].png</texture>
				<visible>[!Skin.HasSetting(videoosd.numericrating) + !VideoPlayer.Content(livetv)]</visible>			
			</control>
			<control type="image">			
				<width>35</width>
				<height>35</height>
				<centertop>50%</centertop>
				<texture colordiffuse="$VAR[ColorHighlight]">backg/$VAR[Flagstar299].png</texture>
				<visible>[!Skin.HasSetting(videoosd.numericrating) + !VideoPlayer.Content(livetv)]</visible>				
			</control>
			<control type="image">				
				<width>35</width>
				<height>35</height>
				<centertop>50%</centertop>
				<texture colordiffuse="$VAR[ColorHighlight]">backg/$VAR[Flagstar399].png</texture>
				<visible>[!Skin.HasSetting(videoosd.numericrating) + !VideoPlayer.Content(livetv)]</visible>				
			</control>
			<control type="image">			
				<width>35</width>
				<height>35</height>
				<centertop>50%</centertop>
				<texture colordiffuse="$VAR[ColorHighlight]">backg/$VAR[Flagstar499].png</texture>
				<visible>[!Skin.HasSetting(videoosd.numericrating) + !VideoPlayer.Content(livetv)]</visible>				
			</control>
			<control type="image">			
				<width>35</width>
				<height>35</height>
				<centertop>50%</centertop>
				<texture colordiffuse="$VAR[ColorHighlight]">backg/$VAR[Flagstar599].png</texture>
				<visible>[!Skin.HasSetting(videoosd.numericrating) + !VideoPlayer.Content(livetv)]</visible>			
			</control>
			
			<control type="image">	
				<width>35</width>
				<height>35</height>
				<centertop>50%</centertop>
				<texture colordiffuse="$VAR[ColorHighlight]">backg/$VAR[Flagstar199].png</texture>
				<visible>[Skin.HasSetting(videoosd.numericrating) + !VideoPlayer.Content(livetv)]</visible>			
			</control>
			<control type="label">
				<width>35</width>
				<height>60</height>
				<label>$INFO[VideoPlayer.Rating]</label>
				<aligny>center</aligny>
				<textcolor>$VAR[OSDPanelWhite30]</textcolor>
				<font>Flag</font>
				<textcolor>Dark1</textcolor>
				<visible>Skin.HasSetting(videoosd.numericrating) +  Integer.IsGreater(VideoPlayer.Rating,0)</visible>								
			</control>
        </control>

		<control type="group">
			<left>0</left>
			<animation effect="slide" start="0" end="0,-80" time="150" condition="Skin.HasSetting(osd.showplot)">Conditional</animation>
			<visible>VideoPlayer.Content(episodes)</visible>
			<!-- Content gleich Episoden --> 
			<control type="fadelabel" description="Show">
				<width>1050</width>
				<top>40</top>
				<height>40</height>
				<font>MediumBold</font>
				<textcolor>$VAR[OSDPanelWhite70]</textcolor>
				<pauseatend>6000</pauseatend>
				<label>$INFO[VideoPlayer.TVShowTitle] - S$INFO[VideoPlayer.Season]E$INFO[VideoPlayer.Episode]</label>
				<label>$INFO[VideoPlayer.TVShowTitle] - $INFO[VideoPlayer.Title]</label>
			</control>
        </control>
		<control type="group">
			<!-- Content alles ausser Episoden --> 
			<animation effect="slide" start="0" end="0,-80" time="150" condition="Skin.HasSetting(osd.showplot)">Conditional</animation>
			<visible>!VideoPlayer.Content(episodes)</visible>		
			<left>0</left>
            <align>left</align>
			<control type="label" description="Show">
				<width>1050</width>
				<top>40</top>
				<height>40</height>
				<font>MediumBold</font>		
				<textcolor>$VAR[OSDPanelWhite70]</textcolor>
				<label>$VAR[PlayerBigTitle]</label>			
			</control>
        </control>

        <control type="group">
			<!-- WENN PVR NIIIICHT läuft-->
			<visible>!VideoPlayer.Content(LiveTV)</visible>
			<control type="fadelabel" description="Elapsed Time">
				<visible>!String.IsEmpty(VideoPlayer.Tagline)</visible>	
				<left>0</left>
				<width>1050</width>
				<bottom>30</bottom>
				<height>40</height>
				<font>Tiny</font>
				<pauseatend>6000</pauseatend>
				<scroll>false</scroll>
				<textcolor>$VAR[OSDPanelWhite70]</textcolor>
				<label>$VAR[PlayerStatus]</label>
				<label>[COLOR]$INFO[VideoPlayer.Tagline][/COLOR]</label>
			</control>
			<control type="label" description="Elapsed Time">
				<visible>String.IsEmpty(VideoPlayer.Tagline)</visible>	
				<left>0</left>
				<width>1050</width>
				<bottom>30</bottom>
				<height>40</height>
				<font>Tiny</font>
				<scroll>false</scroll>
				<textcolor>$VAR[OSDPanelWhite70]</textcolor>
				<label>$VAR[PlayerStatus]</label>
			</control>
		</control>		
		<control type="group">
			<!-- WENN PVR läuft-->
			<visible>VideoPlayer.Content(LiveTV)</visible>
			<control type="fadelabel" description="Elapsed Time">
				<visible>!String.IsEmpty(VideoPlayer.NextTitle)</visible>	
				<left>0</left>
				<width>1050</width>
				<bottom>30</bottom>
				<height>40</height>
				<font>Tiny</font>
				<pauseatend>6000</pauseatend>
				<scroll>false</scroll>
				<textcolor>$VAR[OSDPanelWhite70]</textcolor>
				<label>$VAR[PlayerStatus]</label>
				<label>$INFO[VideoPlayer.NextTitle,$LOCALIZE[19031]: ] ($INFO[VideoPlayer.NextStartTime] - $INFO[VideoPlayer.NextEndTime])</label>				
			</control>
			<control type="label" description="Elapsed Time">
				<visible>String.IsEmpty(VideoPlayer.NextTitle)</visible>	
				<left>0</left>
				<width>1050</width>
				<bottom>30</bottom>
				<height>40</height>
				<font>Tiny</font>
				<scroll>false</scroll>
				<textcolor>$VAR[OSDPanelWhite70]</textcolor>
				<label>$VAR[PlayerStatus]</label>
			</control>
		</control>
		
		<control type="textbox" description="Plot">
            <width>100%</width>
            <top>15</top>
            <height>68</height>
            <font>Tiny</font>
            <align>justify</align>
            <textcolor>$VAR[OSDPanelWhite30]</textcolor>
            <label fallback="19055">$VAR[PlayerPlotBox]</label>
			<visible>Skin.HasSetting(osd.showplot)</visible>
			<include>Animation.ViHi.Settings</include>
        </control>
		
        <!--
		Kapitel ODS rausgenommen
		<control type="label" description="Chapter-OSD">
            <left>380</left>
            <align>center</align>
            <width>600</width>
            <bottom>30</bottom>
            <height>40</height>
            <font>Tiny</font>
            <textcolor>$VAR[OSDPanelWhite70]</textcolor>
            <label>$VAR[OSDChapterLabel]</label>
        </control>-->
		<control type="grouplist">
			<right>0</right>
            <centertop>123</centertop>
            <width>100%</width>
            <height>64</height>
            <orientation>horizontal</orientation>
            <align>right</align>
            
			<control type="label" description="Video Info">
				<width>auto</width>
				<align>right</align>
				<height>40</height>		
				<font>Tiny</font>
				<textcolor>$VAR[OSDPanelWhite70]</textcolor>
				<label>$VAR[LabelOSDAudioChannels,,  •  ]$INFO[VideoPlayer.VideoResolution,,]  •  </label>
				<visible>false</visible>
			</control>

			<control type="label">
			<visible>!Skin.HasSetting(ClockOSD)</visible>	
				<width>auto</width>
				<align>right</align>
				<height>40</height>		
				<font>Tiny</font>
				<textcolor>$VAR[OSDPanelWhite70]</textcolor>
				<label>$INFO[System.Time] </label>
				<visible>Player.HasVideo</visible>
			</control>

			<control type="image">
			<visible>!Skin.HasSetting(ClockOSD)</visible>	
				<centertop>10%</centertop>
				<width>30</width>
				<height>45</height>
				<align>right</align>
				<colordiffuse>$VAR[OSDPanelWhite30]</colordiffuse>
				<texture>kaitoast/finishtime2.png</texture>
				<visible>Player.HasVideo</visible>
			</control>

			<control type="label">
			<visible>!Skin.HasSetting(ClockOSD)</visible>	
				<width>auto</width>
				<align>right</align>
				<height>40</height>		
				<font>Tiny</font>
				<textcolor>$VAR[OSDPanelWhite70]</textcolor>
				<label>$INFO[Player.FinishTime]  •  </label>
				<visible>Player.HasVideo</visible>
				<visible>!VideoPlayer.Content(LiveTV)</visible>
			</control>
			<control type="label" description="Chapter-OSD">
				<left>380</left>
				<align>right</align>
				<width>auto</width>
				<height>40</height>		
				<font>Tiny</font>
				<textcolor>$VAR[OSDPanelWhite70]</textcolor>
				<label>$INFO[Player.Chapter]$INFO[Player.ChapterCount, / ,  •  ]</label>
				<visible>!VideoPlayer.Content(LiveTV) + Player.HasVideo + !String.IsEqual(Player.ChapterCount,0) + !String.IsEqual(Player.ChapterCount,00)</visible>
			</control>
			<control type="label">
				<visible>!Skin.HasSetting(ClockOSD)</visible>	
				<width>auto</width>
				<align>right</align>
				<height>40</height>		
				<font>Tiny</font>
				<textcolor>$VAR[OSDPanelWhite70]</textcolor>
				<label>$INFO[PVR.EpgEventFinishTime]  •  </label>
				<visible>Player.HasVideo</visible>
				<visible>VideoPlayer.Content(LiveTV)</visible>
			</control>
			<control type="label" description="Total Time">	
				<width>auto</width>
				<align>right</align>
				<height>40</height>		
				<font>Tiny</font>
				<textcolor>$VAR[OSDPanelWhite70]</textcolor>
				<label>$INFO[Player.Time]  /  $INFO[Player.Duration]</label>
				<visible>!VideoPlayer.Content(LiveTV) + String.IsEmpty(Player.SeekNumeric)</visible>
			</control>
			<control type="label" description="Total Time">	
				<width>auto</width>
				<align>right</align>
				<height>40</height>		
				<font>Tiny</font>
				<textcolor>$VAR[OSDPanelWhite70]</textcolor>
				<label>$INFO[Player.SeekNumeric(hh:mm:ss)]  /  $INFO[Player.Duration]</label>
				<visible>!VideoPlayer.Content(LiveTV) + !String.IsEmpty(Player.SeekNumeric)</visible>
			</control>
			<control type="label" description="Total Time">	
				<width>auto</width>
				<align>right</align>
				<height>40</height>		
				<font>Tiny</font>
				<textcolor>$VAR[OSDPanelWhite70]</textcolor>
				<label>$INFO[PVR.EpgEventElapsedTime]  /  $INFO[PVR.EpgEventDuration]</label>
				<visible>VideoPlayer.Content(LiveTV)</visible>
			</control>
		</control>
		<control type="group">
			<visible>!VideoPlayer.Content(LiveTV)</visible>
			<left>0</left>
			<control type="progress" description="cache">
				<description>Progress Bar</description>
				<width>100%</width>
				<bottom>10</bottom>
				<height>8</height>
				<info>Player.ProgressCache</info>
				<visible>true</visible>
				<texturebg colordiffuse="FF999999">osd/progress-bg.png</texturebg>
				<lefttexture colordiffuse="Highlight2">osd/progress-end.png</lefttexture>
				<midtexture colordiffuse="Highlight2">osd/progress-end.png</midtexture>
				<righttexture colordiffuse="Highlight2">osd/progress-end.png</righttexture>
			</control>
			<control type="progress" id="23">
				<description>Progress Bar</description>
				<width>100%</width>
				<bottom>10</bottom>
				<height>8</height>
				<info>Player.Progress</info>
			</control>
		</control>
		<control type="group">
			<visible>VideoPlayer.Content(LiveTV)</visible>
			<left>0</left>
			<control type="progress" description="cache">
				<description>Progress Bar</description>
				<width>100%</width>
				<bottom>10</bottom>
				<height>8</height>
				<info>PVR.TimeshiftProgressBufferStart</info>
				<visible>true</visible>
				<texturebg colordiffuse="FF999999">osd/progress-bg.png</texturebg>
				<lefttexture colordiffuse="Highlight2">osd/progress-end.png</lefttexture>
				<midtexture colordiffuse="Highlight2">osd/progress-end.png</midtexture>
				<righttexture colordiffuse="Highlight2">osd/progress-end.png</righttexture>
			</control>
			<control type="progress" id="23">
				<description>Progress Bar</description>
				<width>100%</width>
				<bottom>10</bottom>
				<height>8</height>
				<info>PVR.TimeshiftProgressPlayPos</info>
			</control>
		</control>
    </include>
    <include name="DefOSDButtons">
        <aligny>center</aligny>
        <align>center</align>
        <height>48</height>
        <font>Tiny</font>
        <disabledcolor>$VAR[OSDPanelWhite12]</disabledcolor>
        <textcolor>$VAR[OSDPanelWhite30]</textcolor>
        <focusedcolor>$VAR[ColorHighlight]</focusedcolor>
        <texturefocus>noop</texturefocus>
        <width>226</width>
    </include>
    
    <include name="DefOSDUpDown">
        <onup condition="String.IsEmpty(Window(home).Property(osdshowinfo)) + !Window.IsVisible(MusicOSD.xml)">SetProperty(osdshowinfo,1,home)</onup>
        <onup condition="!String.IsEmpty(Window(home).Property(osdshowinfo)) + !Window.IsVisible(MusicOSD.xml)">ClearProperty(osdshowinfo,home)</onup>
        <ondown condition="String.IsEmpty(Window(home).Property(osdshowinfo)) + !Window.IsVisible(MusicOSD.xml)">SetProperty(osdshowinfo,1,home)</ondown>
        <ondown condition="!String.IsEmpty(Window(home).Property(osdshowinfo)) + !Window.IsVisible(MusicOSD.xml)">ClearProperty(osdshowinfo,home)</ondown>
        <onup condition="Window.IsVisible(MusicOSD.xml)">9100</onup>
        <ondown condition="Window.IsVisible(MusicOSD.xml)">9100</ondown>
        <!-- <onup condition="Window.IsVisible(MusicOSD.xml)">IncreaseRating</onup>
        <ondown condition="Window.IsVisible(MusicOSD.xml)">DecreaseRating</ondown> -->
    </include>
    
    <include name="OSDVideosRight">
        <control type="button" id="5">
            <description>3D Mode</description>
            <align>right</align>
            <label>31117</label>
            <onclick>StereoMode</onclick>
            <include>DefOSDButtons</include>
            <enable>VideoPlayer.IsStereoscopic</enable>
            <disabledcolor>PanelWhite12</disabledcolor>
        </control>

        <control type="button" id="6">
            <description>BookMarks</description>
            <align>right</align>
            <include>DefOSDButtons</include>
            <label>298</label>
            <onclick>ActivateWindow(125)</onclick>
        </control>
    </include>
    <include name="OSDPVRRight">
        <control type="button" id="4">
            <description>CHANNELS</description>
            <align>right</align>
            <label>19019</label>
            <include>DefOSDButtons</include>
            <onclick>ActivateWindow(pvrosdchannels)</onclick>
        </control>
        <control type="button" id="5">
            <description>EPG</description>
            <align>right</align>
            <label>$LOCALIZE[19030] / $LOCALIZE[19031]</label>
            <onclick>ActivateWindow(pvrchannelguide)</onclick>
            <include>DefOSDButtons</include>
        </control>

        <control type="button" id="6">
            <description>TIMELINE</description>
            <align>right</align>
            <include>DefOSDButtons</include>
            <label>19032</label>
            <onclick>Close</onclick>
            <onclick>ActivateWindow(tvguide,,return)</onclick>
        </control>
    </include>
    <include name="OSDDVDMenu">
        <control type="button" id="4">
            <description>DVD Menu</description>
            <label>$LOCALIZE[31116]</label>
            <align>right</align>
            <include>DefOSDButtons</include>
            <onclick>PlayerControl(ShowVideoMenu)</onclick>
            <enable>VideoPlayer.HasMenu</enable>
            <disabledcolor>White12</disabledcolor>
        </control>
    </include>
    <include name="OSDExtraInfoTV">
        <control type="button" id="4">
            <description>Info</description>
            <label>31147</label>
            <align>right</align>
            <include>DefOSDButtons</include>
            <onclick>Close</onclick>
            <onclick>RunScript(script.extendedinfo,info=extendedtvinfo,name=$INFO[VideoPlayer.TvShowTitle])</onclick>
            <disabledcolor>White12</disabledcolor>
        </control>
    </include>
    <include name="OSDExtraInfoMOVIES">
        <control type="button" id="4">
            <description>Info</description>
            <label>31147</label>
            <align>right</align>
            <include>DefOSDButtons</include>
            <onclick>Close</onclick>
            <onclick>RunScript(script.extendedinfo,info=extendedinfo,name=$INFO[VideoPlayer.Title])</onclick>
            <disabledcolor>White12</disabledcolor>
        </control>
    </include>
    
    <variable name="OSDPanel">
        <value condition="[Skin.HasSetting(osd.usetheme)] | [!Window.IsVisible(fullscreenvideo) + !Window.IsVisible(visualisation)]">Background</value>
        <value>OSDBack</value>
    </variable>
    <variable name="OSDPanelWhite12">
        <value condition="[Skin.HasSetting(osd.usetheme)] | [!Window.IsVisible(fullscreenvideo) + !Window.IsVisible(visualisation)]">Dark3</value>
        <value>PanelWhite12</value>
    </variable>
    <variable name="OSDPanelWhite30">
        <value condition="[Skin.HasSetting(osd.usetheme)] | [!Window.IsVisible(fullscreenvideo) + !Window.IsVisible(visualisation)]">Dark2</value>
        <value>PanelWhite30</value>
    </variable>
    <variable name="OSDPanelWhite70">
        <value condition="[Skin.HasSetting(osd.usetheme)] | [!Window.IsVisible(fullscreenvideo) + !Window.IsVisible(visualisation)]">Dark1</value>
        <value>PanelWhite70</value>
    </variable>
    <variable name="OSDPanelWhite70-Kaitoast">
        <value condition="String.IsEqual(Control.GetLabel(400),kaitoast/info.png)">$VAR[OSDPanelWhite70]</value>
        <value>ffbbbbbb</value>
    </variable>
    <variable name="OSDPanelWhite100">
        <value condition="[Skin.HasSetting(osd.usetheme)] | [!Window.IsVisible(fullscreenvideo) + !Window.IsVisible(visualisation)]">Dark1</value>
        <value>PanelWhite100</value>
    </variable>

    <include name="OSDAudioControls">
 
        <control type="button" id="1">
            <description>Repeat</description>
            <onclick>XBMC.PlayerControl(Repeat)</onclick>
            <width>48</width>
            <height>48</height>
            <label></label>
            <font>noop</font>
            <include>DefOSDUpDown</include>
            <texturefocus>noop</texturefocus>
            <texturenofocus>noop</texturenofocus>
        </control>

        <control type="group" id="501">
            <left>-64</left>
            <width>48</width>
            <height>48</height>
            <control type="image" description="repeat-one-nf">
                <width>48</width>
                <height>48</height>
                <texture colordiffuse="PanelWhite70">osd/repeat-one.png</texture>
                <visible>Playlist.IsRepeatOne</visible>
                <visible>!Control.HasFocus(1)</visible>
            </control>
            <control type="image" description="repeat-one-fo">
                <width>48</width>
                <height>48</height>
                <texture colordiffuse="$VAR[ColorHighlight]">osd/repeat-one.png</texture>
                <visible>Playlist.IsRepeatOne</visible>
                <visible>Control.HasFocus(1)</visible>
            </control>
            <control type="image" description="repeat-all-nf">
                <width>48</width>
                <height>48</height>
                <texture colordiffuse="PanelWhite70">osd/repeat-all.png</texture>
                <visible>Playlist.IsRepeat</visible>
                <visible>!Control.HasFocus(1)</visible>
            </control>
            <control type="image" description="repeat-all-fo">
                <width>48</width>
                <height>48</height>
                <texture colordiffuse="$VAR[ColorHighlight]">osd/repeat-all.png</texture>
                <visible>Playlist.IsRepeat</visible>
                <visible>Control.HasFocus(1)</visible>
            </control>
            <control type="image" description="repeat-off-nf">
                <width>48</width>
                <height>48</height>
                <texture colordiffuse="PanelWhite70">osd/repeat-off.png</texture>
                <visible>!Playlist.IsRepeatOne + !Playlist.IsRepeat</visible>
                <visible>!Control.HasFocus(1)</visible>
            </control>
            <control type="image" description="repeat-off-fo">
                <width>48</width>
                <height>48</height>
                <texture colordiffuse="$VAR[ColorHighlight]">osd/repeat-off.png</texture>
                <visible>!Playlist.IsRepeatOne + !Playlist.IsRepeat</visible>
                <visible>Control.HasFocus(1)</visible>
            </control>
            <control type="image" description="repeat-check-fo">
                <top>42</top>
                <left>42</left>
                <width>16</width>
                <height>16</height>
                <texture colordiffuse="$VAR[ColorHighlight]">osd/minicheck.png</texture>
                <visible>Playlist.IsRepeat | Playlist.IsRepeatOne</visible>
                <visible>Control.HasFocus(1)</visible>
            </control>
            <control type="image" description="repeat-check-fo">
                <top>42</top>
                <left>42</left>
                <width>16</width>
                <height>16</height>
                <texture colordiffuse="PanelWhite70">osd/minicheck.png</texture>
                <visible>Playlist.IsRepeat | Playlist.IsRepeatOne</visible>
                <visible>!Control.HasFocus(1)</visible>
            </control>
        </control>

        <control type="button" id="2">
            <description>Lyrics</description>
            <onclick condition="!Skin.HasSetting(osd.alwaysshowmusicosd)">Action(Close)</onclick>
            <onclick>ActivateWindow(1110)</onclick>
            <width>48</width>
            <height>48</height>
            <label></label>
            <font>noop</font>
            <include>DefOSDUpDown</include>
            <texturefocus colordiffuse="$VAR[ColorHighlight]">osd/lyrics.png</texturefocus>
            <texturenofocus colordiffuse="PanelWhite70">osd/lyrics.png</texturenofocus>
        </control>
		
		<!--
		<control type="button" id="2">
            <description>Lyrics</description>
            <onclick condition="!Skin.HasSetting(osd.alwaysshowmusicosd)">Action(Close)</onclick>
            <onclick>RunScript(script.cu.lrclyrics)</onclick>
            <width>48</width>
            <height>48</height>
            <label></label>
            <font>noop</font>
            <include>DefOSDUpDown</include>
            <texturefocus colordiffuse="$VAR[ColorHighlight]">osd/lyrics.png</texturefocus>
            <texturenofocus colordiffuse="PanelWhite70">osd/lyrics.png</texturenofocus>
        </control>
		
		-->
        
     <!--    <control type="button" id="3">
            <description>Playlist</description>
            <onclick>Close</onclick>
            <onclick>ActivateWindow(musicplaylist)</onclick>
            <width>48</width>
            <height>48</height>
            <font>noop</font>
            <include>DefOSDUpDown</include>
            <texturefocus colordiffuse="$VAR[ColorHighlight]">osd/playlist.png</texturefocus>
            <texturenofocus colordiffuse="PanelWhite70">osd/playlist.png</texturenofocus>
        </control> -->

        <control type="button" id="12">
            <description>Skip Back</description>
            <width>48</width>
            <height>48</height>
            <label></label>
            <font>noop</font>
            <include>DefOSDUpDown</include>
            <texturefocus colordiffuse="$VAR[ColorHighlight]" flipx="true">osd/next.png</texturefocus>
            <texturenofocus colordiffuse="PanelWhite70" flipx="true">osd/next.png</texturenofocus>
            <onclick>PlayerControl(Previous)</onclick>
        </control>

        <control type="button" id="13">
            <description>Rewind</description>
            <width>48</width>
            <height>48</height>
            <label></label>
            <font>noop</font>
            <include>DefOSDUpDown</include>
            <texturefocus colordiffuse="$VAR[ColorHighlight]" flipx="true">osd/ff.png</texturefocus>
            <texturenofocus colordiffuse="PanelWhite70" flipx="true">osd/ff.png</texturenofocus>
            <onclick>PlayerControl(Rewind)</onclick>
            <enable>Player.SeekEnabled</enable>
            <animation effect="fade" start="100" end="33" time="100" condition="!Player.SeekEnabled">Conditional</animation>
        </control>

        <control type="togglebutton" id="14">
            <description>Play/Pause</description>
            <width>48</width>
            <height>48</height>
            <label></label>
            <altlabel></altlabel>
            <font>noop</font>
            <include>DefOSDUpDown</include>
            <texturefocus colordiffuse="$VAR[ColorHighlight]">osd/pause.png</texturefocus>
            <texturenofocus colordiffuse="PanelWhite70">osd/pause.png</texturenofocus>
            <usealttexture>Player.Paused | Player.Forwarding | Player.Rewinding</usealttexture>
            <alttexturefocus colordiffuse="$VAR[ColorHighlight]">osd/play.png</alttexturefocus>
            <alttexturenofocus colordiffuse="PanelWhite70">osd/play.png</alttexturenofocus>
            <onclick>PlayerControl(Play)</onclick>
            <enable>Player.PauseEnabled</enable>
            <animation effect="fade" start="100" end="33" time="100" condition="!Player.PauseEnabled">Conditional</animation>
        </control>

        <control type="button" id="15">
            <description>Stop</description>
            <width>48</width>
            <height>48</height>
            <label></label>
            <font>noop</font>
            <include>DefOSDUpDown</include>
            <texturefocus colordiffuse="$VAR[ColorHighlight]">osd/stop.png</texturefocus>
            <texturenofocus colordiffuse="PanelWhite70">osd/stop.png</texturenofocus>
            <onclick>PlayerControl(Stop)</onclick>
        </control>

        <control type="button" id="16">
            <description>Fast Forward</description>
            <width>48</width>
            <height>48</height>
            <label></label>
            <font>noop</font>
            <include>DefOSDUpDown</include>
            <texturefocus colordiffuse="$VAR[ColorHighlight]">osd/ff.png</texturefocus>
            <texturenofocus colordiffuse="PanelWhite70">osd/ff.png</texturenofocus>
            <onclick>PlayerControl(Forward)</onclick>
            <enable>Player.SeekEnabled</enable>
            <animation effect="fade" start="100" end="33" time="100" condition="!Player.SeekEnabled">Conditional</animation>
        </control>

        <control type="button" id="17">
            <description>Next</description>
            <width>48</width>
            <height>48</height>
            <label></label>
            <font>noop</font>
            <include>DefOSDUpDown</include>
            <texturefocus colordiffuse="$VAR[ColorHighlight]">osd/next.png</texturefocus>
            <texturenofocus colordiffuse="PanelWhite70">osd/next.png</texturenofocus>
            <onclick>PlayerControl(Next)</onclick>
        </control>

        <control type="button" id="500">
            <description>Vis</description>
            <width>48</width>
            <height>48</height>
            <label></label>
            <font>noop</font>
            <include>DefOSDUpDown</include>
            <texturefocus colordiffuse="$VAR[ColorHighlight]">osd/visualisation.png</texturefocus>
            <texturenofocus colordiffuse="PanelWhite70">osd/visualisation.png</texturenofocus>
        </control>
<!-- 
        <control type="button" id="5">
            <description>Presets</description>
            <onclick>ActivateWindow(122)</onclick>
            <width>48</width>
            <height>48</height>
            <label></label>
            <font>noop</font>
            <include>DefOSDUpDown</include>
            <texturefocus colordiffuse="$VAR[ColorHighlight]">osd/preset.png</texturefocus>
            <texturenofocus colordiffuse="PanelWhite70">osd/preset.png</texturenofocus>
        </control> -->

        <control type="button" id="6">
            <description>Random</description>
            <onclick>XBMC.PlayerControl(Random)</onclick>
            <width>48</width>
            <height>48</height>
            <label></label>
            <font>noop</font>
            <include>DefOSDUpDown</include>
            <texturefocus colordiffuse="$VAR[ColorHighlight]">osd/shuffle.png</texturefocus>
            <texturenofocus colordiffuse="PanelWhite70">osd/shuffle.png</texturenofocus>
        </control>

        <control type="group" description="shuffle-check">
            <top>64</top>
            <right>380</right>
            <width>48</width>
            <height>48</height>
            <control type="image" description="shuffle-check-fo">
                <top>42</top>
                <left>42</left>
                <width>16</width>
                <height>16</height>
                <texture colordiffuse="$VAR[ColorHighlight]">osd/minicheck.png</texture>
                <visible>Playlist.IsRandom</visible>
                <visible>Control.HasFocus(6)</visible>
            </control>
            <control type="image" description="shuffle-check-fo">
                <top>42</top>
                <left>42</left>
                <width>16</width>
                <height>16</height>
                <texture colordiffuse="PanelWhite70">osd/minicheck.png</texture>
                <visible>Playlist.IsRandom</visible>
                <visible>!Control.HasFocus(6)</visible>
            </control>
        </control>
    </include>

    <include name="OSDAudioControlsFlip">
 
        <control type="button" id="1">
            <description>Repeat</description>
            <onclick>XBMC.PlayerControl(Repeat)</onclick>
            <width>48</width>
            <height>48</height>
            <label></label>
            <font>noop</font>
            <include>DefOSDUpDown</include>
            <texturefocus>noop</texturefocus>
            <texturenofocus>noop</texturenofocus>
        </control>

        <control type="group" id="501">
            <left>-64</left>
            <width>48</width>
            <height>48</height>
            <control type="image" description="repeat-one-nf">
                <width>48</width>
                <height>48</height>
                <texture colordiffuse="Dark1">osd/repeat-one.png</texture>
                <visible>Playlist.IsRepeatOne</visible>
                <visible>!Control.HasFocus(1)</visible>
            </control>
            <control type="image" description="repeat-one-fo">
                <width>48</width>
                <height>48</height>
                <texture colordiffuse="$VAR[ColorHighlight]">osd/repeat-one.png</texture>
                <visible>Playlist.IsRepeatOne</visible>
                <visible>Control.HasFocus(1)</visible>
            </control>
            <control type="image" description="repeat-all-nf">
                <width>48</width>
                <height>48</height>
                <texture colordiffuse="Dark1">osd/repeat-all.png</texture>
                <visible>Playlist.IsRepeat</visible>
                <visible>!Control.HasFocus(1)</visible>
            </control>
            <control type="image" description="repeat-all-fo">
                <width>48</width>
                <height>48</height>
                <texture colordiffuse="$VAR[ColorHighlight]">osd/repeat-all.png</texture>
                <visible>Playlist.IsRepeat</visible>
                <visible>Control.HasFocus(1)</visible>
            </control>
            <control type="image" description="repeat-off-nf">
                <width>48</width>
                <height>48</height>
                <texture colordiffuse="Dark1">osd/repeat-off.png</texture>
                <visible>!Playlist.IsRepeatOne + !Playlist.IsRepeat</visible>
                <visible>!Control.HasFocus(1)</visible>
            </control>
            <control type="image" description="repeat-off-fo">
                <width>48</width>
                <height>48</height>
                <texture colordiffuse="$VAR[ColorHighlight]">osd/repeat-off.png</texture>
                <visible>!Playlist.IsRepeatOne + !Playlist.IsRepeat</visible>
                <visible>Control.HasFocus(1)</visible>
            </control>
            <control type="image" description="repeat-check-fo">
                <top>42</top>
                <left>42</left>
                <width>16</width>
                <height>16</height>
                <texture colordiffuse="$VAR[ColorHighlight]">osd/minicheck.png</texture>
                <visible>Playlist.IsRepeat | Playlist.IsRepeatOne</visible>
                <visible>Control.HasFocus(1)</visible>
            </control>
            <control type="image" description="repeat-check-fo">
                <top>42</top>
                <left>42</left>
                <width>16</width>
                <height>16</height>
                <texture colordiffuse="Dark1">osd/minicheck.png</texture>
                <visible>Playlist.IsRepeat | Playlist.IsRepeatOne</visible>
                <visible>!Control.HasFocus(1)</visible>
            </control>
        </control>

		<control type="group" description="shuffle-check"  id="502">
            <top>64</top>
            <width>48</width>
            <height>48</height>
			
            <control type="button" id="6">
                <onleft>1</onleft>
				<onright>2</onright>
                <description>Random</description>
                <onclick>XBMC.PlayerControl(Random)</onclick>
                <width>48</width>
                <height>48</height>
                <label></label>
                <font>noop</font>
                <include>DefOSDUpDown</include>
                <texturefocus colordiffuse="$VAR[ColorHighlight]">osd/shuffle.png</texturefocus>
                <texturenofocus colordiffuse="Dark1">osd/shuffle.png</texturenofocus>
            </control>
            <control type="image" description="shuffle-check-fo">
                <top>42</top>
                <left>42</left>
                <width>16</width>
                <height>16</height>
                <texture colordiffuse="$VAR[ColorHighlight]">osd/minicheck.png</texture>
                <visible>Playlist.IsRandom</visible>
                <visible>Control.HasFocus(6)</visible>
            </control>
            <control type="image" description="shuffle-check-fo">
                <top>42</top>
                <left>42</left>
                <width>16</width>
                <height>16</height>
                <texture colordiffuse="Dark1">osd/minicheck.png</texture>
                <visible>Playlist.IsRandom</visible>
                <visible>!Control.HasFocus(6)</visible>
            </control>
        </control>

        
		
		            <!-- <onclick condition="!Skin.HasSetting(osd.alwaysshowmusicosd)">Action(Close)</onclick> -->
            <!--<onclick>RunScript(script.cu.lrclyrics)</onclick>-->
			


		
		
		
		<control type="button" id="2">
            <description>Lyrics</description>
			
			<onclick>RunScript(script.cu.lrclyrics)</onclick>
            <width>48</width>
            <height>48</height>
            <label></label>
            <font>noop</font>
            <include>DefOSDUpDown</include>
            <texturefocus colordiffuse="$VAR[ColorHighlight]">osd/lyrics.png</texturefocus>
            <texturenofocus colordiffuse="Dark1">osd/lyrics.png</texturenofocus>
        </control> 
		
		
		<!--
		<control type="button" id="3">
            <description>Lyrics</description>
			<onclick>Skin.ToggleSetting(osd.lyrics)</onclick>
			<onclick>RunScript(script.cu.lrclyrics)</onclick>
            <width>48</width>
            <height>48</height>
            <label></label>
            <font>noop</font>
            <include>DefOSDUpDown</include>
            <texturefocus colordiffuse="$VAR[ColorHighlight]">osd/lyrics.png</texturefocus>
            <texturenofocus colordiffuse="Dark1">osd/lyricsoff.png</texturenofocus>
			<visible>!Skin.HasSetting(osd.lyrics)</visible>
        </control>-->
		
		
        
        <!-- <control type="button" id="3">
            <description>Playlist</description>
            <onclick>Close</onclick>
            <onclick>ActivateWindow(musicplaylist)</onclick>
            <width>48</width>
            <height>48</height>
            <label></label>
            <font>noop</font>
            <include>DefOSDUpDown</include>
            <texturefocus colordiffuse="$VAR[ColorHighlight]">osd/playlist.png</texturefocus>
            <texturenofocus colordiffuse="Dark1">osd/playlist.png</texturenofocus>
        </control> -->

        <control type="button" id="12">
            <description>Skip Back</description>
            <width>48</width>
            <height>48</height>
            <label></label>
            <font>noop</font>
            <include>DefOSDUpDown</include>
            <texturefocus colordiffuse="$VAR[ColorHighlight]" flipx="true">osd/next.png</texturefocus>
            <texturenofocus colordiffuse="Dark1" flipx="true">osd/next.png</texturenofocus>
            <onclick>PlayerControl(Previous)</onclick>
        </control>

        <control type="button" id="13">
            <description>Rewind</description>
            <width>48</width>
            <height>48</height>
            <label></label>
            <font>noop</font>
            <include>DefOSDUpDown</include>
            <texturefocus colordiffuse="$VAR[ColorHighlight]" flipx="true">osd/ff.png</texturefocus>
            <texturenofocus colordiffuse="Dark1" flipx="true">osd/ff.png</texturenofocus>
            <onclick>PlayerControl(Rewind)</onclick>
            <enable>Player.SeekEnabled</enable>
            <animation effect="fade" start="100" end="33" time="100" condition="!Player.SeekEnabled">Conditional</animation>
        </control>

        <control type="togglebutton" id="14">
            <description>Play/Pause</description>
            <width>48</width>
            <height>48</height>
            <label></label>
            <altlabel></altlabel>
            <font>noop</font>
            <include>DefOSDUpDown</include>
            <texturefocus colordiffuse="$VAR[ColorHighlight]">osd/pause.png</texturefocus>
            <texturenofocus colordiffuse="Dark1">osd/pause.png</texturenofocus>
            <usealttexture>Player.Paused | Player.Forwarding | Player.Rewinding</usealttexture>
            <alttexturefocus colordiffuse="$VAR[ColorHighlight]">osd/play.png</alttexturefocus>
            <alttexturenofocus colordiffuse="Dark1">osd/play.png</alttexturenofocus>
            <onclick>PlayerControl(Play)</onclick>
            <enable>Player.PauseEnabled</enable>
            <animation effect="fade" start="100" end="33" time="100" condition="!Player.PauseEnabled">Conditional</animation>
        </control>

        <control type="button" id="15">
            <description>Stop</description>
            <width>48</width>
            <height>48</height>
            <label></label>
            <font>noop</font>
            <include>DefOSDUpDown</include>
            <texturefocus colordiffuse="$VAR[ColorHighlight]">osd/stop.png</texturefocus>
            <texturenofocus colordiffuse="Dark1">osd/stop.png</texturenofocus>
            <onclick>PlayerControl(Stop)</onclick>
        </control>

        <control type="button" id="16">
            <description>Fast Forward</description>
            <width>48</width>
            <height>48</height>
            <label></label>
            <font>noop</font>
            <include>DefOSDUpDown</include>
            <texturefocus colordiffuse="$VAR[ColorHighlight]">osd/ff.png</texturefocus>
            <texturenofocus colordiffuse="Dark1">osd/ff.png</texturenofocus>
            <onclick>PlayerControl(Forward)</onclick>
            <enable>Player.SeekEnabled</enable>
            <animation effect="fade" start="100" end="33" time="100" condition="!Player.SeekEnabled">Conditional</animation>
        </control>

        <control type="button" id="17">
            <description>Next</description>
            <width>48</width>
            <height>48</height>
            <label></label>
            <font>noop</font>
            <include>DefOSDUpDown</include>
            <texturefocus colordiffuse="$VAR[ColorHighlight]">osd/next.png</texturefocus>
            <texturenofocus colordiffuse="Dark1">osd/next.png</texturenofocus>
            <onclick>PlayerControl(Next)</onclick>
        </control>


   
        <control type="button" id="21">
            <description>Vis</description>
            <width>48</width>
            <height>48</height>
            <label></label>
            <font>noop</font>
            <include>DefOSDUpDown</include>
            <texturefocus colordiffuse="$VAR[ColorHighlight]">osd/visualisation.png</texturefocus>
            <texturenofocus colordiffuse="Dark1">osd/visualisation.png</texturenofocus>
			<onclick>ActivateWindow(1110)</onclick>
        </control>

        <!-- <control type="button" id="5">
            <description>Presets</description>
            <onclick>ActivateWindow(122)</onclick>
            <width>48</width>
            <height>48</height>
            <label></label>
            <font>noop</font>
            <include>DefOSDUpDown</include>
            <texturefocus colordiffuse="$VAR[ColorHighlight]">osd/preset.png</texturefocus>
            <texturenofocus colordiffuse="Dark1">osd/preset.png</texturenofocus>
        </control> -->
		
		
		
		<control type="button" id="22">
            <description>Rating</description>
            <width>48</width>
            <height>48</height>
            <label></label>
            <font>noop</font>
            <include>DefOSDUpDown</include>
            <texturefocus colordiffuse="$VAR[ColorHighlight]" flipx="true">osd/rating.png</texturefocus>
            <texturenofocus colordiffuse="Dark1" flipx="true">osd/rating.png</texturenofocus>
            <onclick>SetRating</onclick>
        </control>
		
		<control type="button" id="24">
            <description>Settings</description>
            <width>48</width>
            <height>48</height>
            <label></label>
            <font>noop</font>
            <include>DefOSDUpDown</include>
            <texturefocus colordiffuse="$VAR[ColorHighlight]" flipx="true">osd/preset.png</texturefocus>
            <texturenofocus colordiffuse="Dark1" flipx="true">osd/preset.png</texturenofocus>
            <onclick>ActivateWindow(1120)</onclick>			
        </control>	

        
    </include>

    <include name="OSDVideoControls">
        <control type="togglebutton" id="9003">
            <description>Record</description>
            <width>48</width>
            <height>48</height>
            <label></label>
            <font>noop</font>
            <include>DefOSDUpDown</include>
            <texturefocus colordiffuse="$VAR[ColorHighlight]" flipx="true">osd/record.png</texturefocus>
            <texturenofocus colordiffuse="PanelWhite70" flipx="true">osd/record.png</texturenofocus>
            <usealttexture>Player.Recording</usealttexture>
            <alttexturefocus colordiffuse="$VAR[ColorHighlight]" flipx="true">osd/record-on.png</alttexturefocus>
            <alttexturenofocus colordiffuse="PanelWhite70" flipx="true">osd/record-on.png</alttexturenofocus>
            <onclick>PlayerControl(Record)</onclick>
            <enable>Player.CanRecord</enable>
            <visible>VideoPlayer.Content(LiveTV)</visible>
            <animation effect="fade" start="100" end="33" time="100" condition="!Player.CanRecord">Conditional</animation>
        </control>
        
        <control type="button" id="12">
            <description>Skip Back</description>
            <width>48</width>
            <height>48</height>
            <label></label>
            <font>noop</font>
            <include>DefOSDUpDown</include>
            <texturefocus colordiffuse="$VAR[ColorHighlight]" flipx="true">osd/next.png</texturefocus>
            <texturenofocus colordiffuse="PanelWhite70" flipx="true">osd/next.png</texturenofocus>
            <onclick>PlayerControl(Previous)</onclick>
        </control>

        <control type="button" id="13">
            <description>Rewind</description>
            <width>48</width>
            <height>48</height>
            <label></label>
            <font>noop</font>
            <include>DefOSDUpDown</include>
            <texturefocus colordiffuse="$VAR[ColorHighlight]" flipx="true">osd/ff.png</texturefocus>
            <texturenofocus colordiffuse="PanelWhite70" flipx="true">osd/ff.png</texturenofocus>
            <onclick>PlayerControl(Rewind)</onclick>
            <enable>Player.SeekEnabled</enable>
            <animation effect="fade" start="100" end="33" time="100" condition="!Player.SeekEnabled">Conditional</animation>
        </control>

        <control type="togglebutton" id="14">
            <description>Play/Pause</description>
            <width>48</width>
            <height>48</height>
            <label></label>
            <altlabel></altlabel>
            <font>noop</font>
            <include>DefOSDUpDown</include>
            <texturefocus colordiffuse="$VAR[ColorHighlight]">osd/pause.png</texturefocus>
            <texturenofocus colordiffuse="PanelWhite70">osd/pause.png</texturenofocus>
            <usealttexture>Player.Paused | Player.Forwarding | Player.Rewinding</usealttexture>
            <alttexturefocus colordiffuse="$VAR[ColorHighlight]">osd/play.png</alttexturefocus>
            <alttexturenofocus colordiffuse="PanelWhite70">osd/play.png</alttexturenofocus>
            <onclick>PlayerControl(Play)</onclick>
            <enable>Player.PauseEnabled</enable>
            <animation effect="fade" start="100" end="33" time="100" condition="!Player.PauseEnabled">Conditional</animation>
        </control>

        <control type="button" id="15">
            <description>Stop</description>
            <width>48</width>
            <height>48</height>
            <label></label>
            <font>noop</font>
            <include>DefOSDUpDown</include>
            <texturefocus colordiffuse="$VAR[ColorHighlight]">osd/stop.png</texturefocus>
            <texturenofocus colordiffuse="PanelWhite70">osd/stop.png</texturenofocus>
            <onclick>PlayerControl(Stop)</onclick>
        </control>

        <control type="button" id="16">
            <description>Fast Forward</description>
            <width>48</width>
            <height>48</height>
            <label></label>
            <font>noop</font>
            <include>DefOSDUpDown</include>
            <texturefocus colordiffuse="$VAR[ColorHighlight]">osd/ff.png</texturefocus>
            <texturenofocus colordiffuse="PanelWhite70">osd/ff.png</texturenofocus>
            <onclick>PlayerControl(Forward)</onclick>
            <enable>Player.SeekEnabled</enable>
            <animation effect="fade" start="100" end="33" time="100" condition="!Player.SeekEnabled">Conditional</animation>
        </control>

        <control type="button" id="17">
            <description>Next</description>
            <width>48</width>
            <height>48</height>
            <label></label>
            <font>noop</font>
            <include>DefOSDUpDown</include>
            <texturefocus colordiffuse="$VAR[ColorHighlight]">osd/next.png</texturefocus>
            <texturenofocus colordiffuse="PanelWhite70">osd/next.png</texturenofocus>
            <onclick>PlayerControl(Next)</onclick>
        </control>
        
        <control type="button" id="9002">
            <width>48</width>
            <height>48</height>
            <font>noop</font>
            <include>DefOSDUpDown</include>
            <texturefocus colordiffuse="$VAR[ColorHighlight]">osd/eject.png</texturefocus>
            <texturenofocus colordiffuse="PanelWhite70">osd/eject.png</texturenofocus>
            <onclick>EjectTray()</onclick>
            <visible>System.HasMediadvd</visible>
        </control>
    </include>
    <include name="OSDVideoControlsFlip">
        <control type="togglebutton" id="9003">
            <description>Record</description>
            <width>48</width>
            <height>48</height>
            <label></label>
            <font>noop</font>
            <include>DefOSDUpDown</include>
            <texturefocus colordiffuse="$VAR[ColorHighlight]" flipx="true">osd/record.png</texturefocus>
            <texturenofocus colordiffuse="Dark1" flipx="true">osd/record.png</texturenofocus>
            <usealttexture>Player.Recording</usealttexture>
            <alttexturefocus colordiffuse="$VAR[ColorHighlight]" flipx="true">osd/record-on.png</alttexturefocus>
            <alttexturenofocus colordiffuse="Dark1" flipx="true">osd/record-on.png</alttexturenofocus>
            <onclick>PlayerControl(Record)</onclick>
            <enable>Player.CanRecord</enable>
            <visible>VideoPlayer.Content(LiveTV)</visible>
            <animation effect="fade" start="100" end="33" time="100" condition="!Player.CanRecord">Conditional</animation>
        </control>
        
        <control type="button" id="12">
            <description>Skip Back</description>
            <width>48</width>
            <height>48</height>
            <label></label>
            <font>noop</font>
            <include>DefOSDUpDown</include>
            <texturefocus colordiffuse="$VAR[ColorHighlight]" flipx="true">osd/next.png</texturefocus>
            <texturenofocus colordiffuse="Dark1" flipx="true">osd/next.png</texturenofocus>
            <onclick>PlayerControl(Previous)</onclick>
        </control>

        <control type="button" id="13">
            <description>Rewind</description>
            <width>48</width>
            <height>48</height>
            <label></label>
            <font>noop</font>
            <include>DefOSDUpDown</include>
            <texturefocus colordiffuse="$VAR[ColorHighlight]" flipx="true">osd/ff.png</texturefocus>
            <texturenofocus colordiffuse="Dark1" flipx="true">osd/ff.png</texturenofocus>
            <onclick>PlayerControl(Rewind)</onclick>
            <enable>Player.SeekEnabled</enable>
            <animation effect="fade" start="100" end="33" time="100" condition="!Player.SeekEnabled">Conditional</animation>
        </control>

        <control type="togglebutton" id="14">
            <description>Play/Pause</description>
            <width>48</width>
            <height>48</height>
            <label></label>
            <altlabel></altlabel>
            <font>noop</font>
            <include>DefOSDUpDown</include>
            <texturefocus colordiffuse="$VAR[ColorHighlight]">osd/pause.png</texturefocus>
            <texturenofocus colordiffuse="Dark1">osd/pause.png</texturenofocus>
            <usealttexture>Player.Paused | Player.Forwarding | Player.Rewinding</usealttexture>
            <alttexturefocus colordiffuse="$VAR[ColorHighlight]">osd/play.png</alttexturefocus>
            <alttexturenofocus colordiffuse="Dark1">osd/play.png</alttexturenofocus>
            <onclick>PlayerControl(Play)</onclick>
            <enable>Player.PauseEnabled</enable>
            <animation effect="fade" start="100" end="33" time="100" condition="!Player.PauseEnabled">Conditional</animation>
        </control>

        <control type="button" id="15">
            <description>Stop</description>
            <width>48</width>
            <height>48</height>
            <label></label>
            <font>noop</font>
            <include>DefOSDUpDown</include>
            <texturefocus colordiffuse="$VAR[ColorHighlight]">osd/stop.png</texturefocus>
            <texturenofocus colordiffuse="Dark1">osd/stop.png</texturenofocus>
            <onclick>PlayerControl(Stop)</onclick>
        </control>

        <control type="button" id="16">
            <description>Fast Forward</description>
            <width>48</width>
            <height>48</height>
            <label></label>
            <font>noop</font>
            <include>DefOSDUpDown</include>
            <texturefocus colordiffuse="$VAR[ColorHighlight]">osd/ff.png</texturefocus>
            <texturenofocus colordiffuse="Dark1">osd/ff.png</texturenofocus>
            <onclick>PlayerControl(Forward)</onclick>
            <enable>Player.SeekEnabled</enable>
            <animation effect="fade" start="100" end="33" time="100" condition="!Player.SeekEnabled">Conditional</animation>
        </control>

        <control type="button" id="17">
            <description>Next</description>
            <width>48</width>
            <height>48</height>
            <label></label>
            <font>noop</font>
            <include>DefOSDUpDown</include>
            <texturefocus colordiffuse="$VAR[ColorHighlight]">osd/next.png</texturefocus>
            <texturenofocus colordiffuse="Dark1">osd/next.png</texturenofocus>
            <onclick>PlayerControl(Next)</onclick>
        </control>
        
        <control type="button" id="9002">
            <width>48</width>
            <height>48</height>
            <font>noop</font>
            <include>DefOSDUpDown</include>
            <texturefocus colordiffuse="$VAR[ColorHighlight]">osd/eject.png</texturefocus>
            <texturenofocus colordiffuse="Dark1">osd/eject.png</texturenofocus>
            <onclick>EjectTray()</onclick>
            <visible>System.HasMediadvd</visible>
        </control>
		<control type="button" id="18">
            <description>Settings</description>
            <width>48</width>
            <height>48</height>
            <label></label>
            <font>noop</font>
            <include>DefOSDUpDown</include>
            <texturefocus colordiffuse="$VAR[ColorHighlight]" flipx="true">osd/info.png</texturefocus>
            <texturenofocus colordiffuse="Dark1" flipx="true">osd/info.png</texturenofocus>
			<onclick>SetFocus(809)</onclick>
        </control>
		<control type="button" id="19">
            <description>Settings</description>
            <width>48</width>
            <height>48</height>
            <label></label>
            <font>noop</font>
            <include>DefOSDUpDown</include>
            <texturefocus colordiffuse="$VAR[ColorHighlight]" flipx="true">osd/preset.png</texturefocus>
            <texturenofocus colordiffuse="Dark1" flipx="true">osd/preset.png</texturenofocus>
            <onclick>ActivateWindow(1197)</onclick>
			<onclick>SetFocus(9000)</onclick>
        </control>
		
		
    </include>
    <include name="Furniture_OSDClock">
        <control type="group">
            <visible>Player.Seeking | Player.DisplayAfterSeek | Player.Paused | Player.Forwarding | Player.Rewinding | Player.ShowInfo | Window.IsVisible(fullscreeninfo) | Window.IsVisible(videoosd) | !String.IsEmpty(Player.SeekNumeric)</visible>
			
            <visible>!Window.IsVisible(DialogNotification.xml)</visible>
            <visible>!Window.IsVisible(DialogExtendedInfo.xml)</visible>
            <visible>!Window.IsVisible(DialogVolumeBar.xml)</visible>
            <right>70</right>
            <posy>70</posy>
            <width>550</width>
            <height>100</height>
            <include>Animation.FadeIn</include>--
            <!--<include>Animation.FadeOut</include>-->
            
			
			
			<control type="group">
			<visible>[Player.Paused  + !Skin.HasSetting(osd.overlayinfoplayer)] | [Skin.HasSetting(osd.overlayinfoplayer) + !System.IdleTime(3) + Player.Paused]</visible>
                <posx>-400</posx>
				<posy>440</posy>
                <height>100</height>
                <width>100</width>
				
                <control type="image" description="Back">
                    <left>0</left>
                    <centertop>50%</centertop>
                    <width>100</width>
                    <height>100</height>
                    <aspectratio align="center" aligny="center">keep</aspectratio>
                    <texture>progress/back.png</texture>
                    <animation effect="fade" start="0" end="100" time="150">VisibleChange</animation>
                </control>
                <!--<control type="image" description="Play">
                    <left>0</left>
                    <centertop>50%</centertop>
                    <width>100</width>
                    <height>100</height>
                    <aspectratio align="center" aligny="center">keep</aspectratio>
                    <texture colordiffuse="$VAR[ColorHighlight]">progress/play.png</texture>
                    <animation effect="fade" start="100" end="100" time="1050">VisibleChange</animation>
                    <visible>true</visible>
                </control>-->
				
				<!--<control type="image" description="Play">
                    <left>0</left>
                    <centertop>50%</centertop>
                    <width>100</width>
                    <height>100</height>
                    <aspectratio align="center" aligny="center">keep</aspectratio>
                    <texture colordiffuse="$VAR[ColorHighlight]">progress/play.png</texture>
                    <animation effect="fade" start="100" end="0" time="1050">VisibleChange</animation>
                    <visible>true</visible>
                </control>-->
				
				
				
                <control type="image" description="Pause">
                    <left>0</left>
                    <centertop>50%</centertop>
                    <width>100</width>
                    <height>100</height>
                    <aspectratio align="center" aligny="center">keep</aspectratio>
                    <texture colordiffuse="FFFFFFFF">progress/pause.png</texture>
                    <animation effect="fade" start="0" end="100" time="150">VisibleChange</animation>
                    <visible>Player.Paused</visible>
                </control>
                <control type="progress" id="933">
                    <texturebg>-</texturebg>
                    <lefttexture>-</lefttexture>
                    <midtexture>-</midtexture>
                    <righttexture>-</righttexture>
                    <info>Player.Progress</info>
                    <visible>false</visible>
                </control>
                <control type="image">
                    <left>0</left>
                    <centertop>50%</centertop>
                    <width>100</width>
                    <height>100</height>
                    <texture colordiffuse="$VAR[ColorHighlight]">$INFO[Control.GetLabel(933),progress/circle/p,.png]</texture>
                    <aspectratio align="center">keep</aspectratio>
                    <visible>!String.IsEmpty(Player.Duration)</visible>
                </control>
              
            </control>
			
			
			
			<control type="group">
			<visible>Skin.HasSetting(ClockOSD)</visible>
            <control type="image">
                <description>background image</description>
                <posx>0</posx>
                <posy>0</posy>
                <width>100%</width>
                <height>100%</height>
                <colordiffuse>$VAR[OSDPanel]</colordiffuse>
                <animation effect="fade" start="100" end="90" condition="Skin.HasSetting(osd.usetheme)">Conditional</animation>
                <texture border="16">common/rounded-shadow8.png</texture>
                <visible>Player.HasVideo</visible>
            </control>

            <control type="image">
                <description>background image</description>
                <right>0</right>
                <posy>0</posy>
                <width>50%</width>
                <height>100%</height>
                <colordiffuse>$VAR[OSDPanel]</colordiffuse>
                <animation effect="fade" start="100" end="90" condition="Skin.HasSetting(osd.usetheme)">Conditional</animation>
                <texture border="16">common/rounded-shadow8.png</texture>
                <visible>!Player.HasVideo</visible>
            </control>
			<control type="image">
				<left>7</left>
				<top>7</top>
				<right>7</right>
				<bottom>7</bottom>                         
				<texture colordiffuse="BoxNotification" background="true">common/box4.png</texture>  
				<visible>!Skin.HasSetting(thumbnails.white)</visible>                        
			</control>

            <control type="group">
                <animation effect="slide" start="0" end="240" condition="!Player.HasVideo">Conditional</animation>
                <control type="image">
                    <left>30</left>
                    <centertop>50%</centertop>
                    <width>48</width>
                    <height>48</height>
                    <aspectratio aligny="center">keep</aspectratio>
                    <colordiffuse>$VAR[OSDPanelWhite70]</colordiffuse>
                    <texture>kaitoast/clock.png</texture>
                </control>
                <control type="label">
					<visible>!VideoPlayer.Content(LiveTV)</visible>
                    <right>55%</right>
                    <left>80</left>
                    <height>100%</height>
                    <align>center</align>
                    <aligny>center</aligny>
                    <font>Small</font>
                    <textcolor>$VAR[OSDPanelWhite70]</textcolor>
                    <label>$INFO[System.Time]</label>
                </control>
				<control type="label">
					<visible>VideoPlayer.Content(LiveTV)</visible>
                    <right>55%</right>
                    <left>80</left>
                    <height>100%</height>
                    <align>center</align>
                    <aligny>center</aligny>
                    <font>Small</font>
                    <textcolor>$VAR[OSDPanelWhite70]</textcolor>
                    <label>$INFO[System.Time]</label>
                </control>
                <control type="image">
                    <centerleft>50%</centerleft>
                    <centertop>50%</centertop>
                    <width>48</width>
                    <height>48</height>
                    <aspectratio aligny="center">keep</aspectratio>
                    <colordiffuse>$VAR[OSDPanelWhite70]</colordiffuse>
                    <texture>kaitoast/arrow.png</texture>
                    <visible>Player.HasVideo</visible>
                </control>
                <control type="image">
                    <right>30</right>
                    <centertop>50%</centertop>
                    <width>48</width>
                    <height>48</height>
                    <aspectratio aligny="center">keep</aspectratio>
                    <colordiffuse>$VAR[OSDPanelWhite70]</colordiffuse>
                    <texture>kaitoast/finishtime.png</texture>
                    <visible>Player.HasVideo</visible>
                </control>
                <control type="label">
					<visible>!VideoPlayer.Content(LiveTV)</visible>
                    <right>80</right>
                    <left>55%</left>
                    <height>100%</height>
                    <align>center</align>
                    <aligny>center</aligny>
                    <font>Small</font>
                    <textcolor>$VAR[OSDPanelWhite70]</textcolor>
                    <label>$INFO[Player.FinishTime]</label>
                    <visible>Player.HasVideo</visible>
                </control>
				<control type="label">
					<visible>VideoPlayer.Content(LiveTV)</visible>
                    <right>80</right>
                    <left>55%</left>
                    <height>100%</height>
                    <align>center</align>
                    <aligny>center</aligny>
                    <font>Small</font>
                    <textcolor>$VAR[OSDPanelWhite70]</textcolor>
                    <label>$INFO[PVR.EpgEventFinishTime]</label>
                    <visible>Player.HasVideo</visible>
                </control>
            </control>
       		</control> 
			
			
			
			
			
			
        </control>
		
		
		
		
		
		
		
		
		<control type="group">
            <!--<visible>Player.Seeking | Player.DisplayAfterSeek | Player.Paused | Player.Forwarding | Player.Rewinding | Player.ShowInfo | Window.IsVisible(fullscreeninfo) | Window.IsVisible(videoosd)</visible>-->
			
            <visible>!Window.IsVisible(DialogNotification.xml)</visible>
            <visible>!Window.IsVisible(DialogExtendedInfo.xml)</visible>
            <visible>!Window.IsVisible(DialogVolumeBar.xml)</visible>
            <right>70</right>
            <posy>70</posy>
            <width>550</width>
            <height>100</height>
            <!--<include>Animation.FadeIn</include>-->
            <!--<include>Animation.FadeOut</include>-->
            
			
			
			<control type="group">
                <posx>-400</posx>
				<posy>440</posy>
                <height>100</height>
                <width>100</width>
                
				<control type="image" description="Back">
                    <left>0</left>
                    <centertop>50%</centertop>
                    <width>100</width>
                    <height>100</height>
                    <aspectratio align="center" aligny="center">keep</aspectratio>
                    <texture>progress/back.png</texture>
                    <animation effect="fade" start="100" end="0" time="500" condition="Player.Playing">Conditional</animation>
                    <visible>Player.Playing</visible>
                </control>
				<control type="image" description="Play">
                    <left>0</left>
                    <centertop>50%</centertop>
                    <width>100</width>
                    <height>100</height>
                    <aspectratio align="center" aligny="center">keep</aspectratio>
                    <texture colordiffuse="FFFFFFFF">progress/play.png</texture>
                    <animation effect="fade" start="100" end="0" time="500" condition="Player.Playing">Conditional</animation>
                    <visible>Player.Playing</visible>
                </control>
				<control type="image">
                    <left>0</left>
                    <centertop>50%</centertop>
                    <width>100</width>
                    <height>100</height>
                    <texture colordiffuse="$VAR[ColorHighlight]">$INFO[Control.GetLabel(933),progress/circle/p,.png]</texture>
                    <aspectratio align="center">keep</aspectratio>
                    <animation effect="fade" start="100" end="0" time="500" condition="Player.Playing">Conditional</animation>
                    <visible>Player.Playing</visible>
                </control>
              
            </control>

        </control>
    </include>
	<include name="ControlButtons">
        <control type="button" id="6148">
            <description>Music playlist</description>
            <label>View playlist</label>
            <include>DefContextButton</include>
            <align>left</align>
            <onclick>ActivateWindow(musicplaylist)</onclick>
            <visible>Player.HasAudio</visible>
        </control>
        <control type="button" id="6149">
            <description>Video playlist</description>
            <label>View playlist</label>
            <include>DefContextButton</include>
            <align>left</align>
            <onclick>ActivateWindow(videoplaylist)</onclick>
            <visible>Player.HasVideo</visible>
        </control>
        <control type="grouplist" id="6150">
            <visible>Player.HasMedia</visible>
            <usecontrolcoords>true</usecontrolcoords>
            <top>10</top>
            <height>70</height>
            <width>450</width>
            <align>center</align>
            <itemgap>10</itemgap>
            <scrolltime tween="quadratic">400</scrolltime>
            <orientation>horizontal</orientation>
            <onup>20</onup>
            <ondown>9000</ondown>
            <onleft>6150</onleft>
            <onright>6150</onright>
            <onback>50</onback>
            <control type="button" id="6151">
                <texturefocus colordiffuse="$VAR[ColorHighlight]" flipx="true">osd/next.png</texturefocus>
                <texturenofocus colordiffuse="Black70" flipx="true">osd/next.png</texturenofocus>
                <width>48</width>
                <height>48</height>
                <onclick>PlayerControl(Previous)</onclick>
            </control>
            <control type="button" id="6152">
                <texturefocus colordiffuse="$VAR[ColorHighlight]" flipx="true">osd/ff.png</texturefocus>
                <texturenofocus colordiffuse="Black70" flipx="true">osd/ff.png</texturenofocus>
                <width>48</width>
                <height>48</height>
                <onclick>PlayerControl(Rewind)</onclick>
                <enable>Player.SeekEnabled</enable>
                <animation effect="fade" start="100" end="33" time="100" condition="!Player.SeekEnabled">Conditional</animation>
            </control>
            <control type="togglebutton" id="6153">
                <texturefocus colordiffuse="$VAR[ColorHighlight]">osd/pause.png</texturefocus>
                <texturenofocus colordiffuse="Black70">osd/pause.png</texturenofocus>
                <alttexturefocus colordiffuse="$VAR[ColorHighlight]">osd/play.png</alttexturefocus>
                <alttexturenofocus colordiffuse="Black70">osd/play.png</alttexturenofocus>
                <width>48</width>
                <height>48</height>
                <usealttexture>Player.Paused | Player.Forwarding | Player.Rewinding</usealttexture>
                <onclick>PlayerControl(Play)</onclick>
                <enable>Player.PauseEnabled</enable>
                <animation effect="fade" start="100" end="33" time="100" condition="!Player.PauseEnabled">Conditional</animation>
            </control>
            <control type="button" id="6154">
                <texturefocus colordiffuse="$VAR[ColorHighlight]">osd/stop.png</texturefocus>
                <texturenofocus colordiffuse="Black70">osd/stop.png</texturenofocus>
                <width>48</width>
                <height>48</height>
                <onclick>PlayerControl(Stop)</onclick>
            </control>
            <control type="button" id="6155">
                <texturefocus colordiffuse="$VAR[ColorHighlight]">osd/ff.png</texturefocus>
                <texturenofocus colordiffuse="Black70">osd/ff.png</texturenofocus>
                <width>48</width>
                <height>48</height>
                <onclick>PlayerControl(Forward)</onclick>
                <enable>Player.SeekEnabled</enable>
                <animation effect="fade" start="100" end="33" time="100" condition="!Player.SeekEnabled">Conditional</animation>
            </control>
            <control type="button" id="6156">
                <texturefocus colordiffuse="$VAR[ColorHighlight]">osd/next.png</texturefocus>
                <texturenofocus colordiffuse="Black70">osd/next.png</texturenofocus>
                <width>48</width>
                <height>48</height>
                <onclick>PlayerControl(Next)</onclick>
            </control>
            <control type="button" id="6157">
                <texturefocus colordiffuse="$VAR[ColorHighlight]">osd/fullscreen.png</texturefocus>
                <texturenofocus colordiffuse="Black70">osd/fullscreen.png</texturenofocus>
                <width>48</width>
                <height>48</height>
                <onclick condition="Player.HasVideo">ActivateWindow(fullscreenvideo)</onclick>
                <onclick condition="Player.HasAudio">ActivateWindow(visualisation)</onclick>
            </control>
        </control>
    </include>
    
</includes>
