<?xml version="1.0" encoding="UTF-8"?>
<!-- Foundation -->
<window>
    <defaultcontrol always="true">9000</defaultcontrol>
    
    <onload>SetProperty(150_onback,SetFocus(9000))</onload>
    <onload>SetProperty(350_onback,SetFocus(9000))</onload>
    <onload>SetProperty(750_onback,SetFocus(9000))</onload>
    <onload>SetProperty(1000_onback,SetFocus(9000))</onload>
    <onload>SetProperty(1150_onback,SetFocus(9000))</onload>
    <onload>SetProperty(1350_onback,SetFocus(9000))</onload>
    <onload>ClearProperty(content)</onload>
    <!--<onload>Dialog.Close(2003)</onload>-->
    <onunload>Skin.Reset(ExtendedInfoDialog)</onunload> 
	
	<controls>
        <control type="image">
            <width>100%</width>
            <height>100%</height>
            <animation effect="fade" start="100" end="90" condition="Skin.HasSetting(osd.usetheme)">Conditional</animation>
            <texture colordiffuse="$VAR[OSDPanel]">common/white.png</texture>
            <visible>Window.IsVisible(fullscreenvideo)</visible>
        </control>
        <control type="group">
            <animation type="Conditional" reversible="true" condition="Window.IsVisible(FileBrowser.xml) | Window.IsVisible(DialogConfirm.xml) | Window.IsVisible(DialogSelect.xml) | Window.IsVisible(DialogContextMenu.xml) | Window.IsVisible(DialogButtonMenu.xml)">
                <effect type="zoom" end="95" start="100" time="200" center="auto" tween="quadratic" easing="in" />
            </animation>
      
            <!-- Side Poster -->
            <control type="group">
                <include>Animation.SidePoster</include>
				<animation condition="Control.HasFocus(150) | Control.HasFocus(250) | Control.HasFocus(350) | Control.HasFocus(450) | Control.HasFocus(550) | Control.HasFocus(750) | Control.HasFocus(1000) | Control.HasFocus(1150) | Control.HasFocus(1350)" effect="fade" end="0"  start="100" time="300">Conditional</animation>
                <control type="group" description="Poster">
                    <left>SidePad</left>
                    <top>PosterPad</top>
                    <control type="image">
                        <top>PosterH</top>
                        <width>PosterW</width>
                        <height>PosterH</height>
                        <fadetime>100</fadetime>
                        <aspectratio align="center" aligny="center" scalediffuse="false">scale</aspectratio>
                        <texture flipy="true" diffuse="diffuse/listposter-ref.png" background="true">$INFO[Window.Property(thumb)]</texture>
                        <visible>Skin.HasSetting(show.reflections)</visible>
                    </control>
                    <control type="image">
                        <centertop>PosterH</centertop>
                        <width>PosterW</width>
                        <height>48</height>
                        <aspectratio>stretch</aspectratio>
                        <texture>diffuse/shadowspot.png</texture>
                        
                    </control>
					<control type="image">
                        <left>-24</left>
                        <top>-24</top>
                        <width>PosterShadowW</width>
                        <height>PosterShadowH</height>
                        <texture border="32">common/$VAR[shadow-24]</texture>
                    </control>
                    <control type="image">
                        <width>PosterW</width>
                        <height>PosterH</height>
                        <texture border="5" colordiffuse="FF181818">common/box.png</texture>
                    </control>
					<control type="image">
						<left>-1</left>
						<top>-1</top>
						
						<height>642</height>
						<width>430</width>                           
						<texture colordiffuse="Box2" background="true">common/box2.png</texture>   
						<visible>!Skin.HasSetting(thumbnails.white)</visible>                        
					</control>
                    <control type="image">
                        <width>PosterW</width>
                        <height>PosterH</height>
                        <fadetime>100</fadetime>
                        <aspectratio align="center" aligny="center" scalediffuse="false">scale</aspectratio>
                        <texture diffuse="diffuse/listposter.png" background="true">$INFO[Window.Property(thumb)]</texture>
                    </control>
                    
                </control>
            </control>

            <!-- Right Side Info -->
            <control type="group">
                <include>Animation.RightSide</include>       
                <control type="group">
                    <include>Animation.DelayFadeIn</include>
                    <visible>!String.IsEmpty(Window.Property(content))</visible>
                    <visible>[Control.HasFocus(150) + !Container(150).IsUpdating] | [Control.HasFocus(250) + !Container(250).IsUpdating] | [Control.HasFocus(350) + !Container(350).IsUpdating] | [Control.HasFocus(550) + !Container(550).IsUpdating] | [Control.HasFocus(750) + !Container(750).IsUpdating] | [Control.HasFocus(1000) + !Container(1000).IsUpdating] | [Control.HasFocus(1350) + !Container(1350).IsUpdating] | [Control.HasFocus(1150) + !Container(1150).IsUpdating] | [Control.HasFocus(50) + !Container(50).IsUpdating] | [Control.HasFocus(9501) + !Container(9501).IsUpdating]</visible>
                    <centerbottom>600</centerbottom>
                    <height>16</height>
                    <control type="image">
                        <centerleft>524</centerleft>
                        <width>16</width>
                        <height>16</height>
                        <texture colordiffuse="Dark3" flipx="true">common/arrow-small-right.png</texture>
                    </control>
                    <control type="image">
                        <centerright>64</centerright>
                        <width>16</width>
                        <height>16</height>
                        <texture colordiffuse="Dark3" flipx="false">common/arrow-small-right.png</texture>
                    </control>
                </control>

                <!-- Control Buttons -->
                <include condition="Skin.HasSetting(olddialogbuttons)">ExtendedDialogVideoInfoNavigation</include>
				<include condition="!Skin.HasSetting(olddialogbuttons)">ExtendedDialogVideoInfoNavigationNew</include>

                <!-- List Headers -->
				
                
                <control type="list" id="1501">
                    <top>-1000</top>
                    <left>-2000</left>				
                    <itemlayout>				                 		
                        <control type="label">									
                            <label>$INFO[Container(1501).ListItem.FileNameAndPath]</label>
                        </control>                     	
                    </itemlayout>
                    <focusedlayout>	
                        <control type="label">									
                            <label>$INFO[Container(1501).ListItem.FileNameAndPath]</label>
                        </control> 		
                    </focusedlayout>
                    <content>plugin://script.embuary.helper/?info=getbydbid&dbid=$INFO[Window.Property(DBID)]&type=movie</content>
                    <visible>System.HasAddon(script.embuary.helper)</visible>
                </control>	
                <control type="label">
                    <visible>String.IsEqual(Window.Property(content),1000)</visible>
                    <visible>Control.HasFocus(1000)</visible>
                    <left>750</left>
                    <right>SidePad</right>
                    <top>300</top>
					<textcolor>Dark1</textcolor>
					<include>DefDialogInfoHeader</include>
                    <label>$INFO[Window.Property(title)] $LOCALIZE[206] ($INFO[Container(1000).NumItems])</label>
                    <include>Animation.DelayFadeIn</include>
                </control>
                <control type="label">
                    <right>SidePad</right>
                    <left>540</left>
                    <bottom>264</bottom>
                    <height>50</height>
                    <font>Mini</font>
                    <scroll>true</scroll>
                    <textcolor>Dark3</textcolor>
                    <label>$INFO[Container(1000).NumItems,, $LOCALIZE[31101]  •  ]$INFO[Container(1000).CurrentPage,, $LOCALIZE[20163] ]$INFO[Container(1000).NumPages,, $LOCALIZE[31243]]</label>
                    <aligny>center</aligny>
                    <align>right</align>
                    <visible>Control.HasFocus(1000)</visible>
                    <include>Animation.DelayFadeIn</include>
					<visible>false</visible>
                </control>
                <control type="label">
                    <visible>String.IsEqual(Window.Property(content),150)</visible>
                    <visible>Control.HasFocus(150)</visible>
                    <left>750</left>
                    <right>SidePad</right>
                    <top>300</top>
					<textcolor>Dark1</textcolor>
					<include>DefDialogInfoHeader</include>
                    <label>$INFO[Window.Property(title),$LOCALIZE[31204] ,] ($INFO[Container(150).NumItems])</label>
                    <include>Animation.DelayFadeIn</include>
                </control>
				<control type="label">
                    <visible>String.IsEqual(Window.Property(content),1350)</visible>
                    <visible>Control.HasFocus(1350)</visible>
                    <left>570</left>
                    <right>SidePad</right>
                    <top>220</top>
					<textcolor>Dark1</textcolor>
					<include>DefDialogInfoHeader</include>
                    <label>$INFO[Window.Property(title)] - Fanart ($INFO[Container(1350).NumItems])</label>
                    <include>Animation.DelayFadeIn</include>
                </control>
                <control type="label">
                    <right>SidePad</right>
                    <left>540</left>
                    <bottom>264</bottom>
                    <height>50</height>
                    <font>Mini</font>
                    <scroll>true</scroll>
                    <textcolor>Dark3</textcolor>
                    <label>$INFO[Container(150).NumItems,, $LOCALIZE[31101]  •  ]$INFO[Container(150).CurrentPage,, $LOCALIZE[20163] ]$INFO[Container(150).NumPages,, $LOCALIZE[31243]]</label>
                    <aligny>center</aligny>
                    <align>right</align>
                    <visible>Control.HasFocus(150)</visible>
                    <include>Animation.DelayFadeIn</include>
					<visible>false</visible>
                </control>
                <control type="label">
                    <visible>String.IsEqual(Window.Property(content),350)</visible>
                    <visible>Control.HasFocus(350)</visible>
                    <left>570</left>
                    <right>SidePad</right>
                    <top>220</top>
                    
                    
					<textcolor>Dark1</textcolor>
					<include>DefDialogInfoHeader</include>
                    <label>$INFO[Window.Property(title)] $ADDON[script.extendedinfo 32118] ($INFO[Container(350).NumItems])</label>
                    <include>Animation.DelayFadeIn</include>
                </control>
                <control type="label">
                    <right>SidePad</right>
                    <left>540</left>
                    <bottom>264</bottom>
                    <height>50</height>
                    <font>Mini</font>
                    <scroll>true</scroll>
                    <textcolor>Dark3</textcolor>
                    <label>$INFO[Container(350).NumItems,, $LOCALIZE[31101]  •  ]$INFO[Container(350).CurrentPage,, $LOCALIZE[20163] ]$INFO[Container(350).NumPages,, $LOCALIZE[31243]]</label>
                    <aligny>center</aligny>
                    <align>right</align>
                    <visible>Control.HasFocus(350)</visible>
                    <include>Animation.DelayFadeIn</include>
					<visible>false</visible>
                </control>
                <control type="label">
                    <visible>String.IsEqual(Window.Property(content),750)</visible>
                    <visible>Control.HasFocus(750)</visible>
                    <left>750</left>
                    <right>SidePad</right>
                    <top>300</top>
					<textcolor>Dark1</textcolor>
					<include>DefDialogInfoHeader</include>
                    <label>$INFO[Window.Property(title)] $ADDON[script.extendedinfo 32115] ($INFO[Container(750).NumItems])</label>
                    <include>Animation.DelayFadeIn</include>
                </control>
                <control type="label">
                    <right>SidePad</right>
                    <left>540</left>
                    <bottom>264</bottom>
                    <height>50</height>
                    <font>Mini</font>
                    <scroll>true</scroll>
                    <textcolor>Dark3</textcolor>
                    <label>$INFO[Container(750).NumItems,, $LOCALIZE[31101]  •  ]$INFO[Container(750).CurrentPage,, $LOCALIZE[20163] ]$INFO[Container(750).NumPages,, $LOCALIZE[31243]]</label>
                    <aligny>center</aligny>
                    <align>right</align>
                    <visible>Control.HasFocus(750)</visible>
                    <include>Animation.DelayFadeIn</include>
					<visible>false</visible>
                </control>

                <!-- Info -->
                <control type="group">
                    <left>540</left>
                    <right>SidePad</right>
                    <bottom>224</bottom>
                    <top>PosterPad</top>
                    <visible>String.IsEmpty(Window.Property(content))</visible>
					<include>Animation.FadeIn</include>
                    <control type="grouplist">
                        <left>30</left>
                        <right>30</right>
                        <itemgap>0</itemgap>
                        <control type="label">
                            <description>Header Label</description>
                            <textcolor>Dark1</textcolor>
                            <include>DefDialogInfoHeader</include>
                            <label>$VAR[LabelExtendedDialogInfo]</label>
                        </control>
                        <control type="group">
                            <height>50</height>
                            <control type="label">
                                <posy>-10</posy>
                                <width>100%</width>
                                <height>36</height>
                                <font>Tiny</font>
                                <textcolor>Dark2</textcolor>
                                <label fallback="19055">$VAR[LabelExtendedDialogInfoTagline]</label>
                                <aligny>center</aligny>
                            </control>
                        </control>
                        <control type="group">
                            <visible>String.IsEmpty(Window.Property(content))</visible>
                            <height>36</height>
                            <control type="label">
                                <width>100%</width>
                                <height>36</height>
                                <font>Tiny</font>
                                <textcolor>Dark1</textcolor>
                                <label>[B]$LOCALIZE[345][/B]</label>
                                <aligny>center</aligny>
                            </control>
                            <control type="label">
                                <left>150</left>
                                <width>100%</width>
                                <height>36</height>
                                <font>Tiny</font>
                                <textcolor>Dark2</textcolor>
                                <label fallback="19055">$INFO[Window.Property(ReleaseDate),, ]$INFO[Window.Property(Status),(,)]</label>
                                <aligny>center</aligny>
                            </control>
                        </control>
                        <control type="group">
                            <visible>String.IsEmpty(Window.Property(content))</visible>
                            <height>36</height>
                            <control type="label">
                                <width>100%</width>
                                <height>36</height>
                                <font>Tiny</font>
                                <textcolor>Dark1</textcolor>
                                <label>[B]$LOCALIZE[563][/B]</label>
                                <aligny>center</aligny>
                            </control>
                            <control type="label">
                                <left>150</left>
                                <width>100%</width>
                                <height>36</height>
                                <font>Tiny</font>
                                <textcolor>Dark2</textcolor>
                                <label fallback="19055">$INFO[Window.Property(mpaa)]</label>
                                <aligny>center</aligny>
                            </control>
                        </control>
                        <control type="group">
                            <visible>String.IsEmpty(Window.Property(content))</visible>
                            <height>36</height>
                            <control type="label">
                                <width>100%</width>
                                <height>36</height>
                                <font>Tiny</font>
                                <textcolor>Dark1</textcolor>
                                <label>[B]$LOCALIZE[2050][/B]</label>
                                <aligny>center</aligny>
                            </control>
                            <control type="label">
                                <left>150</left>
                                <width>100%</width>
                                <height>36</height>
                                <font>Tiny</font>
                                <textcolor>Dark2</textcolor>
                                <label fallback="19055">$INFO[Window.Property(duration),, $LOCALIZE[12391]]</label>
                                <aligny>center</aligny>
                            </control>
                        </control>
                        <control type="group">
                            <visible>String.IsEmpty(Window.Property(content))</visible>
                            <height>36</height>
                            <control type="label">
                                <width>100%</width>
                                <height>36</height>
                                <font>Tiny</font>
                                <textcolor>Dark1</textcolor>
                                <label>[B]$ADDON[script.extendedinfo 32109][/B]</label>
                                <aligny>center</aligny>
                            </control>
                            <control type="label">
                                <left>150</left>
                                <width>100%</width>
                                <height>36</height>
                                <font>Tiny</font>
                                <textcolor>Dark2</textcolor>
                                <label fallback="19055">$INFO[Window.Property(Budget),$,]</label>
                                <aligny>center</aligny>
                            </control>
                        </control>
                        <control type="group">
                            <visible>String.IsEmpty(Window.Property(content))</visible>
                            <height>36</height>
                            <control type="label">
                                <width>100%</width>
                                <height>36</height>
                                <font>Tiny</font>
                                <textcolor>Dark1</textcolor>
                                <label>[B]$ADDON[script.extendedinfo 32108][/B]</label>
                                <aligny>center</aligny>
                            </control>
                            <control type="label">
                                <left>150</left>
                                <width>100%</width>
                                <height>36</height>
                                <font>Tiny</font>
                                <textcolor>Dark2</textcolor>
                                <label fallback="19055">$INFO[Window.Property(Revenue),$,]</label>
                                <aligny>center</aligny>
                            </control>
                        </control>
                        <control type="group">
                            <visible>String.IsEmpty(Window.Property(content))</visible>
                            <height>36</height>
                            <control type="label">
                                <width>100%</width>
                                <height>36</height>
                                <font>Tiny</font>
                                <textcolor>Dark1</textcolor>
                                <label>[B]$LOCALIZE[572][/B]</label>
                                <aligny>center</aligny>
                            </control>
                            <control type="label">
                                <left>150</left>
                                <width>100%</width>
                                <height>36</height>
                                <font>Tiny</font>
                                <textcolor>Dark2</textcolor>
                                <label fallback="19055">$INFO[Window.Property(studio)]</label>
                                <aligny>center</aligny>
                            </control>
                        </control>
                        <control type="group">
                            <visible>String.IsEmpty(Window.Property(content))</visible>
                            <height>36</height>
                            <control type="label">
                                <width>100%</width>
                                <height>36</height>
                                <font>Tiny</font>
                                <textcolor>Dark1</textcolor>
                                <label>[B]$LOCALIZE[515][/B]</label>
                                <aligny>center</aligny>
                            </control>
                            <control type="label">
                                <left>150</left>
                                <width>100%</width>
                                <height>36</height>
                                <font>Tiny</font>
                                <textcolor>Dark2</textcolor>
                                <label fallback="19055">$INFO[Window.Property(genre)]</label>
                                <aligny>center</aligny>
                            </control>
                        </control>
                        <control type="group">
                            <visible>String.IsEmpty(Window.Property(content))</visible>
                            <height>36</height>
                            <control type="label">
                                <width>100%</width>
                                <height>36</height>
                                <font>Tiny</font>
                                <textcolor>Dark1</textcolor>
                                <label>[B]$LOCALIZE[20339][/B]</label>
                                <aligny>center</aligny>
                            </control>
                            <control type="label">
                                <left>150</left>
                                <width>100%</width>
                                <height>36</height>
                                <font>Tiny</font>
                                <textcolor>Dark2</textcolor>
                                <label fallback="19055">$INFO[Window.Property(director)]</label>
                                <aligny>center</aligny>
                            </control>
                        </control>
                      
                        <control type="label">
                            <width>100%</width>
                            <height>36</height>
                            <font>Tiny</font>
                            <textcolor>Dark1</textcolor>
                            <label></label>
                            <aligny>center</aligny>
                        </control>
                        <control type="textbox">
                            <visible>String.IsEmpty(Window.Property(content))</visible>
                            <width>100%</width>
                            <height>78</height>
                            <font>Tiny</font>
                            <textcolor>Dark2</textcolor>
                            <align>justify</align>
                            <label>$INFO[Window.Property(plot)]</label>
                        </control>
                        
                    </control>
                </control>

                <control type="wraplist" id="150">
                    <visible allowhiddenfocus="true">String.IsEqual(Window.Property(content),150)</visible>
                    <onleft>150</onleft>
                    <onright>150</onright>
                    <include>DefExtendedInfoList</include>
                </control>
                <control type="list" id="250"><visible>false</visible></control>
                <control type="wraplist" id="350">
                    <visible allowhiddenfocus="true">String.IsEqual(Window.Property(content),350)</visible>
                    <onleft>350</onleft>
                    <onright>350</onright>
                    <include>DefExtendedInfoListWide</include>
                </control>
                <control type="list" id="450"><visible>false</visible></control>
                <control type="list" id="550"><visible>false</visible></control>
                <control type="list" id="650"><visible>false</visible></control>
                <control type="wraplist" id="750">
                    <visible allowhiddenfocus="true">String.IsEqual(Window.Property(content),750)</visible>
                    <onleft>750</onleft>
                    <onright>750</onright>
                    <include>DefExtendedInfoList</include>
                </control>
                <control type="list" id="850"><visible>false</visible></control>
                <control type="list" id="950"><visible>false</visible></control>
                <control type="wraplist" id="1000">
                    <visible allowhiddenfocus="true">String.IsEqual(Window.Property(content),1000)</visible>
                    <onleft>1000</onleft>
                    <onright>1000</onright>
                    <include>DefExtendedInfoList</include>
                </control>
                <control type="list" id="1050"><visible>false</visible></control>
                <control type="wraplist" id="1150">
                    <visible allowhiddenfocus="true">String.IsEqual(Window.Property(content),1150)</visible>
                    <onleft>1150</onleft>
                    <onright>1150</onright>
                    <include>DefExtendedInfoListWide</include>
                </control>
                <control type="list" id="1250"><visible>false</visible></control>
                <control type="wraplist" id="1350">
                    <visible allowhiddenfocus="true">String.IsEqual(Window.Property(content),1350)</visible>
                    <onleft>1350</onleft>
                    <onright>1350</onright>
                    <include>DefExtendedInfoListWide</include>
                
				</control>
                <control type="list" id="1450"><visible>false</visible></control>
            </control>
        </control>
		<control type="label">
			<right>83</right>
			<bottom>175</bottom>
			<height>50</height>
			<font>Mini</font>
			<scroll>false</scroll>
			<textcolor>Dark3</textcolor>
			<label>$VAR[DialogInfoLabel]</label>
			<aligny>center</aligny>
			<align>right</align>
			<visible>ControlGroup(9000).HasFocus() + !Skin.HasSetting(olddialogbuttons)</visible>
			<include>Animation.FadeIn</include>
			<include>Animation.FadeOut</include>
		</control>       
        
    </controls>

</window>
