<window>
    <defaultcontrol always="true">52</defaultcontrol>
    
    <backgroundcolor>0</backgroundcolor>
    <onload condition="String.IsEmpty(Window(home).Property(SkinInitStarted)) + !String.IsEmpty(Skin.String(StartupPlaylist))">PlayMedia($ESCINFO[Skin.String(StartupPlaylist)])</onload>
    <onload>SetProperty(SkinInitStarted,1,home)</onload>
    <controls>
        <control type="group">
            <visible>!Player.HasVideo</visible>
            <visible>!String.IsEmpty(Window(home).Property(SkinInitStarted))</visible>
            <include>GlobalBackground</include>
            <include>Furniture_Header</include>
            <include>Furniture_Clock</include>
            <include>Furniture_Weather</include>
            <include>Furniture_NowPlaying</include>
            <control type="list" id="52">
                <visible>!Window.IsVisible(ProfileSettings.xml)</visible>
                <posx>635</posx>
                <posy>360</posy>
                <width>650</width>
                <height>360</height>
                <onleft>61</onleft>
                <onright>noop</onright>
                <onup>52</onup>
                <ondown>52</ondown>
                <pagecontrol>61</pagecontrol>
                <scrolltime tween="cubic" easing="out">500</scrolltime>
                <movement>1</movement>
                <itemlayout height="120">
                    <control type="label">
                        <posx>140</posx>
                        <posy>22</posy>
                        <width>490</width>
                        <height>40</height>
                        <textcolor>Dark1</textcolor>
                        <font>SmallBold</font>
                        <label>$INFO[ListItem.Label]</label>
                    </control>
                    <control type="label">
                        <posx>140</posx>
                        <posy>61</posy>
                        <width>490</width>
                        <height>40</height>
                        <textcolor>Dark2</textcolor>
                        <label>$INFO[ListItem.Label2]</label>
                        <font>Font-ListInfo</font>
                    </control>
                </itemlayout>
                <focusedlayout height="120">
                    <control type="image">                                
                        <left>8</left>
                        <centertop>50%</centertop>
                        <width>111</width>
                        <height>111</height>
                        <aspectratio scalediffuse="false">scale</aspectratio>
                        <texture diffuse="diffuse/dialogselect.png" fallback="DefaultAddonNone.png">$INFO[Listitem.Icon]</texture>
                        <animation effect="slide" start="0,120" end="0,0" time="300" reversible="false" tween="back" easing="out" condition="Container(52).OnPrevious">Focus</animation>
                        <animation effect="slide" start="0,-120" end="0,0" time="300" reversible="false" tween="back" easing="out" condition="Container(52).OnNext">Focus</animation>
                        <visible>!Skin.HasSetting(global.hidecirles)</visible>
                    </control>
                    <control type="image">                                
                        <left>8</left>
                        <centertop>50%</centertop>
                        <width>111</width>
                        <height>111</height>
                        <aspectratio scalediffuse="false">scale</aspectratio>
                        <texture fallback="DefaultAddonNone.png">$INFO[Listitem.Icon]</texture>
                        <animation effect="slide" start="0,120" end="0,0" time="300" reversible="false" tween="back" easing="out" condition="Container(52).OnPrevious">Focus</animation>
                        <animation effect="slide" start="0,-120" end="0,0" time="300" reversible="false" tween="back" easing="out" condition="Container(52).OnNext">Focus</animation>
                        <visible>Skin.HasSetting(global.hidecirles)</visible>
                    </control>
          
                    <control type="group">
                        <animation type="Focus" condition="Container(52).OnNext | Container(52).OnPrevious" reversible="false">
                            <effect type="fade" start="50" end="100" time="300" tween="sine" easing="inout" />
                        </animation>
                        <animation effect="fade" start="100" end="50" time="300" tween="sine" easing="inout" condition="!Control.HasFocus(52)">Conditional</animation>
                        <control type="label">
                            <posx>140</posx>
                            <posy>22</posy>
                            <width>490</width>
                            <height>40</height>
                            <font>SmallBold</font>
                            <textcolor>Dark1</textcolor>
                            <label>$INFO[ListItem.Label]</label>
                        </control>
                        <control type="label">
                            <posx>140</posx>
                            <posy>61</posy>
                            <width>490</width>
                            <height>40</height>
                            <textcolor>Dark2</textcolor>
                            <label>$INFO[ListItem.Label2]</label>
                            <font>Font-ListInfo</font>
                        </control>
                    </control>
                </focusedlayout>
            </control>
        </control>
    </controls>
</window>
