<?xml version="1.0" encoding="UTF-8"?>
<!-- Foundation -->
<window type="dialog" id="1120">
    <zorder>1</zorder>
    <defaultcontrol always="true">9000</defaultcontrol>
    <controls>
        <include>GlobalOverlay</include>
        <include>Animation.Common</include>
        <control type="group">
            <centerleft>50%</centerleft>
            <centertop>50%</centertop>
            <width>468</width>
            <top>180</top>
            <control type="image">
                <left>-8</left>
                <top>-20</top>
                <right>10</right>
                <bottom>15</bottom>
                <colordiffuse>White100</colordiffuse>
                <texture border="16">common/rounded-shadow8.png</texture>
            </control>
            <control type="group">
                <left>17</left>
                <top>0</top>
                <control type="label">
                    <description>Header Label</description>
                    <left>70</left>
                    <width>1000</width>
                    <posy>0</posy>
                    <include>FontTop</include>
                    <textcolor>Dark2</textcolor>
                    <label>14018</label>
                </control>
                <include>Kodi_Logo</include>

                <!-- Lines -->
                <control type="image">
                    <top>70</top>
                    <left>17</left>
                    <width>385</width>
                    <height>1</height>
                    <bottom>10</bottom>
                    <colordiffuse>Black12</colordiffuse>
                    <texture>common/white.png</texture>
                </control>
            </control>
            <control type="group">
                <height>490</height>
                <left>-20</left>
                <top>-18</top>
                <control type="image">
                    <description>arrow image</description>
                    <centerleft>50%</centerleft>
                    <posy>-20</posy>
                    <width>16</width>
                    <height>16</height>
                    <texture colordiffuse="White70" flipy="true">common/arrow-small.png</texture>
                </control>
                <control type="image">
                    <description>arrow image</description>
                    <centerleft>50%</centerleft>
                    <posy>723</posy>
                    <width>16</width>
                    <height>16</height>
                    <texture colordiffuse="White70" flipy="false">common/arrow-small.png</texture>
                </control>
            </control>
            <control type="image">
                <top>90</top>
                <left>0</left>
                <height>70</height>
                <width>450</width>
                <texture colordiffuse="$VAR[ColorSelectOtherBar]">common/white.png</texture>
                <visible>ControlGroup(9000).HasFocus()</visible>
                <animation effect="slide" end="0,75" time="0" condition="Integer.IsGreater(Container(9000).Position,0)">Conditional</animation>
                <animation effect="slide" end="0,75" time="0" condition="Integer.IsGreater(Container(9000).Position,1)">Conditional</animation>
                <animation effect="slide" end="0,75" time="0" condition="Integer.IsGreater(Container(9000).Position,2)">Conditional</animation>
                <animation effect="slide" end="0,75" time="0" condition="Integer.IsGreater(Container(9000).Position,3)">Conditional</animation>
                <animation effect="slide" end="0,75" time="0" condition="Integer.IsGreater(Container(9000).Position,4)">Conditional</animation>
                <animation effect="slide" end="0,75" time="0" condition="Integer.IsGreater(Container(9000).Position,5)">Conditional</animation>
                <animation effect="slide" end="0,75" time="0" condition="Integer.IsGreater(Container(9000).Position,6)">Conditional</animation>
            </control>
            <control type="grouplist" id="9000">
                <top>90</top>
                <height>595</height>
                <scrolltime>0</scrolltime>
                <onright>Dialog.Close(1120)</onright>
                <onleft>Dialog.Close(1120)</onleft>
                <usecontrolcoords>true</usecontrolcoords>
                <control type="button" id="80" description="SELECT OSD">
                    <include>DefContextButtonGradient</include>
                    <align>left</align>
                    <label>37740</label>
                    <label2>$VAR[OSDMusicTypeLabel]</label2>
                    <onclick condition="!Skin.HasSetting(osd.usethemeNewOSD)">Skin.Reset(osd.usethemeNewOSDSide)</onclick>
                    <onclick condition="!Skin.HasSetting(osd.usethemeNewOSD)">Skin.ToggleSetting(osd.usethemeNewOSD)</onclick>
                    <onclick condition="Skin.HasSetting(osd.usethemeNewOSD)">Skin.Reset(osd.usethemeNewOSDSide)</onclick>
                    <onclick condition="Skin.HasSetting(osd.usethemeNewOSD)">Skin.ToggleSetting(osd.usethemeNewOSD)</onclick>
                </control>
                <control type="radiobutton" id="81">
                    <description>Filter</description>
                    <include>DefContextButtonGradient</include>
                    <align>left</align>
                    <label>37535</label>
                    <selected>Skin.HasSetting(musicosd.showvideolyrics)</selected>
                    <onclick>Skin.ToggleSetting(musicosd.showvideolyrics)</onclick>
                    <disabledcolor>$VAR[OSDPanelWhite12]</disabledcolor>
                    <onclick condition="!System.HasAddon(script.cu.lrclyrics)">InstallAddon(script.cu.lrclyrics)</onclick>
                </control>
                <control type="radiobutton" id="85">
                    <description>Filter</description>
                    <include>DefContextButtonGradient</include>
                    <align>left</align>
                    <label>37807</label>
                    <selected>Skin.HasSetting(osd.morecontrast)</selected>
                    <onclick>Skin.ToggleSetting(osd.morecontrast)</onclick>
                    <disabledcolor>$VAR[OSDPanelWhite12]</disabledcolor>
                </control>
                <control type="radiobutton" id="92">>
                    <description>Filter</description>
                    <include>DefContextButtonGradient</include>
                    <label>37548</label>
                    <align>left</align>
                    <selected>Skin.HasSetting(hideseekbaronlyrics)</selected>
                    <onclick>Skin.ToggleSetting(hideseekbaronlyrics)</onclick>
                </control>
                <control type="radiobutton" id="93">>
                    <description>Filter</description>
                    <include>DefContextButtonGradient</include>
                    <label>37712</label>
                    <align>left</align>
                    <selected>Skin.HasSetting(HideMusicOSDOnLyrics)</selected>
                    <onclick>Skin.ToggleSetting(HideMusicOSDOnLyrics)</onclick>
                </control>
                <control type="radiobutton" id="107" description="Match theme">
                    <include>DefContextButtonGradient</include>
                    <align>left</align>
                    <label>37655</label>
                    <selected>Skin.HasSetting(HideMusicScrollingText)</selected>
                    <onclick>Skin.ToggleSetting(HideMusicScrollingText)</onclick>
                </control>
                <control type="radiobutton" id="108">
                    <description>Handlung</description>
                    <include>DefContextButtonGradient</include>
                    <label>31218</label>
                    <align>left</align>
                    <selected>Skin.HasSetting(musicosd.numericrating)</selected>
                    <onclick>Skin.ToggleSetting(musicosd.numericrating)</onclick>
                </control>
                <control type="radiobutton" id="114">
                    <description>Filter</description>
                    <include>DefContextButtonGradient</include>
                    <label>37511</label>
                    <align>left</align>
                    <selected>Skin.HasSetting(ShowMusicCD)</selected>
                    <onclick>Skin.ToggleSetting(ShowMusicCD)</onclick>
                </control>
                <control type="button" id="115">
                    <include>DefContextButtonGradient</include>
                    <align>left</align>
                    <label>$LOCALIZE[37855]:</label>
                    <label2>$VAR[OSDDiscArtLabel]</label2>
                    <onclick condition="!Skin.HasSetting(ShowVinylMusicOSD) + !Skin.HasSetting(ShowFakeMusicOSD)">Skin.ToggleSetting(ShowVinylMusicOSD)</onclick>
                    <onclick condition="Skin.HasSetting(ShowVinylMusicOSD)">Skin.ToggleSetting(ShowFakeMusicOSD)</onclick>
                    <onclick condition="Skin.HasSetting(ShowFakeMusicOSD)">Skin.Reset(ShowFakeMusicOSD)</onclick>
                    <onclick condition="Skin.HasSetting(ShowVinylMusicOSD)">Skin.Reset(ShowVinylMusicOSD)</onclick>
                    <enable>Skin.HasSetting(ShowMusicCD)</enable>
                </control>
                <control type="radiobutton" id="116">
                    <description>Filter</description>
                    <include>DefContextButtonGradient</include>
                    <label>37510</label>
                    <align>left</align>
                    <selected>Skin.HasSetting(ALternativeCD)</selected>
                    <onclick>Skin.ToggleSetting(ALternativeCD)</onclick>
                    <disabledcolor>$VAR[OSDPanelWhite12]</disabledcolor>
                    <enable>Skin.HasSetting(ShowMusicCD)</enable>
                </control>
                <control type="radiobutton" id="119">
                    <description>Filter</description>
                    <include>DefContextButtonGradient</include>
                    <label>21891</label>
                    <align>left</align>
                    <selected>Skin.HasSetting(osd.artistinfos)</selected>
                    <onclick>Skin.ToggleSetting(osd.artistinfos)</onclick>
                </control>
                <control type="button" id="122" description="SELECT ART">
                    <include>DefContextButtonGradient</include>
                    <align>left</align>
                    <label>37780</label>
                    <label2>$VAR[OSDMusicArtLabel]</label2>
                    <onclick condition="!Skin.HasSetting(ShowClearLogoMusicOSD) + !Skin.HasSetting(ShowClearArtMusicOSD)">Skin.ToggleSetting(ShowClearLogoMusicOSD)</onclick>
                    <onclick condition="Skin.HasSetting(ShowClearLogoMusicOSD)">Skin.ToggleSetting(ShowClearArtMusicOSD)</onclick>
                    <onclick condition="Skin.HasSetting(ShowClearLogoMusicOSD)">Skin.Reset(ShowClearLogoMusicOSD)</onclick>
                    <onclick condition="Skin.HasSetting(ShowClearArtMusicOSD)">Skin.Reset(ShowClearArtMusicOSD)</onclick>
                </control>
                <control type="radiobutton" id="130" description="Show Fanart">
                    <align>left</align>
                    <include>DefContextButtonGradient</include>
                    <label>31121</label>
                    <selected>Skin.HasSetting(musicvis.fanartfallback)</selected>
                    <enable>!System.HasAddon(script.artistslideshow) | Skin.HasSetting(ArtistSlideShow.Disabled)</enable>
                    <onclick>Skin.ToggleSetting(musicvis.fanartfallback)</onclick>
                </control>
                <control type="radiobutton" id="131" description="Show slideshow in background">
                    <align>left</align>
                    <include>DefContextButtonGradient</include>
                    <label>31118</label>
                    <enable>System.HasAddon(script.artistslideshow)</enable>
                    <selected>!Skin.HasSetting(ArtistSlideShow.Disabled)</selected>
                    <onclick>Skin.ToggleSetting(ArtistSlideShow.Disabled)</onclick>
                </control>
                <control type="radiobutton" id="132" description="Animate Artist slideshow">
                    <align>left</align>
                    <include>DefContextButtonGradient</include>
                    <label>37808</label>
                    <selected>Skin.HasSetting(ArtistSlideshow.Animate)</selected>
                    <onclick>Skin.ToggleSetting(ArtistSlideshow.Animate)</onclick>
                    <enable>Skin.HasSetting(musicvis.fanartfallback) | [!Skin.HasSetting(ArtistSlideShow.Disabled) + System.HasAddon(script.artistslideshow)]</enable>
                </control>
                <control type="radiobutton" id="135" description="Show slideshow in background">
                    <align>left</align>
                    <include>DefContextButtonGradient</include>
                    <label>31119</label>
                    <selected>Skin.HasSetting(OSDVisualisation.ShowFanart)</selected>
                    <onclick>Skin.ToggleSetting(OSDVisualisation.ShowFanart)</onclick>
                    <enable>Skin.HasSetting(musicvis.fanartfallback) | [!Skin.HasSetting(ArtistSlideShow.Disabled) + System.HasAddon(script.artistslideshow)]</enable>
                </control>
            </control>
        </control>
    </controls>
</window>