<window type="dialog">
    <defaultcontrol always="true">120</defaultcontrol>
    <controls>
        <control type="group">
            <posy>95</posy>
            <width>1630</width>
            <height>798</height>
            <include>DefDialogInfoPanel</include>
            <control type="label" id="100">
                <description>Header Label</description>
                <left>100</left>
                <width>1000</width>
                <posy>20</posy>
                <include>FontTop</include>
                <textcolor>Dark2</textcolor>
            </control>
            <include content="Kodi_Logo">
                <param name="dimensions" value="40"/>
                <param name="top" value="35"/>
                <param name="left" value="45"/>
            </include>

            <!-- Lines -->
            <control type="image">
                <top>90</top>
                <left>45</left>
                <width>1540</width>
                <height>1</height>
                <bottom>10</bottom>
                <colordiffuse>Black12</colordiffuse>
                <texture>common/white.png</texture>
            </control>

            <!-- Header Image -->
            <control type="image" id="110">
                <right>50</right>
                <top>25</top>
                <width>275</width>
                <height>50</height>
                <aspectratio align="right" aligny="top">keep</aspectratio>
            </control>

            <!-- Subs List -->
            <control type="list" id="120">
                <left>15</left>
                <posy>110</posy>
                <width>1100</width>
                <height>621</height>
                <onup>120</onup>
                <onleft>150</onleft>
                <onright>150</onright>
                <ondown>120</ondown>
                <itemlayout height="69" width="1100">
                    <control type="image">
                        <posx>28</posx>
                        <posy>12</posy>
                        <width>44</width>
                        <height>44</height>
                        <texture fallback="DefaultAddonNone.png">subs/$INFO[ListItem.Thumb].png</texture>
                    </control>
                    <control type="image">
                        <left>97</left>
                        <top>22</top>
                        <width>100</width>
                        <height>24</height>
                        <aspectratio align="left">keep</aspectratio>
                        <texture>subs/icon_close_caption.png</texture>
                        <visible>!ListItem.property(hearing_imp)</visible>
                        <colordiffuse>Black30</colordiffuse>
                        <animation effect="fade" start="100" end="25" condition="true">Conditional</animation>
                    </control>
                    <control type="image">
                        <left>160</left>
                        <top>22</top>
                        <width>100</width>
                        <height>24</height>
                        <aspectratio align="left">keep</aspectratio>
                        <texture>subs/icon_sync.png</texture>
                        <visible>!ListItem.property(sync)</visible>
                        <colordiffuse>Black30</colordiffuse>
                        <animation effect="fade" start="100" end="25" condition="true">Conditional</animation>
                    </control>
                    <control type="image">
                        <left>107</left>
                        <top>22</top>
                        <width>100</width>
                        <height>24</height>
                        <aspectratio align="left">keep</aspectratio>
                        <colordiffuse>Black70</colordiffuse>
                        <texture>subs/icon_close_caption.png</texture>
                        <visible>ListItem.property(hearing_imp)</visible>
                    </control>
                    <control type="image">
                        <left>160</left>
                        <top>22</top>
                        <width>100</width>
                        <height>24</height>
                        <aspectratio align="left">keep</aspectratio>
                        <texture>subs/icon_sync.png</texture>
                        <colordiffuse>Black70</colordiffuse>
                        <visible>ListItem.property(sync)</visible>
                    </control>
                    <control type="label">
                        <posx>257</posx>
                        <width>810</width>
                        <height>66</height>
                        <aligny>center</aligny>
                        <label>$INFO[ListItem.Label,,  •  ]$INFO[ListItem.Label2]</label>
                        <textcolor>Black70</textcolor>
                        <font>Small</font>
                    </control>
                </itemlayout>
                <focusedlayout height="69" width="1100">
                    <control type="image">
                        <height>66</height>
                        <width>100%</width>
                        <texture border="5" colordiffuse="$VAR[ColorSelectOtherBar]">common/box.png</texture>
                    </control>
                    <control type="image">
                        <width>100%</width>
                        <height>66</height>
                        <texture border="8" colordiffuse="$VAR[ColorHighlightOtherBar]">common/gradient-box-wide.png</texture>
                    </control>
                    <control type="image">
                        <posx>28</posx>
                        <posy>12</posy>
                        <width>44</width>
                        <height>44</height>
                        <texture fallback="DefaultAddonNone.png">subs/$INFO[ListItem.Thumb].png</texture>
                    </control>
                    <control type="image">
                        <left>97</left>
                        <top>22</top>
                        <width>100</width>
                        <height>24</height>
                        <aspectratio align="left">keep</aspectratio>
                        <texture>subs/icon_close_caption.png</texture>
                        <visible>!ListItem.property(hearing_imp)</visible>
                        <colordiffuse>White30</colordiffuse>
                        <animation effect="fade" start="100" end="25" condition="true">Conditional</animation>
                    </control>
                    <control type="image">
                        <left>160</left>
                        <top>22</top>
                        <width>100</width>
                        <height>24</height>
                        <aspectratio align="left">keep</aspectratio>
                        <texture>subs/icon_sync.png</texture>
                        <visible>!ListItem.property(sync)</visible>
                        <colordiffuse>White30</colordiffuse>
                        <animation effect="fade" start="100" end="25" condition="true">Conditional</animation>
                    </control>
                    <control type="image">
                        <left>107</left>
                        <top>22</top>
                        <width>100</width>
                        <height>24</height>
                        <colordiffuse>White100</colordiffuse>
                        <aspectratio align="left">keep</aspectratio>
                        <texture>subs/icon_close_caption.png</texture>
                        <visible>ListItem.property(hearing_imp)</visible>
                    </control>
                    <control type="image">
                        <left>160</left>
                        <top>22</top>
                        <width>100</width>
                        <height>24</height>
                        <colordiffuse>White100</colordiffuse>
                        <aspectratio align="left">keep</aspectratio>
                        <texture>subs/icon_sync.png</texture>
                        <visible>ListItem.property(sync)</visible>
                    </control>
                    <control type="label">
                        <posx>257</posx>
                        <width>810</width>
                        <height>66</height>
                        <aligny>center</aligny>
                        <label>$INFO[ListItem.Label,,  •  ]$INFO[ListItem.Label2]</label>
                        <textcolor>White100</textcolor>
                        <font>Small</font>
                        <scroll>true</scroll>
                    </control>
                </focusedlayout>
            </control>

            <!-- Search Labels -->
            <control type="label" id="140">
                <description>Content Picker label</description>
                <posx>295</posx>
                <bottom>15</bottom>
                <width>1438</width>
                <align>left</align>
                <textcolor>Black30</textcolor>
                <visible>false</visible>
            </control>
            <control type="label">
                <description>Content Picker label</description>
                <left>45</left>
                <right>30</right>
                <bottom>15</bottom>
                <align>left</align>
                <font>Tiny</font>
                <textcolor>Black70</textcolor>
                <label>$INFO[Control.GetLabel(140),,   ]$INFO[Player.FileName]</label>
            </control>

            <!-- Manual Search -->
            <control type="image">
                <posx>1130</posx>
                <posy>110</posy>
                <height>66</height>
                <width>485</width>
                <texture colordiffuse="$VAR[ColorSelectOtherBar]">common/white.png</texture>
                <visible>Control.HasFocus(160)</visible>
            </control>
            <control type="button" id="160">
                <posx>1130</posx>
                <posy>110</posy>
                <width>485</width>
                <height>66</height>
                <label>413</label>
                <ondown>150</ondown>
                <onleft>120</onleft>
                <align>left</align>
                <textcolor>Black30</textcolor>
                <focusedcolor>White100</focusedcolor>
                <texturefocus border="5" colordiffuse="$VAR[ColorHighlightOtherBar]">common/gradient-box-wide.png</texturefocus>
                <texturenofocus border="5" colordiffuse="Black12">common/box.png</texturenofocus>
            </control>

            <!-- Providers -->
            <control type="list" id="150">
                <description>Button Area</description>
                <posx>1130</posx>
                <posy>179</posy>
                <width>485</width>
                <height>552</height>
                <onleft>120</onleft>
                <onright>120</onright>
                <onup>160</onup>
                <ondown>120</ondown>
                <orientation>vertical</orientation>
                <scrolltime>0</scrolltime>
                <itemlayout height="69" width="485">
                    <control type="image">
                        <height>66</height>
                        <width>100%</width>
                        <texture border="5" colordiffuse="Black12">common/box.png</texture>
                    </control>
                    <control type="label">
                        <left>30</left>
                        <right>30</right>
                        <height>66</height>
                        <aligny>center</aligny>
                        <label>$INFO[ListItem.Label]</label>
                        <textcolor>Black30</textcolor>
                        <selectedcolor>Highlight2</selectedcolor>
                    </control>
                </itemlayout>
                <focusedlayout height="69" width="485">
                    <control type="image">
                        <height>66</height>
                        <width>100%</width>
                        <texture border="5" colordiffuse="$VAR[ColorSelectOtherBar]">common/box.png</texture>
                        <visible>Control.HasFocus(150)</visible>
                    </control>
                    <control type="image">
                        <width>100%</width>
                        <height>66</height>
                        <texture border="8" colordiffuse="$VAR[ColorHighlightOtherBar]">common/gradient-box-wide.png</texture>
                        <visible>Control.HasFocus(150)</visible>
                    </control>
                    <control type="image">
                        <height>69</height>
                        <width>100%</width>
                        <texture border="5" colordiffuse="Black12">common/box.png</texture>
                        <visible>!Control.HasFocus(150)</visible>
                    </control>
                    <control type="label">
                        <left>30</left>
                        <right>30</right>
                        <height>66</height>
                        <aligny>center</aligny>
                        <label>$INFO[ListItem.Label]</label>
                        <textcolor>Black30</textcolor>
                        <selectedcolor>Highlight2</selectedcolor>
                        <visible>!Control.HasFocus(150)</visible>
                    </control>
                    <control type="label">
                        <left>30</left>
                        <right>30</right>
                        <height>66</height>
                        <aligny>center</aligny>
                        <label>$INFO[ListItem.Label]</label>
                        <textcolor>White100</textcolor>
                        <selectedcolor>Highlight2</selectedcolor>
                        <visible>Control.HasFocus(150)</visible>
                    </control>
                </focusedlayout>
            </control>
        </control>
    </controls>
</window>
