<?xml version="1.0" encoding="UTF-8"?>
<!-- Foundation -->
<window id="3">
    <defaultcontrol always="true">20</defaultcontrol>
    <controls>
        <include>GlobalBackground</include>
        <include>Furniture_Header</include>
        <include>Furniture_Clock</include>
        <include>Furniture_NowPlaying</include>
        <include>Furniture_Weather</include>
        <control type="group">
            <include>Animation.Common</include>
            <control type="group">
                <description>Left panel</description>
                <left>SidePad</left>
                <top>PosterPad</top>
                <height>598</height>
                <width>865</width>
                <control type="image">
                    <width>100%</width>
                    <height>100%</height>
                    <texture border="5" colordiffuse="Panel">common/box.png</texture>
                </control>                
                <control type="label" id="101">
                    <description>Header Label</description>
                    <top>15</top>
                    <left>30</left>
                    <right>30</right>
                    <align>left</align>
                    <font>MediumBold</font>
                    <textcolor>PanelWhite100</textcolor>
                </control>
                <control type="image">
                    <top>85</top>
                    <left>30</left>
                    <right>30</right>
                    <height>1</height>
                    <bottom>10</bottom>
                    <colordiffuse>Black12</colordiffuse>
                    <texture>common/white.png</texture>
                </control>
                <include content="scrollbar_filemanager">
                    <param name="scrollid" value="1824"/>
                    <param name="onleft" value="20"/>
                    <param name="onright" value="21"/>
                </include>
                <include content="scrollbar_filemanager">
                    <param name="scrollid" value="1825"/>
                    <param name="onleft" value="21"/>
                    <param name="onright" value="20"/>
                    <param name="left" value="1770"/>
                </include>
                <control type="list" id="20">
                    <description>Left File List</description>
                    <left>0</left>
                    <top>105</top>
                    <right>0</right>
                    <height>483</height>
                    <onleft>21</onleft>
                    <onright>1824</onright>
                    <pagecontrol>1824</pagecontrol>
                    <onup>20</onup>
                    <ondown>20</ondown>
                    <itemlayout height="69" width="865">
                        <control type="label">
                            <posx>30</posx>
                            <width>715</width>
                            <align>left</align>
                            <textcolor>PanelWhite70</textcolor>
                            <info>ListItem.Label</info>
                        </control>
                        <control type="label">
                            <right>30</right>
                            <width>150</width>
                            <align>right</align>
                            <font>Tiny</font>
                            <textcolor>PanelWhite70</textcolor>
                            <info>ListItem.Label2</info>
                        </control>
                    </itemlayout>
                    <focusedlayout height="69" width="865">
                        <control type="image">
                            <width>100%</width>
                            <height>66</height>
                            <texture border="5" colordiffuse="$VAR[ColorSelectOtherBar]">common/white.png</texture>
                            <animation effect="fade" start="100" end="33" condition="!Control.HasFocus(20) + !Control.HasFocus(1824)">Conditional</animation>
                        </control>
                        <control type="image">
                            <width>100%</width>
                            <height>66</height>
                            <texture border="8" colordiffuse="$VAR[ColorHighlightOtherBar]">common/gradient-box-wide-cut.png</texture>
                            <animation effect="fade" start="100" end="33" condition="!Control.HasFocus(20) + !Control.HasFocus(1824)">Conditional</animation>
                        </control>
                        <control type="label">
                            <posx>30</posx>
                            <width>720</width>
                            <align>left</align>
                            <textcolor>Selected</textcolor>
                            <info>ListItem.Label</info>
                        </control>
                        <control type="label">
                            <right>30</right>
                            <width>720</width>
                            <align>right</align>
                            <textcolor>Selected</textcolor>
                            <font>Tiny</font>
                            <info>ListItem.Label2</info>
                        </control>
                    </focusedlayout>
                </control>
                <control type="label" id="12">
                    <description>Header Label</description>
                    <posx>23</posx>
                    <posy>882</posy>
                    <width>480</width>
                    <align>left</align>
                    <label>-</label>
                </control>
            </control>
            <control type="group">
                <description>Right panel</description>
                <right>SidePad</right>
                <top>PosterPad</top>
                <height>598</height>
                <width>870</width>
                <control type="image">
                    <width>100%</width>
                    <height>100%</height>
                    <texture border="5" colordiffuse="Panel">common/box.png</texture>
                </control>
                <control type="label" id="102">
                    <description>Header Label</description>
                    <top>15</top>
                    <left>30</left>
                    <right>30</right>
                    <align>left</align>
                    <font>MediumBold</font>
                    <textcolor>PanelWhite100</textcolor>
                </control>
                <control type="image">
                    <top>85</top>
                    <left>30</left>
                    <right>30</right>
                    <height>1</height>
                    <bottom>10</bottom>
                    <colordiffuse>Black12</colordiffuse>
                    <texture>common/white.png</texture>
                </control>
                <control type="list" id="21">
                    <description>Left File List</description>
                    <left>0</left>
                    <top>105</top>
                    <right>0</right>
                    <height>483</height>
                    <onleft>20</onleft>
                    <onright>1825</onright>
                    <pagecontrol>1825</pagecontrol>
                    <onup>21</onup>
                    <ondown>21</ondown>
                    <itemlayout height="69" width="870">
                        <control type="label">
                            <posx>30</posx>
                            <width>720</width>
                            <align>left</align>
                            <textcolor>PanelWhite70</textcolor>
                            <info>ListItem.Label</info>
                        </control>
                        <control type="label">
                            <right>30</right>
                            <width>150</width>
                            <align>right</align>
                            <font>Tiny</font>
                            <textcolor>PanelWhite70</textcolor>
                            <info>ListItem.Label2</info>
                        </control>
                    </itemlayout>
                    <focusedlayout height="69" width="870">
                        <control type="image">
                            <width>100%</width>
                            <height>66</height>
                            <texture border="5" colordiffuse="$VAR[ColorSelectOtherBar]">common/white.png</texture>
                            <animation effect="fade" start="100" end="33" condition="!Control.HasFocus(21) + !Control.HasFocus(1825)">Conditional</animation>
                        </control>
                        <control type="image">
                            <width>100%</width>
                            <height>66</height>
                            <texture border="8" colordiffuse="$VAR[ColorHighlightOtherBar]">common/gradient-box-wide-cut.png</texture>
                            <animation effect="fade" start="100" end="33" condition="!Control.HasFocus(21) + !Control.HasFocus(1825)">Conditional</animation>
                        </control>
                        <control type="label">
                            <posx>30</posx>
                            <width>720</width>
                            <align>left</align>
                            <textcolor>Selected</textcolor>
                            <info>ListItem.Label</info>
                        </control>
                        <control type="label">
                            <right>30</right>
                            <width>720</width>
                            <align>right</align>
                            <textcolor>Selected</textcolor>
                            <font>Tiny</font>
                            <info>ListItem.Label2</info>
                        </control>
                    </focusedlayout>
                </control>
                <control type="label" id="22">
                    <description>Header Label</description>
                    <posx>23</posx>
                    <posy>882</posy>
                    <width>480</width>
                    <align>left</align>
                    <label>-</label>
                </control>
            </control>
        </control>
    </controls>
</window>
