<?xml version="1.0" encoding="UTF-8"?>
<window>
    <menucontrol>9000</menucontrol>
    <background>0</background>
    <defaultcontrol always="true">10</defaultcontrol>
    <views>10</views>
    <controls>
        <include>GlobalBackground</include>
        <include>Furniture_Header</include>
        <include>Furniture_NowPlaying</include>
        <include>Furniture_Clock</include>
        <include>Furniture_Weather</include>
        <control type="group" id="50">
            <control type="group">
                <visible>Control.IsVisible(10)</visible>
                <include>Animation.Common</include>
                <left>SidePad</left>
                <right>SidePad</right>
                <top>PosterPad</top>
                <height>640</height>
                <control type="image">
                    <left>-8</left>
                    <right>-8</right>
                    <top>2</top>
                    <bottom>-8</bottom>
                    <texture colordiffuse="Panel" border="16">common/rounded-shadow8.png</texture>
                </control>
                <control type="image">
                    <left>-1</left>
                    <top>9</top>
                    <right>-1</right>
                    <bottom>-1</bottom>
                    <texture colordiffuse="Box2" border="4" background="true">common/box21.png</texture>
                    <visible>!Skin.HasSetting(thumbnails.white)</visible>
                </control>
                <control type="group">
                    <top>500</top>
                    <bottom>10</bottom>
                    <left>30</left>
                    <right>30</right>
                    <visible>!Skin.HasSetting(pvr.fullepg)</visible>
                    <control type="group">
                        <orientation>horizontal</orientation>
                        <width>1460</width>
                        <top>-10</top>
                        <control type="label">
                            <width max="800">auto</width>
                            <aligny>center</aligny>
                            <height>64</height>
                            <font>SmallBold</font>
                            <textcolor>PanelWhite100</textcolor>
                            <selectedcolor>PanelWhite100</selectedcolor>
                            <label>$INFO[ListItem.Title]</label>
                        </control>
                        <control type="label">
                            <visible>!String.IsEmpty(ListItem.Genre)</visible>
                            <width max="600">auto</width>
                            <aligny>center</aligny>
                            <align>right</align>
                            <right>0</right>
                            <height>64</height>
                            <font>SmallBold</font>
                            <textcolor>PanelWhite100</textcolor>
                            <selectedcolor>PanelWhite100</selectedcolor>
                            <label>$INFO[ListItem.Genre,, • ]$INFO[ListItem.StartTime]$INFO[ListItem.EndTime, - ,]</label>
                        </control>
                    </control>
                    <control type="textbox">
                        <top>50</top>
                        <right>240</right>
                        <height>67</height>
                        <align>justify</align>
                        <font>Tiny</font>
                        <textcolor>PanelWhite70</textcolor>
                        <selectedcolor>PanelWhite70</selectedcolor>
                        <label>$INFO[ListItem.Plot]</label>
                    </control>
                    <control type="image">
                        <right>-15</right>
                        <top>-3</top>
                        <width>240</width>
                        <bottom>0</bottom>
                        <aspectratio align="center" aligny="center">keep</aspectratio>
                        <texture>$INFO[ListItem.Icon]</texture>
                    </control>
                </control>
                <control type="radiobutton" id="11441">
                    <top>11</top>
                    <right>0</right>
                    <font>Button</font>
                    <textcolor>Dark2</textcolor>
                    <width>80</width>
                    <height>80</height>
                    <radioposx>20</radioposx>
                    <radioposy>18</radioposy>
                    <radiowidth>48</radiowidth>
                    <onup>10</onup>
                    <ondown>10</ondown>
                    <onleft>11</onleft>
                    <onclick>SetFocus(9000)</onclick>
                    <onright>SetFocus(11,0,absolute)</onright>
                    <visible>!Control.HasFocus(10)</visible>
                    <include>Animation.FadeIn</include>
                    <include>Animation.FadeOut</include>
                    <texturenofocus colordiffuse="Dark4" border="0">buttonsdialogs/boxsquare.png</texturenofocus>
                    <texturefocus colordiffuse="$VAR[ColorHighlight]" border="0">buttonsdialogs/boxsquare.png</texturefocus>
                    <textureradioonfocus colordiffuse="$VAR[ColorHighlight]">buttonsdialogs/settings.png</textureradioonfocus>
                    <textureradioonnofocus colordiffuse="FFFFFFFF">buttonsdialogs/settings.png</textureradioonnofocus>
                    <textureradioofffocus colordiffuse="$VAR[ColorHighlight]">buttonsdialogs/settings.png</textureradioofffocus>
                    <textureradiooffnofocus colordiffuse="FFFFFFFF">buttonsdialogs/settings.png</textureradiooffnofocus>
                </control>
                <control type="list" id="11">
                    <top>11</top>
                    <height>100</height>
                    <left>0</left>
                    <right>SidePad</right>
                    <onup condition="!Skin.HasSetting(global.kioskmode)">9000</onup>
                    <onright>11441</onright>
                    <onleft>11441</onleft>
                    <width>1650</width>
                    <onup>10</onup>
                    <ondown>10</ondown>
                    <visible allowhiddenfocus="true">!Control.HasFocus(10) | ControlGroup(9000).HasFocus()</visible>
                    <include>Animation.FadeIn</include>
                    <include>Animation.FadeOut</include>
                    <orientation>horizontal</orientation>
                    <viewtype label="535">list</viewtype>
                    <scrolltime tween="quadratic">400</scrolltime>
                    <itemlayout width="275" height="54">
                        <include>11epglayout</include>
                    </itemlayout>
                    <focusedlayout width="275" height="54">
                        <control type="group">
                            <visible>Control.HasFocus(11) + !Control.HasFocus(10)</visible>
                            <include>11focusepglayout</include>
                        </control>
                        <control type="group">
                            <visible>!Control.HasFocus(11) + !Control.HasFocus(10)</visible>
                            <include>11epglayout</include>
                        </control>
                    </focusedlayout>
                </control>
                <control type="epggrid" id="10" description="EPG">
                    <left>0</left>
                    <top>0</top>
                    <width>1760</width>
                    <include content="def_height" condition="Skin.HasSetting(pvr.fullepg)">
                        <param name="height" value="630"/>
                    </include>
                    <include content="def_height" condition="!Skin.HasSetting(pvr.fullepg)">
                        <param name="height" value="490"/>
                    </include>
                    <include content="def_progresstexture" condition="Skin.HasSetting(pvr.fullepg)">
                        <param name="progresstexture" value="pvr/progressline2.png"/>
                    </include>
                    <include content="def_progresstexture" condition="!Skin.HasSetting(pvr.fullepg)">
                        <param name="progresstexture" value="pvr/progressline.png"/>
                    </include>
                    <onleft>28</onleft>
                    <onup>11</onup>
                    <viewtype label="19069">list</viewtype>
                    <scrolltime tween="quadratic">300</scrolltime>
                    <timeblocks>40</timeblocks>
                    <rulerunit>6</rulerunit>
                    <rulerlayout height="70" width="260">
                        <control type="label" id="2">
                            <include>Animation.FadeIn</include>
                            <visible>Control.HasFocus(10)</visible>
                            <posx>10</posx>
                            <posy>30</posy>
                            <width>200</width>
                            <align>left</align>
                            <aligny>top</aligny>
                            <font>EPGTimeline</font>
                            <label>$INFO[ListItem.Label]</label>
                            <textcolor>PanelWhite100</textcolor>
                        </control>
                    </rulerlayout>
                    <channellayout height="70" width="460">
                        <control type="image" id="2">
                            <width>92</width>
                            <height>69</height>
                            <texture border="5">common/white.png</texture>
                            <colordiffuse>Black12</colordiffuse>
                        </control>
                        <control type="image" id="2">
                            <width>138</width>
                            <left>93</left>
                            <height>69</height>
                            <texture border="5">common/white.png</texture>
                            <colordiffuse>Black12</colordiffuse>
                        </control>
                        <control type="image" id="2">
                            <left>232</left>
                            <width>226</width>
                            <height>69</height>
                            <texture border="5">common/white.png</texture>
                            <colordiffuse>Black12</colordiffuse>
                        </control>
                        <control type="image">
                            <width>100%</width>
                            <height>100%</height>
                            <texture>common/selected.png</texture>
                            <aspectratio aligny="top">center</aspectratio>
                            <animation effect="fade" start="100" end="10" condition="true">Conditional</animation>
                            <visible>ListItem.IsPlaying</visible>
                        </control>
                        <control type="label">
                            <posx>253</posx>
                            <width>190</width>
                            <aligny>center</aligny>
                            <height>67</height>
                            <font>ChannelInfo</font>
                            <textcolor>PanelWhite100</textcolor>
                            <label>$INFO[ListItem.ChannelName]</label>
                        </control>
                        <control type="label">
                            <centerleft>45</centerleft>
                            <width>90</width>
                            <align>center</align>
                            <aligny>center</aligny>
                            <height>67</height>
                            <font>ChannelInfo</font>
                            <textcolor>PanelWhite100</textcolor>
                            <label>$INFO[ListItem.ChannelNumberLabel]</label>
                        </control>
                        <control type="image">
                            <top>2</top>
                            <bottom>2</bottom>
                            <right>247</right>
                            <width>100</width>
                            <texture>$INFO[ListItem.Icon]</texture>
                            <aspectratio aligny="center" align="center">keep</aspectratio>
                        </control>
                    </channellayout>
                    <focusedchannellayout height="70" width="460">
                        <control type="image" id="2">
                            <width>92</width>
                            <height>69</height>
                            <texture border="5">common/white.png</texture>
                            <colordiffuse>Black12</colordiffuse>
                        </control>
                        <control type="image" id="2">
                            <width>138</width>
                            <left>93</left>
                            <height>69</height>
                            <texture border="5">common/white.png</texture>
                            <colordiffuse>Black12</colordiffuse>
                        </control>
                        <control type="image" id="2">
                            <left>232</left>
                            <width>226</width>
                            <height>69</height>
                            <texture border="5">common/white.png</texture>
                            <colordiffuse>Black12</colordiffuse>
                        </control>
                        <control type="image">
                            <width>100%</width>
                            <height>100%</height>
                            <texture colordiffuse="$VAR[ColorSelectOtherBar]">common/white.png</texture>
                            <visible>!Control.HasFocus(11) + !Control.HasFocus(11441)</visible>
                        </control>
                        <control type="image">
                            <width>100%</width>
                            <height>100%</height>
                            <texture border="5" colordiffuse="$VAR[ColorHighlightOtherBar]">common/gradient-box-wide.png</texture>
                            <visible>!Control.HasFocus(11) + !Control.HasFocus(11441)</visible>
                        </control>
                        <control type="image">
                            <width>100%</width>
                            <height>100%</height>
                            <texture>common/selected.png</texture>
                            <aspectratio aligny="top">center</aspectratio>
                            <animation effect="fade" start="100" end="10" condition="true">Conditional</animation>
                            <visible>ListItem.IsPlaying</visible>
                        </control>
                        <control type="label">
                            <posx>253</posx>
                            <width>190</width>
                            <aligny>center</aligny>
                            <height>67</height>
                            <font>ChannelInfo</font>
                            <textcolor>Selected</textcolor>
                            <label>$INFO[ListItem.ChannelName]</label>
                        </control>
                        <control type="label">
                            <centerleft>45</centerleft>
                            <width>90</width>
                            <align>center</align>
                            <aligny>center</aligny>
                            <height>67</height>
                            <font>ChannelInfo</font>
                            <textcolor>Selected</textcolor>
                            <label>$INFO[ListItem.ChannelNumberLabel]</label>
                        </control>
                        <control type="image">
                            <top>2</top>
                            <bottom>2</bottom>
                            <right>247</right>
                            <width>100</width>
                            <texture>$INFO[ListItem.Icon]</texture>
                            <aspectratio aligny="center" align="center">keep</aspectratio>
                        </control>
                    </focusedchannellayout>
                    <itemlayout height="70" width="260">
                        <control type="image" id="2">
                            <width>259</width>
                            <height>69</height>
                            <texture border="5">common/white.png</texture>
                            <colordiffuse>Black12</colordiffuse>
                        </control>
                        <control type="image" id="2">
                            <width>257</width>
                            <height>67</height>
                            <texture>pvrgenre/$INFO[ListItem.Property(GenreType)].png</texture>
                            <aspectratio>scale</aspectratio>
                            <colordiffuse>5fffffff</colordiffuse>
                        </control>
                        <control type="image">
                            <posy>6</posy>
                            <width>52</width>
                            <height>52</height>
                            <texture>special://skin/extras/icons/timer.png</texture>
                            <colordiffuse>PanelWhite70</colordiffuse>
                            <visible>ListItem.HasTimer | ListItem.IsRecording</visible>
                        </control>
                        <control type="label" id="1">
                            <posx>0</posx>
                            <height>66</height>
                            <width>285</width>
                            <textoffsetx>50</textoffsetx>
                            <textcolor>PanelWhite70</textcolor>
                            <label>$INFO[ListItem.Label]</label>
                            <visible>ListItem.HasTimer | ListItem.IsRecording</visible>
                        </control>
                        <control type="label" id="1">
                            <posx>12</posx>
                            <top>0</top>
                            <width>226</width>
                            <height>67</height>
                            <font>ChannelInfo</font>
                            <textcolor>PanelWhite70</textcolor>
                            <textoffsetx>0</textoffsetx>
                            <label>$INFO[ListItem.Label]</label>
                            <visible>!ListItem.HasTimer + !ListItem.IsRecording</visible>
                        </control>
                        <!--<control type="label" id="1">
                            <posx>32</posx>
                            <top>13</top>
                            <width>226</width>
                            <height>67</height>
                            <font>ChannelTiny</font>
                            <textcolor>PanelWhite70</textcolor>
                            <textoffsetx>0</textoffsetx>
                            <label>$INFO[ListItem.StartTime,(,]$INFO[ListItem.EndTime, - ,)]</label>
                            <visible>!ListItem.HasTimer + !ListItem.IsRecording + !String.IsEmpty(ListItem.Label)</visible>
                        </control>-->
                    </itemlayout>
                    <focusedlayout height="70" width="260">
                        <control type="image" id="2">
                            <width>259</width>
                            <height>69</height>
                            <texture border="5">common/white.png</texture>
                            <visible>Control.HasFocus(11) | Control.HasFocus(11441)</visible>
                            <colordiffuse>Black12</colordiffuse>
                        </control>
                        <control type="image" id="2">
                            <width>258</width>
                            <height>69</height>
                            <visible>!Control.HasFocus(11) + !Control.HasFocus(11441)</visible>
                            <texture border="5">common/white.png</texture>
                        </control>                        
                        <control type="image" id="2">
                            <width>256</width>
                            <height>67</height>
                            <left>1</left>
                            <top>1</top>
                            <visible>!Control.HasFocus(11) + !Control.HasFocus(11441)</visible>
                            <texture colordiffuse="$VAR[ColorSelectOtherBar]">common/white.png</texture>
                            <colordiffuse>$VAR[ColorHighlight]</colordiffuse>
                        </control>
                        <control type="image" id="2">
                            <width>256</width>
                            <height>67</height>
                            <left>1</left>
                            <top>1</top>
                            <visible>!Control.HasFocus(11) + !Control.HasFocus(11441)</visible>
                            <texture border="8" colordiffuse="$VAR[ColorHighlightOtherBar]">common/gradient-box-wide.png</texture>
                            <colordiffuse>$VAR[ColorHighlight]</colordiffuse>
                        </control>
                        <control type="image">
                            <width>256</width>
                            <height>67</height>
                            <left>1</left>
                            <top>1</top>
                            <texture>common/selected.png</texture>
                            <aspectratio aligny="top">center</aspectratio>
                            <animation effect="fade" start="100" end="100" condition="true">Conditional</animation>
                            <visible>ListItem.IsPlaying</visible>
                        </control>
                        <control type="image">
                            <posy>6</posy>
                            <width>52</width>
                            <height>52</height>
                            <texture>special://skin/extras/icons/timer.png</texture>
                            <colordiffuse>Selected</colordiffuse>
                            <visible>ListItem.HasTimer | ListItem.IsRecording</visible>
                        </control>
                        <control type="label" id="1">
                            <posx>0</posx>
                            <height>66</height>
                            <width>285</width>
                            <textoffsetx>50</textoffsetx>
                            <textcolor>Selected</textcolor>
                            <label>$INFO[ListItem.Label]</label>
                            <visible>ListItem.HasTimer | ListItem.IsRecording</visible>
                        </control>
                        <control type="label" id="1">
                            <posx>12</posx>
                            <top>0</top>
                            <width>226</width>
                            <height>67</height>
                            <font>ChannelInfo</font>
                            <textcolor>Selected</textcolor>
                            <textoffsetx>0</textoffsetx>
                            <label>$INFO[ListItem.Label]</label>
                            <visible>!ListItem.HasTimer + !ListItem.IsRecording</visible>
                        </control>
                        <!--<control type="label" id="1">
                            <posx>32</posx>
                            <top>13</top>
                            <width>226</width>
                            <height>67</height>
                            <font>ChannelTiny</font>
                            <textcolor>Selected</textcolor>
                            <textoffsetx>0</textoffsetx>
                            <label>$INFO[ListItem.StartTime,(,]$INFO[ListItem.EndTime, - ,)]</label>
                            <visible>!ListItem.HasTimer + !ListItem.IsRecording + !String.IsEmpty(ListItem.Label)</visible>
                        </control>-->
                    </focusedlayout>
                </control>
            </control>
        </control>
        <include>PVRSideBlade</include>
    </controls>
</window>