<?xml version="1.0" encoding="UTF-8"?>
<!-- Foundation -->
<includes>

    <include name="View_57_ExtraInfo">
        <description>List View (id=57)</description>
        <control type="group">
            <include>Animation.Common</include>
            <visible>Control.IsVisible(57)</visible>
            <!--<include>JumpBarHorizontal</include>-->
            <include>ViewSlideForJumpBar</include>
            <control type="group">
                <control type="list" id="57">
                    <oninfo condition="ListItem.IsCollection">ActivateWindow(1132)</oninfo>
                    <oninfo condition="Container.Content(actors)">RunScript(script.embuary.info,call=person,query='"$INFO[ListItem.Label]"')</oninfo>
                    <visible>String.Contains(Container.FolderPath,plugin://plugin.program.advanced.launcher/,left) | Container.Content(musicvideos) | Container.Content(artists) | Container.Content(movies) | Container.Content(tvshows) | Container.Content(episodes) | Container.Content(actors) | Container.Content(sets) | Container.Content(seasons) | Container.Content(videos)</visible>
                    <top>PosterPad</top>
                    <height>PosterH</height>
                    <right>SidePad</right>
                    <width>1100</width>
                    <onleft condition="!Skin.HasSetting(global.kioskmode)">9000</onleft>
                    <onright>1603</onright>
                    <onup>57</onup>
                    <ondown>57</ondown>
                    <focusposition>3</focusposition>
                    <movement>3</movement>
                    <pagecontrol>1603</pagecontrol>
                    <include content="forced_view" condition="Skin.HasSetting(enable.forcedviews)">
                        <param name="string" value="$LOCALIZE[31147]" />
                    </include>
                    <viewtype label="31147">list</viewtype>
                    <scrolltime tween="quadratic">400</scrolltime>
                    <itemlayout condition="!Skin.HasSetting(511ListInfo)" width="1100" height="64">
                        <include>50itemlayout</include>
                    </itemlayout>
                    <focusedlayout condition="!Skin.HasSetting(511ListInfo)" width="1100" height="64">
                        <control type="group">
                            <visible>!Control.HasFocus(60)</visible>
                            <include>50focuslayout</include>
                        </control>
                        <control type="group">
                            <visible>Control.HasFocus(60)</visible>
                            <include>50itemlayout</include>
                        </control>
                        <control type="button">
                            <visible>false</visible>
                            <onfocus condition="String.IsEqual(ListItem.DBType,tvshow) | String.IsEqual(ListItem.DBType,season)">RunScript(script.embuary.helper,action=calc,do='"round($INFO[ListItem.Property(WatchedEpisodes)] * 100 / $INFO[ListItem.Property(TotalEpisodes)])"',prop=MyResult)</onfocus>
                        </control>
                    </focusedlayout>
                    <itemlayout condition="Skin.HasSetting(511ListInfo)" width="1100" height="90">
                        <include>50itemlayout_info</include>
                    </itemlayout>
                    <focusedlayout condition="Skin.HasSetting(511ListInfo)" width="1100" height="90">
                        <control type="group">
                            <visible>!Control.HasFocus(60)</visible>
                            <include>50focuslayout_info</include>
                        </control>
                        <control type="group">
                            <visible>Control.HasFocus(60)</visible>
                            <include>50itemlayout_info</include>
                        </control>
                        <control type="button">
                            <visible>false</visible>
                            <onfocus condition="String.IsEqual(ListItem.DBType,tvshow) | String.IsEqual(ListItem.DBType,season)">RunScript(script.embuary.helper,action=calc,do='"round($INFO[ListItem.Property(WatchedEpisodes)] * 100 / $INFO[ListItem.Property(TotalEpisodes)])"',prop=MyResult)</onfocus>
                        </control>
                    </focusedlayout>
                </control>
                <control type="scrollbar" id="1603">
                    <include content="scrollbar_vertical">
                        <param name="scrollid" value="1603"/>
                    </include>
                </control>
            </control>
            <include content="Fanart_Info">
                <param name="posx" value="70"/>
            </include>
        </control>
    </include>

    <include name="View_57_ExtraInfo_LowList">
        <description>List View (id=57)</description>
        <control type="group">
            <include>Animation.Common</include>
            <visible>Control.IsVisible(57)</visible>
            <!--<include>JumpBarHorizontal</include>-->
            <include>ViewSlideForJumpBar</include>
            <control type="group">
                <posy>320</posy>
                <control type="fixedlist" id="57">
                    <oninfo condition="ListItem.IsCollection">ActivateWindow(1132)</oninfo>
                    <oninfo condition="Container.Content(actors)">RunScript(script.embuary.info,call=person,query='"$INFO[ListItem.Label]"')</oninfo>
                    <visible>String.Contains(Container.FolderPath,plugin://plugin.program.advanced.launcher/,left) | Container.Content(musicvideos) | Container.Content(artists) | Container.Content(movies) | Container.Content(tvshows) | [Container.Content(episodes) + !String.Contains(Container.FolderPath,plugin://,left)] | Container.Content(actors) | Container.Content(sets) | Container.Content(seasons) | Container.Content(videos)</visible>
                    <top>PosterPad</top>
                    <height>320</height>
                    <right>SidePad</right>
                    <width>1100</width>
                    <onleft condition="!Skin.HasSetting(global.kioskmode)">9000</onleft>
                    <onright>60</onright>
                    <onup>57</onup>
                    <ondown>57</ondown>
                    <focusposition>2</focusposition>
                    <movement>2</movement>
                    <pagecontrol>60</pagecontrol>
                    <include content="forced_view" condition="Skin.HasSetting(enable.forcedviews)">
                        <param name="string" value="$LOCALIZE[31147]" />
                    </include>
                    <viewtype label="31147">list</viewtype>
                    <scrolltime tween="quadratic">400</scrolltime>
                    <itemlayout condition="!Skin.HasSetting(511ListInfo)" width="1100" height="64">
                        <include>50itemlayout</include>
                    </itemlayout>
                    <focusedlayout condition="!Skin.HasSetting(511ListInfo)" width="1100" height="64">
                        <control type="group">
                            <visible>!Control.HasFocus(60)</visible>
                            <include>50focuslayout</include>
                        </control>
                        <control type="group">
                            <visible>Control.HasFocus(60)</visible>
                            <include>50itemlayout</include>
                        </control>
                        <control type="button">
                            <visible>false</visible>
                            <onfocus condition="String.IsEqual(ListItem.DBType,tvshow) | String.IsEqual(ListItem.DBType,season)">RunScript(script.embuary.helper,action=calc,do='"round($INFO[ListItem.Property(WatchedEpisodes)] * 100 / $INFO[ListItem.Property(TotalEpisodes)])"',prop=MyResult)</onfocus>
                        </control>
                    </focusedlayout>
                    <itemlayout condition="Skin.HasSetting(511ListInfo)" width="1100" height="90">
                        <include>50itemlayout_info</include>
                    </itemlayout>
                    <focusedlayout condition="Skin.HasSetting(511ListInfo)" width="1100" height="90">
                        <control type="group">
                            <visible>!Control.HasFocus(60)</visible>
                            <include>50focuslayout_info</include>
                        </control>
                        <control type="group">
                            <visible>Control.HasFocus(60)</visible>
                            <include>50itemlayout_info</include>
                        </control>
                        <control type="button">
                            <visible>false</visible>
                            <onfocus condition="String.IsEqual(ListItem.DBType,tvshow) | String.IsEqual(ListItem.DBType,season)">RunScript(script.embuary.helper,action=calc,do='"round($INFO[ListItem.Property(WatchedEpisodes)] * 100 / $INFO[ListItem.Property(TotalEpisodes)])"',prop=MyResult)</onfocus>
                        </control>
                    </focusedlayout>
                </control>
                <control type="scrollbar" id="60">
                    <onback>50</onback>
                    <centerright>60</centerright>
                    <posy>PosterPad</posy>
                    <height>320</height>
                    <width>8</width>
                    <onleft>50</onleft>
                    <onright condition="!Skin.HasSetting(global.kioskmode)">9000</onright>
                    <texturesliderbackground border="4" colordiffuse="Dark4">scrollbar/scrollv.png</texturesliderbackground>
                    <texturesliderbar border="4" colordiffuse="Dark3">scrollbar/scrollv.png</texturesliderbar>
                    <texturesliderbarfocus border="4" colordiffuse="Dark2">scrollbar/scrollv.png</texturesliderbarfocus>
                    <animation effect="fade" start="100" end="33" time="400" condition="!Control.HasFocus(60) + !Container.Scrolling">Conditional</animation>
                </control>
            </control>
            <include content="LowList_Info">
                <param name="left" value="70"/>
            </include>
        </control>
    </include>

    <include name="LowList_Info">
        <control type="group">
            <left>$PARAM[left]</left>
            <width>645</width>
            <top>206</top>
            <height>660</height>
            <control type="group">
                <left>12</left>
                <right>12</right>
                <posy>319</posy>
                <height>330</height>
                <control type="label">
                    <top>10</top>
                    <aligny>center</aligny>
                    <height>64</height>
                    <font>SmallBold</font>
                    <textcolor>Dark1</textcolor>
                    <selectedcolor>Dark1</selectedcolor>
                    <label>$VAR[LabelDirector]</label>
                </control>
                <control type="label">
                    <top>50</top>
                    <height>64</height>
                    <aligny>center</aligny>
                    <font>Tiny</font>
                    <textcolor>Dark1</textcolor>
                    <selectedcolor>Dark1</selectedcolor>
                    <label>$VAR[LabelGenre]</label>
                </control>
                <control type="textbox">
                    <top>125</top>
                    <bottom>17</bottom>
                    <align>justify</align>
                    <font>Tiny</font>
                    <textcolor>Dark2</textcolor>
                    <selectedcolor>Dark1</selectedcolor>
                    <label>$VAR[LabelPlotBox]</label>
                </control>
            </control>
        </control>
    </include>

    <include name="Fanart_Info">
        <control type="group">
            <left>$PARAM[posx]</left>
            <width>645</width>
            <top>206</top>
            <height>660</height>
            <control type="group">
                <height>370</height>
                <visible>[!Skin.HasSetting(57list.low) + Control.IsVisible(57)] | !Control.IsVisible(57)</visible>
                <visible>[!Skin.HasSetting(56media.low) + Control.IsVisible(56)] | !Control.IsVisible(56)</visible>
                <control type="image">
                    <width>100%</width>
                    <height>100%</height>
                    <texture border="10">common/$VAR[nofocus-shadow10]</texture>
                </control>
                <control type="image">
                    <left>10</left>
                    <top>10</top>
                    <right>10</right>
                    <bottom>10</bottom>
                    <texture colordiffuse="Fallback" border="4" background="true">common/diffuse_box.png</texture>
                </control>                
                <control type="image">
                    <left>10</left>
                    <top>10</top>
                    <right>10</right>
                    <bottom>10</bottom>
                    <fadetime>PosterFanartFadetime</fadetime>
                    <aspectratio align="center" aligny="center" scalediffuse="false">scale</aspectratio>
                    <texture diffuse="diffuse/diffuse_box.png" border="4" background="true">$VAR[FanartImage]</texture>
                    <visible>true</visible><!--default_true-->
                </control>
                <control type="image">
                    <left>9</left>
                    <top>9</top>
                    <right>9</right>
                    <bottom>9</bottom>
                    <texture colordiffuse="Box2" border="4" background="true">common/box21.png</texture>
                    <visible>!Skin.HasSetting(thumbnails.white)</visible>
                </control>
                <control type="image">
                    <left>10</left>
                    <top>10</top>
                    <right>10</right>
                    <bottom>10</bottom>
                    <fadetime>PosterFanartFadetime</fadetime>
                    <aspectratio align="center" aligny="center" scalediffuse="false">keep</aspectratio>
                    <texture background="true">$INFO[ListItem.Icon]</texture>
                    <visible>false</visible><!--default_false-->  
                </control>
            </control>
            <control type="group">
                <left>20</left>
                <right>20</right>
                <posy>370</posy>
                <height>290</height>
                <control type="label">
                    <top>8</top>
                    <aligny>center</aligny>
                    <height>64</height>
                    <width>500</width>
                    <font>SmallBold</font>
                    <textcolor>Dark1</textcolor>
                    <selectedcolor>Dark1</selectedcolor>
                    <label>$VAR[LabelDirector]</label>
                </control>
                <control type="label">
                    <top>48</top>
                    <height>64</height>
                    <include content="def_width" condition="!Skin.HasSetting(furniture.overlayinfobalken)">
                        <param name="width" value="100%"/>
                    </include>
                    <include content="def_width" condition="Skin.HasSetting(furniture.overlayinfobalken)">
                        <param name="width" value="510"/>
                    </include>
                    <aligny>center</aligny>
                    <font>Tiny</font>
                    <textcolor>Dark1</textcolor>
                    <selectedcolor>Dark1</selectedcolor>
                    <label>$VAR[LabelGenre]</label>
                </control>
                <control type="textbox">
                    <top>124</top>
                    <bottom>17</bottom>
                    <align>justify</align>
                    <font>Tiny</font>
                    <textcolor>Dark2</textcolor>
                    <selectedcolor>Dark1</selectedcolor>
                    <label>$VAR[LabelPlotBox]</label>
                </control>
            </control>
            <control type="group">
                <top>360</top>
                <left>518</left>
                <width>155</width>
                <height>155</height>
                <visible>Skin.HasSetting(furniture.overlayinfobalken) + !String.IsEqual(ListItem.Label,..) + !String.IsEqual(ListItem.DBType,set) + !Window.IsVisible(MyMusicNav.xml)</visible>
                <control type="group">
                    <control type="image" description="Back">
                        <top>0</top>
                        <left>1</left>
                        <width>137</width>
                        <height>137</height>
                        <aspectratio align="center" aligny="center">keep</aspectratio>
                        <texture border="0">progress/back3.png</texture>
                    </control>
                    <control type="group">
                        <visible>!String.IsEqual(ListItem.Label,..) + [Container.Content(movies) | Container.Content(episodes)]</visible>
                        <include>Animation.SwitchText</include>
                        <control type="image">
                            <visible>ListItem.IsResumable</visible>
                            <centertop>44%</centertop>
                            <width>139</width>
                            <height>139</height>
                            <texture colordiffuse="$VAR[ColorHighlight]">$INFO[ListItem.PercentPlayed,progress/circle/p,.png]</texture>
                        </control>
                        <control type="image">
                            <visible>String.Contains(ListItem.Overlay,OverlayWatched.png) + !ListItem.IsResumable</visible>
                            <centertop>44%</centertop>
                            <width>139</width>
                            <height>139</height>
                            <texture colordiffuse="$VAR[ColorHighlight]">progress/circle/p100.png</texture>
                        </control>
                    </control>
                </control>
                <control type="image">
                    <visible>!String.IsEqual(ListItem.Label,..) + [Container.Content(tvshows) | Container.Content(seasons)]</visible>
                    <width>139</width>
                    <height>139</height>
                    <centertop>44%</centertop>
                    <texture colordiffuse="$VAR[ColorHighlight]">progress/tvshows/p$INFO[Window(home).Property(MyResult)].png</texture>
                    <visible>String.IsEqual(ListItem.DBType,tvshow) | String.IsEqual(ListItem.DBType,season)</visible>
                    <include>Animation.SwitchText</include>
                </control>
                <control type="label">
                    <include>Animation.SwitchText</include>
                    <width>137</width>
                    <centertop>43%</centertop>
                    <align>center</align>
                    <label>$VAR[ProgressCircleLabel]</label>
                    <font>Small24</font>
                    <textcolor>Dark2</textcolor>
                </control>
            </control>
        </control>
    </include>
</includes>