<?xml version="1.0" encoding="UTF-8"?>
<!-- Foundation -->
<includes>

    <include name="View_55_Wall_Poster">
        <control type="group">
            <include>Animation.Common</include>
            <visible>Control.IsVisible(55)</visible>
            <!--<include>JumpBarHorizontal</include>-->
            <include>ViewSlideForJumpBar</include>
            <control type="panel" id="55">
                <oninfo condition="ListItem.IsCollection">ActivateWindow(1132)</oninfo>
                <visible>substring(Container.FolderPath,plugin://plugin.program.advanced.launcher/,left) | Container.Content(musicvideos) | Container.Content(movies) | Container.Content(tvshows) | Container.Content(seasons) | Container.Content(sets)</visible>
                <top>206</top>
                <right>70</right>
                <width>1332</width>
                <height>670</height>
                <onleft condition="!Skin.HasSetting(global.kioskmode)">9000</onleft>
                <onright>1604</onright>
                <onup>55</onup>
                <ondown>55</ondown>
                <preloaditems>2</preloaditems>
                <pagecontrol>1604</pagecontrol>
                <include content="forced_view" condition="Skin.HasSetting(enable.forcedviews)">
                    <param name="string" value="$LOCALIZE[536]" />
                </include>
                <viewtype label="536">list</viewtype>
                <scrolltime tween="quadratic">400</scrolltime>
                <itemlayout height="335" width="222">
                    <control type="image">
                        <left>2</left>
                        <top>0</top>
                        <right>0</right>
                        <bottom>10</bottom>
                        <texture border="10">common/$VAR[nofocus-shadow10]</texture>
                    </control>
                    <control type="image">
                        <left>12</left>
                        <top>10</top>
                        <right>10</right>
                        <bottom>20</bottom>
                        <texture colordiffuse="Fallback" border="4" background="true">common/box.png</texture>
                    </control>
                    <control type="image">
                        <left>11</left>
                        <top>9</top>
                        <right>9</right>
                        <bottom>19</bottom>
                        <texture colordiffuse="Box2" border="4" background="true">common/box21.png</texture>
                        <visible>!Skin.HasSetting(thumbnails.white)</visible>
                    </control>
                    <control type="image">
                        <left>12</left>
                        <top>10</top>
                        <right>10</right>
                        <bottom>20</bottom>
                        <aspectratio scalediffuse="false">scale</aspectratio>
                        <texture diffuse="diffuse/wall.png" background="true">$VAR[PosterImage]</texture>
                        <visible>true</visible><!--default_true-->
                    </control>
                    <control type="image">
                        <left>12</left>
                        <top>10</top>
                        <right>10</right>
                        <bottom>20</bottom>
                        <aspectratio scalediffuse="false">keep</aspectratio>
                        <texture diffuse="diffuse/wall.png" background="true">$INFO[ListItem.Icon]</texture>
                        <visible>false</visible><!--default_false-->  
                    </control>
                    <control type="label">
                        <align>center</align>
                        <aligny>center</aligny>
                        <width>50</width>
                        <right>7</right>
                        <top>6</top>
                        <height>50</height>
                        <textcolor>$VAR[WatchedBackingColor]</textcolor>
                        <font>SymbolPosterBackground</font>
                        <label>$VAR[WatchedBacking]</label>
                        <visible>!String.IsEqual(ListItem.Label,..)</visible>
                    </control>
                    <control type="label">
                        <align>center</align>
                        <aligny>center</aligny>
                        <width>50</width>
                        <right>7</right>
                        <top>6</top>
                        <height>50</height>
                        <textcolor>$VAR[WatchedLabelPosterColor]</textcolor>
                        <font>SymbolPoster</font>
                        <label>$VAR[WatchedLabelPoster]</label>
                        <visible>!String.IsEqual(ListItem.Label,..)</visible>
                    </control>
    
                <!-- ALternative Titelanzeigen -->
                    <control type="group">
                        <visible>Skin.HasSetting(wall.infooverlay) + !String.IsEqual(ListItem.Label,..)</visible>
                        <top>8</top>
                        <control type="image">
                            <top>257</top>
                            <width>200</width>
                            <height>50</height>
                            <left>12</left>
                            <texture colordiffuse="B3333333">common/black-back.png</texture>
                        </control>
                        <control type="label">
                            <top>255</top>
                            <width>180</width>
                            <height>50</height>
                            <left>20</left>
                            <font>Mini</font>
                            <textcolor>PanelWhite100</textcolor>
                            <label>$INFO[ListItem.Label]</label>
                        </control>
                    </control>
                </itemlayout>
                <focusedlayout height="335" width="222">
                    <control type="image">
                        <left>2</left>
                        <top>0</top>
                        <right>0</right>
                        <bottom>10</bottom>
                        <texture border="10">common/$VAR[nofocus-shadow10]</texture>
                    </control>
                    <control type="image">
                        <left>12</left>
                        <top>10</top>
                        <right>10</right>
                        <bottom>20</bottom>
                        <texture colordiffuse="Fallback" border="4" background="true">common/box.png</texture>
                    </control>
                    <control type="image">
                        <left>11</left>
                        <top>9</top>
                        <right>9</right>
                        <bottom>19</bottom>
                        <texture colordiffuse="Box2" border="4" background="true">common/box21.png</texture>
                        <visible>!Skin.HasSetting(thumbnails.white)</visible>
                    </control>
                    <control type="image">
                        <left>12</left>
                        <top>10</top>
                        <right>10</right>
                        <bottom>20</bottom>
                        <aspectratio scalediffuse="false">scale</aspectratio>
                        <texture diffuse="diffuse/wall.png" background="true">$VAR[PosterImage]</texture>
                        <visible>true</visible><!--default_true-->
                    </control>
                    <control type="image">
                        <left>12</left>
                        <top>10</top>
                        <right>10</right>
                        <bottom>20</bottom>
                        <aspectratio scalediffuse="false">keep</aspectratio>
                        <texture diffuse="diffuse/wall.png" background="true">$INFO[ListItem.Icon]</texture>
                        <visible>false</visible><!--default_false-->  
                    </control>
                    <control type="label">
                        <align>center</align>
                        <aligny>center</aligny>
                        <width>50</width>
                        <right>7</right>
                        <top>6</top>
                        <height>50</height>
                        <textcolor>$VAR[WatchedBackingColor]</textcolor>
                        <font>SymbolPosterBackground</font>
                        <label>$VAR[WatchedBacking]</label>
                        <visible>!String.IsEqual(ListItem.Label,..)</visible>
                    </control>
                    <control type="label">
                        <align>center</align>
                        <aligny>center</aligny>
                        <width>50</width>
                        <right>7</right>
                        <top>6</top>
                        <height>50</height>
                        <textcolor>$VAR[WatchedLabelPosterColor]</textcolor>
                        <font>SymbolPoster</font>
                        <label>$VAR[WatchedLabelPoster]</label>
                        <visible>!String.IsEqual(ListItem.Label,..)</visible>
                    </control>
    
                <!-- ALternative Titelanzeigen -->
                    <control type="group">
                        <visible>Skin.HasSetting(wall.infooverlay) + !String.IsEqual(ListItem.Label,..)</visible>
                        <top>8</top>
                        <control type="image">
                            <top>257</top>
                            <width>200</width>
                            <height>50</height>
                            <left>12</left>
                            <texture colordiffuse="B3333333">common/black-back.png</texture>
                        </control>
                        <control type="label">
                            <top>255</top>
                            <width>180</width>
                            <height>50</height>
                            <left>20</left>
                            <font>Mini</font>
                            <textcolor>PanelWhite100</textcolor>
                            <label>$INFO[ListItem.Label]</label>
                        </control>
                    </control>
                    <control type="image">
                        <include>Animation.SelectBoxHome</include>
                        <left>5</left>
                        <top>3</top>
                        <right>3</right>
                        <bottom>13</bottom>
                        <texture border="20" colordiffuse="$VAR[ColorSquares]">common/selectbox.png</texture>
                    </control>
                    <control type="image">
                        <include>Animation.SelectBoxHome</include>
                        <left>5</left>
                        <top>3</top>
                        <right>3</right>
                        <bottom>13</bottom>
                        <texture border="20" colordiffuse="$VAR[ColorHighlightSelectbox2]">common/gradient-selectbox.png</texture>
                    </control>
                </focusedlayout>
            </control>

            <!-- Scrollbar Start -->
            <control type="scrollbar" id="1604">
                <include content="scrollbar_vertical">
                    <param name="scrollid" value="1604"/>
                </include>
            </control>

            <!-- Scrollbar End -->
            <include>View_50_SidePoster</include>
        </control>
    </include>

    <include name="View_55_Wall_Info">
        <control type="group">
            <include>Animation.Common</include>
            <visible>Control.IsVisible(55)</visible>
            <!--<include>JumpBarHorizontal</include>-->
            <include>ViewSlideForJumpBar</include>
            <control type="panel" id="55">
                <oninfo condition="ListItem.IsCollection">ActivateWindow(1132)</oninfo>
                <visible>substring(Container.FolderPath,plugin://plugin.program.advanced.launcher/,left) | Container.Content(musicvideos) | Container.Content(movies) | Container.Content(tvshows) | Container.Content(seasons) | Container.Content(sets)</visible>
                <top>206</top>
                <right>70</right>
                <width>1135</width>
                <height>660</height>
                <onleft condition="!Skin.HasSetting(global.kioskmode)">9000</onleft>
                <onright>1605</onright>
                <onup>55</onup>
                <ondown>55</ondown>
                <preloaditems>2</preloaditems>
                <pagecontrol>1605</pagecontrol>
                <viewtype label="536">list</viewtype>
                <include content="forced_view" condition="Skin.HasSetting(enable.forcedviews)">
                    <param name="string" value="$LOCALIZE[536]" />
                </include>
                <scrolltime tween="quadratic">400</scrolltime>
                <itemlayout height="330" width="227">
                    <control type="image">
                        <width>100%</width>
                        <height>100%</height>
                        <texture border="10">common/$VAR[nofocus-shadow10]</texture>
                    </control>
                    <control type="image">
                        <left>10</left>
                        <top>10</top>
                        <right>10</right>
                        <bottom>10</bottom>
                        <texture colordiffuse="Fallback" border="4" background="true">common/box.png</texture>
                    </control>
                    <control type="image">
                        <left>9</left>
                        <top>9</top>
                        <right>9</right>
                        <bottom>9</bottom>
                        <texture colordiffuse="Box2" border="4" background="true">common/box21.png</texture>
                        <visible>!Skin.HasSetting(thumbnails.white)</visible>
                    </control>
                    <control type="image">
                        <left>10</left>
                        <top>10</top>
                        <right>10</right>
                        <bottom>10</bottom>
                        <aspectratio scalediffuse="false">scale</aspectratio>
                        <texture diffuse="diffuse/wall.png" background="true">$VAR[PosterImage]</texture>
                        <visible>true</visible><!--default_true-->
                    </control>
                    <control type="image">
                        <left>10</left>
                        <top>10</top>
                        <right>10</right>
                        <bottom>10</bottom>
                        <aspectratio scalediffuse="false">keep</aspectratio>
                        <texture diffuse="diffuse/wall.png" background="true">$INFO[ListItem.Icon]</texture>
                        <visible>false</visible><!--default_false-->  
                    </control>
                    <control type="label">
                        <align>center</align>
                        <aligny>center</aligny>
                        <width>50</width>
                        <right>7</right>
                        <top>6</top>
                        <height>50</height>
                        <textcolor>$VAR[WatchedBackingColor]</textcolor>
                        <font>SymbolPosterBackground</font>
                        <label>$VAR[WatchedBacking]</label>
                        <visible>!String.IsEqual(ListItem.Label,..)</visible>
                    </control>
                    <control type="label">
                        <align>center</align>
                        <aligny>center</aligny>
                        <width>50</width>
                        <right>7</right>
                        <top>6</top>
                        <height>50</height>
                        <textcolor>$VAR[WatchedLabelPosterColor]</textcolor>
                        <font>SymbolPoster</font>
                        <label>$VAR[WatchedLabelPoster]</label>
                        <visible>!String.IsEqual(ListItem.Label,..)</visible>
                    </control>
    
                    <!-- ALternative Titelanzeigen -->
                    <control type="group">
                        <visible>Skin.HasSetting(wall.infooverlay) + !String.IsEqual(ListItem.Label,..)</visible>
                        <top>13</top>
                        <control type="image">
                            <top>257</top>
                            <width>207</width>
                            <height>50</height>
                            <left>10</left>
                            <texture colordiffuse="B3333333">common/black-back.png</texture>
                        </control>
                        <control type="label">
                            <top>255</top>
                            <width>180</width>
                            <height>50</height>
                            <left>30</left>
                            <font>Mini</font>
                            <textcolor>PanelWhite100</textcolor>
                            <label>$INFO[ListItem.Label]</label>
                            <visible>!ListItem.IsPlaying</visible>
                        </control>
                        <control type="label">
                            <top>255</top>
                            <width>180</width>
                            <height>50</height>
                            <left>40</left>
                            <font>Mini</font>
                            <textcolor>PanelWhite100</textcolor>
                            <label>$INFO[ListItem.Label]</label>
                            <visible>ListItem.IsPlaying</visible>
                        </control>
                        <control type="image">
                            <top>268</top>
                            <left>12</left>
                            <height>28</height>
                            <width>28</width>
                            <texture colordiffuse="Highlight2">indicator/playwhite.png</texture>
                            <visible>ListItem.IsPlaying</visible>
                        </control>
                    </control>
                </itemlayout>
                <focusedlayout height="330" width="227">
                    <control type="group">
                        <control type="image">
                            <width>100%</width>
                            <height>100%</height>
                            <texture border="10">common/$VAR[nofocus-shadow10]</texture>
                        </control>
                        <control type="image">
                            <left>10</left>
                            <top>10</top>
                            <right>10</right>
                            <bottom>10</bottom>
                            <texture colordiffuse="Fallback" border="4" background="true">common/box.png</texture>
                        </control>
                        <control type="image">
                            <left>9</left>
                            <top>9</top>
                            <right>9</right>
                            <bottom>9</bottom>
                            <texture colordiffuse="Box2" border="4" background="true">common/box21.png</texture>
                            <visible>!Skin.HasSetting(thumbnails.white)</visible>
                        </control>
                        <control type="image">
                            <left>10</left>
                            <top>10</top>
                            <right>10</right>
                            <bottom>10</bottom>
                            <aspectratio scalediffuse="false">scale</aspectratio>
                            <texture diffuse="diffuse/wall.png" background="true">$VAR[PosterImage]</texture>
                            <visible>true</visible><!--default_true-->
                        </control>
                        <control type="image">
                            <left>10</left>
                            <top>10</top>
                            <right>10</right>
                            <bottom>10</bottom>
                            <aspectratio scalediffuse="false">keep</aspectratio>
                            <texture diffuse="diffuse/wall.png" background="true">$INFO[ListItem.Icon]</texture>
                            <visible>false</visible><!--default_false-->  
                        </control>
                        <control type="label">
                            <align>center</align>
                            <aligny>center</aligny>
                            <width>50</width>
                            <right>7</right>
                            <top>6</top>
                            <height>50</height>
                            <textcolor>$VAR[WatchedBackingColor]</textcolor>
                            <font>SymbolPosterBackground</font>
                            <label>$VAR[WatchedBacking]</label>
                            <visible>!String.IsEqual(ListItem.Label,..)</visible>
                        </control>
                        <control type="label">
                            <align>center</align>
                            <aligny>center</aligny>
                            <width>50</width>
                            <right>7</right>
                            <top>6</top>
                            <height>50</height>
                            <textcolor>$VAR[WatchedLabelPosterColor]</textcolor>
                            <font>SymbolPoster</font>
                            <label>$VAR[WatchedLabelPoster]</label>
                            <visible>!String.IsEqual(ListItem.Label,..)</visible>
                        </control>
                    </control>
    
                    <!-- ALternative Titelanzeigen -->
                    <control type="group">
                        <visible>Skin.HasSetting(wall.infooverlay) + !String.IsEqual(ListItem.Label,..)</visible>
                        <top>13</top>
                        <control type="image">
                            <top>257</top>
                            <width>207</width>
                            <height>50</height>
                            <left>10</left>
                            <texture colordiffuse="B3333333">common/black-back.png</texture>
                        </control>
                        <control type="label">
                            <top>255</top>
                            <width>180</width>
                            <height>50</height>
                            <left>30</left>
                            <font>Mini</font>
                            <textcolor>PanelWhite100</textcolor>
                            <label>$INFO[ListItem.Label]</label>
                            <visible>!ListItem.IsPlaying</visible>
                        </control>
                        <control type="label">
                            <top>255</top>
                            <width>180</width>
                            <height>50</height>
                            <left>40</left>
                            <font>Mini</font>
                            <textcolor>PanelWhite100</textcolor>
                            <label>$INFO[ListItem.Label]</label>
                            <visible>ListItem.IsPlaying</visible>
                        </control>
                        <control type="image">
                            <top>268</top>
                            <left>12</left>
                            <height>28</height>
                            <width>28</width>
                            <texture colordiffuse="Highlight2">indicator/playwhite.png</texture>
                            <visible>ListItem.IsPlaying</visible>
                        </control>
                    </control>
                    <control type="image">
                        <include>Animation.SelectBoxHome</include>
                        <left>3</left>
                        <top>3</top>
                        <right>3</right>
                        <bottom>3</bottom>
                        <texture border="20" colordiffuse="$VAR[ColorSquares]">common/selectbox.png</texture>
                    </control>
                    <control type="image">
                        <include>Animation.SelectBoxHome</include>
                        <left>3</left>
                        <top>3</top>
                        <right>3</right>
                        <bottom>3</bottom>
                        <texture border="20" colordiffuse="$VAR[ColorHighlightSelectbox2]">common/gradient-selectbox.png</texture>
                    </control>
                </focusedlayout>
            </control>

            <!-- Scrollbar Start -->
            <control type="scrollbar" id="1605">
                <include content="scrollbar_vertical">
                    <param name="scrollid" value="1605"/>
                </include>
            </control>

            <!-- Scrollbar End -->
            <include content="Fanart_Info">
                <param name="posx" value="70"/>
            </include>
        </control>
    </include>

    <include name="View_55_Info_Left">
        <control type="group">
            <left>35</left>
            <top>20</top>
            <animation effect="fade" start="0" end="100" delay="1300" time="200" reversible="false">Focus</animation>
            <control type="label">
                <width>610</width>
                <height>50</height>
                <font>MediumBold</font>
                <textcolor>Light1</textcolor>
                <label>$INFO[ListItem.Label]</label>
            </control>
            <control type="textbox">
                <top>70</top>
                <width>610</width>
                <height>150</height>
                <font>Tiny</font>
                <textcolor>Light2</textcolor>
                <align>justify</align>
                <label>$INFO[ListItem.Plot]</label>
            </control>
            <control type="label">
                <top>230</top>
                <width>610</width>
                <height>50</height>
                <font>Tiny</font>
                <align>right</align>
                <textcolor>Light1</textcolor>
                <label>$VAR[SubLabel55]</label>
            </control>
        </control>
    </include>

    <include name="View_55_Info_Right">
        <control type="group">
            <left>242</left>
            <top>20</top>
            <animation effect="fade" start="0" end="100" delay="1300" time="200" reversible="false">Focus</animation>
            <control type="label">
                <width>610</width>
                <height>50</height>
                <font>MediumBold</font>
                <textcolor>Light1</textcolor>
                <label>$INFO[ListItem.Label]</label>
            </control>
            <control type="textbox">
                <top>70</top>
                <width>610</width>
                <height>150</height>
                <font>Tiny</font>
                <textcolor>Light2</textcolor>
                <align>justify</align>
                <label>$INFO[ListItem.Plot]</label>
            </control>
            <control type="label">
                <top>230</top>
                <width>610</width>
                <height>50</height>
                <font>Tiny</font>
                <align>right</align>
                <textcolor>Light1</textcolor>
                <label>$VAR[SubLabel55]</label>
            </control>
        </control>
    </include>

    <include name="View_55_Wall">
        <control type="group">
            <include>Animation.Common</include>
            <visible>Control.IsVisible(55)</visible>
            <!--<include>JumpBarHorizontal</include>-->
            <include>ViewSlideForJumpBar</include>
            <control type="panel" id="55">
                <oninfo condition="ListItem.IsCollection">ActivateWindow(1132)</oninfo>
                <visible>substring(Container.FolderPath,plugin://plugin.program.advanced.launcher/,left) | Container.Content(musicvideos) | Container.Content(movies) | Container.Content(tvshows) | Container.Content(seasons) | Container.Content(sets)</visible>
                <top>206</top>
                <right>70</right>
                <left>70</left>
                <height>674</height>
                <onleft condition="!Skin.HasSetting(global.kioskmode)">9000</onleft>
                <onright>1606</onright>
                <onup>55</onup>
                <ondown>55</ondown>
                <preloaditems>2</preloaditems>
                <pagecontrol>1606</pagecontrol>
                <include content="forced_view" condition="Skin.HasSetting(enable.forcedviews)">
                    <param name="string" value="$LOCALIZE[536]" />
                </include>
                <viewtype label="536">list</viewtype>
                <scrolltime tween="quadratic">400</scrolltime>
                <itemlayout height="337" width="222">
                    <control type="image">
                        <left>0</left>
                        <top>0</top>
                        <right>0</right>
                        <bottom>12</bottom>
                        <texture border="10">common/$VAR[nofocus-shadow10]</texture>
                    </control>
                    <control type="image">
                        <left>10</left>
                        <top>10</top>
                        <right>10</right>
                        <bottom>22</bottom>
                        <texture colordiffuse="Fallback" border="4" background="true">common/box.png</texture>
                    </control>
                    <control type="image">
                        <left>9</left>
                        <top>9</top>
                        <right>9</right>
                        <bottom>21</bottom>
                        <texture colordiffuse="Box2" border="4" background="true">common/box21.png</texture>
                        <visible>!Skin.HasSetting(thumbnails.white)</visible>
                    </control>
                    <control type="image">
                        <left>10</left>
                        <top>10</top>
                        <right>10</right>
                        <bottom>22</bottom>
                        <aspectratio scalediffuse="false">scale</aspectratio>
                        <texture diffuse="diffuse/wall.png" background="true">$VAR[PosterImage]</texture>
                        <visible>true</visible><!--default_true-->
                    </control>
                    <control type="image">
                        <left>10</left>
                        <top>10</top>
                        <right>10</right>
                        <bottom>22</bottom>
                        <aspectratio scalediffuse="false">keep</aspectratio>
                        <texture diffuse="diffuse/wall.png" background="true">$INFO[ListItem.Icon]</texture>
                        <visible>false</visible><!--default_false-->  
                    </control>
                    <control type="label">
                        <align>center</align>
                        <aligny>center</aligny>
                        <width>50</width>
                        <right>7</right>
                        <top>6</top>
                        <height>50</height>
                        <textcolor>$VAR[WatchedBackingColor]</textcolor>
                        <font>SymbolPosterBackground</font>
                        <label>$VAR[WatchedBacking]</label>
                        <visible>!String.IsEqual(ListItem.Label,..)</visible>
                    </control>
                    <control type="label">
                        <align>center</align>
                        <aligny>center</aligny>
                        <width>50</width>
                        <right>7</right>
                        <top>6</top>
                        <height>50</height>
                        <textcolor>$VAR[WatchedLabelPosterColor]</textcolor>
                        <font>SymbolPoster</font>
                        <label>$VAR[WatchedLabelPoster]</label>
                        <visible>!String.IsEqual(ListItem.Label,..)</visible>
                    </control>
    
                    <!-- ALternative Titelanzeigen -->
                    <control type="group">
                        <visible>Skin.HasSetting(wall.infooverlay) + !String.IsEqual(ListItem.Label,..)</visible>
                        <top>8</top>
                        <control type="image">
                            <top>257</top>
                            <width>202</width>
                            <height>50</height>
                            <left>10</left>
                            <texture colordiffuse="B3333333">common/black-back.png</texture>
                        </control>
                        <control type="label">
                            <top>255</top>
                            <width>180</width>
                            <height>50</height>
                            <left>20</left>
                            <font>Mini</font>
                            <textcolor>PanelWhite100</textcolor>
                            <label>$INFO[ListItem.Label]</label>
                        </control>
                    </control>
                </itemlayout>
                <focusedlayout height="337" width="222">
                    <control type="image">
                        <left>0</left>
                        <top>0</top>
                        <right>0</right>
                        <bottom>12</bottom>
                        <texture border="10">common/$VAR[nofocus-shadow10]</texture>
                    </control>
                    <control type="image">
                        <left>10</left>
                        <top>10</top>
                        <right>10</right>
                        <bottom>22</bottom>
                        <texture colordiffuse="Fallback" border="4" background="true">common/box.png</texture>
                    </control>
                    <control type="image">
                        <left>9</left>
                        <top>9</top>
                        <right>9</right>
                        <bottom>19</bottom>
                        <texture colordiffuse="Box2" border="4" background="true">common/box21.png</texture>
                        <visible>!Skin.HasSetting(thumbnails.white)</visible>
                    </control>
                    <control type="group">
                        <visible>Skin.HasSetting(55wall.slideinfo) + !String.IsEqual(ListItem.Label,..)</visible>
                        <posx>0</posx>
                        <posy>0</posy>
                        <visible>Container(55).Column(0) | Container(55).Column(1) | Container(55).Column(2) | Container(55).Column(3)</visible>
                        <animation effect="fade" start="0" end="0" delay="0" time="50" tween="cubic" easing="inout" reversible="false">UnFocus</animation>
                        <animation effect="fade" start="0" end="0" delay="0" time="50" tween="cubic" easing="inout" reversible="false">Hidden</animation>
                        <control type="image">
                            <visible>Control.HasFocus(55)</visible>
                            <top>5</top>
                            <left>10</left>
                            <width>870</width>
                            <height>305</height>
                            <texture colordiffuse="Dark1" border="5">common/box.png</texture>
                            <animation type="Focus">
                                <effect type="zoom" start="10,0,202,311" end="10,0,868,311" tween="cubic" easing="inout" delay="1000" time="400" reversible="false"/>
                                <effect type="fade" start="0" end="100" tween="cubic" easing="inout" delay="200" time="150"/>
                            </animation>
                        </control>
                        <include>View_55_Info_Right</include>
                    </control>
                    <control type="group">
                        <posx>-668</posx>
                        <top>2</top>
                        <visible>Skin.HasSetting(55wall.slideinfo) + !String.IsEqual(ListItem.Label,..)</visible>
                        <visible>Container(55).Column(4) | Container(55).Column(5) | Container(55).Column(6) | Container(55).Column(7)</visible>
                        <animation effect="fade" start="0" end="0" delay="0" time="50" tween="cubic" easing="inout" reversible="false">UnFocus</animation>
                        <animation effect="fade" start="0" end="0" delay="0" time="50" tween="cubic" easing="inout" reversible="false">Hidden</animation>
                        <control type="image">
                            <top>5</top>
                            <right>10</right>
                            <width>870</width>
                            <height>328</height>
                            <texture colordiffuse="Dark1" border="5">common/box.png</texture>
                            <animation type="Focus">
                                <effect type="zoom" start="675,0,202,311" end="0,0,868,311" tween="cubic" easing="inout" delay="1000" time="400" reversible="false"/>
                                <effect type="fade" start="0" end="100" delay="200" time="150" tween="cubic" easing="inout"/>
                            </animation>
                        </control>
                        <include>View_55_Info_Left</include>
                    </control>
                    <control type="image">
                        <left>10</left>
                        <top>10</top>
                        <right>10</right>
                        <bottom>22</bottom>
                        <aspectratio scalediffuse="false">scale</aspectratio>
                        <texture diffuse="diffuse/wall.png" background="true">$VAR[PosterImage]</texture>
                        <visible>true</visible><!--default_true-->
                    </control>
                    <control type="image">
                        <left>10</left>
                        <top>10</top>
                        <right>10</right>
                        <bottom>22</bottom>
                        <aspectratio scalediffuse="false">keep</aspectratio>
                        <texture diffuse="diffuse/wall.png" background="true">$INFO[ListItem.Icon]</texture>
                        <visible>false</visible><!--default_false-->  
                    </control>
                    <control type="label">
                        <align>center</align>
                        <aligny>center</aligny>
                        <width>50</width>
                        <right>7</right>
                        <top>6</top>
                        <height>50</height>
                        <textcolor>$VAR[WatchedBackingColor]</textcolor>
                        <font>SymbolPosterBackground</font>
                        <label>$VAR[WatchedBacking]</label>
                        <visible>!String.IsEqual(ListItem.Label,..)</visible>
                    </control>
                    <control type="label">
                        <align>center</align>
                        <aligny>center</aligny>
                        <width>50</width>
                        <right>7</right>
                        <top>6</top>
                        <height>50</height>
                        <textcolor>$VAR[WatchedLabelPosterColor]</textcolor>
                        <font>SymbolPoster</font>
                        <label>$VAR[WatchedLabelPoster]</label>
                        <visible>!String.IsEqual(ListItem.Label,..)</visible>
                    </control>
    
                    <!-- ALternative Titelanzeigen -->
                    <control type="group">
                        <visible>Skin.HasSetting(wall.infooverlay) + !String.IsEqual(ListItem.Label,..)</visible>
                        <top>8</top>
                        <control type="image">
                            <top>257</top>
                            <width>202</width>
                            <height>50</height>
                            <left>10</left>
                            <texture colordiffuse="B3333333">common/black-back.png</texture>
                        </control>
                        <control type="label">
                            <top>255</top>
                            <width>180</width>
                            <height>50</height>
                            <left>20</left>
                            <font>Mini</font>
                            <textcolor>PanelWhite100</textcolor>
                            <label>$INFO[ListItem.Label]</label>
                        </control>
                    </control>
                    <control type="image">
                        <include>Animation.SelectBoxHome</include>
                        <left>3</left>
                        <top>3</top>
                        <right>3</right>
                        <bottom>15</bottom>
                        <texture border="20" colordiffuse="$VAR[ColorSquares]">common/selectbox.png</texture>
                    </control>
                    <control type="image">
                        <include>Animation.SelectBoxHome</include>
                        <left>3</left>
                        <top>3</top>
                        <right>3</right>
                        <bottom>15</bottom>
                        <texture border="20" colordiffuse="$VAR[ColorHighlightSelectbox2]">common/gradient-selectbox.png</texture>
                    </control>
                </focusedlayout>
            </control>

            <!-- Scrollbar Start -->
            <control type="scrollbar" id="1606">
                <include content="scrollbar_vertical">
                    <param name="scrollid" value="1606"/>
                </include>
            </control>

            <!-- Scrollbar End -->
        </control>
    </include>

    <include name="View_555_Wall_Episodes">
        <control type="group">
            <include>Animation.Common</include>
            <visible>Control.IsVisible(555)</visible>
            <!--<include>JumpBarHorizontal</include>-->
            <include>ViewSlideForJumpBar</include>
            <control type="panel" id="555">
                <oninfo condition="ListItem.IsCollection">ActivateWindow(1132)</oninfo>
                <top>206</top>
                <right>70</right>
                <left>70</left>
                <height>674</height>
                <onleft condition="!Skin.HasSetting(global.kioskmode)">9000</onleft>
                <onright>1607</onright>
                <onup>555</onup>
                <ondown>555</ondown>
                <preloaditems>2</preloaditems>
                <pagecontrol>1607</pagecontrol>
                <include content="forced_view" condition="Skin.HasSetting(enable.forcedviews)">
                    <param name="string" value="$LOCALIZE[31258]" />
                </include>
                <viewtype label="31258">list</viewtype>
                <scrolltime tween="quadratic">400</scrolltime>
                <visible>Container.Content(movies) | Container.Content(tvshows) | Container.Content(seasons) | Container.Content(episodes) | Container.Content(sets) | Container.Content(videos)</visible>
                <itemlayout height="337" width="444">
                    <control type="image">
                        <left>0</left>
                        <top>0</top>
                        <right>0</right>
                        <bottom>92</bottom>
                        <texture border="10">common/$VAR[nofocus-shadow10]</texture>
                    </control>
                    <control type="image">
                        <left>10</left>
                        <top>10</top>
                        <right>10</right>
                        <bottom>102</bottom>
                        <texture colordiffuse="Fallback" border="4" background="true">common/box.png</texture>
                    </control>
                    <control type="image">
                        <left>9</left>
                        <top>9</top>
                        <right>9</right>
                        <bottom>101</bottom>
                        <texture colordiffuse="Box2" border="4" background="true">common/box21.png</texture>
                        <visible>!Skin.HasSetting(thumbnails.white)</visible>
                    </control>
                    <control type="image">
                        <left>10</left>
                        <top>10</top>
                        <right>10</right>
                        <bottom>102</bottom>
                        <aspectratio scalediffuse="false">scale</aspectratio>
                        <texture diffuse="diffuse/pvrinfo.png" background="true">$VAR[FanartImage]</texture>
                        <visible>true</visible><!--default_true-->
                    </control>
                    <control type="image">
                        <left>10</left>
                        <top>10</top>
                        <right>10</right>
                        <bottom>102</bottom>
                        <aspectratio scalediffuse="false">keep</aspectratio>
                        <texture diffuse="diffuse/pvrinfo.png" background="true">$INFO[ListItem.Icon]</texture>
                        <visible>false</visible><!--default_false-->  
                    </control>
                    <control type="label">
                        <align>center</align>
                        <aligny>center</aligny>
                        <width>50</width>
                        <right>7</right>
                        <top>6</top>
                        <height>50</height>
                        <textcolor>$VAR[WatchedBackingColor]</textcolor>
                        <font>SymbolPosterBackground</font>
                        <label>$VAR[WatchedBacking]</label>
                        <visible>!String.IsEqual(ListItem.Label,..)</visible>
                    </control>
                    <control type="label">
                        <align>center</align>
                        <aligny>center</aligny>
                        <width>50</width>
                        <right>7</right>
                        <top>6</top>
                        <height>50</height>
                        <textcolor>$VAR[WatchedLabelPosterColor]</textcolor>
                        <font>SymbolPoster</font>
                        <label>$VAR[WatchedLabelPoster]</label>
                        <visible>!String.IsEqual(ListItem.Label,..)</visible>
                    </control>
                    <control type="label">
                        <font>Tiny</font>
                        <left>15</left>
                        <right>15</right>
                        <bottom>40</bottom>
                        <align>left</align>
                        <textcolor>Dark1</textcolor>
                        <label>$INFO[ListItem.Label]</label>
                    </control>
                    <control type="label">
                        <font>Tiny</font>
                        <left>15</left>
                        <right>15</right>
                        <bottom>40</bottom>
                        <align>right</align>
                        <textcolor>Dark2</textcolor>
                        <label>$INFO[ListItem.Rating]</label>
                    </control>
                    <control type="label">
                        <font>Mini</font>
                        <left>15</left>
                        <right>15</right>
                        <bottom>3</bottom>
                        <align>left</align>
                        <textcolor>Dark2</textcolor>
                        <label>$VAR[LabelYear]</label>
                    </control>
                    <control type="label">
                        <font>Mini</font>
                        <left>15</left>
                        <right>15</right>
                        <bottom>3</bottom>
                        <align>right</align>
                        <textcolor>Dark2</textcolor>
                        <label>$VAR[LabelDuration]</label>
                    </control>
                </itemlayout>
                <focusedlayout height="337" width="444">
                    <control type="image">
                        <left>0</left>
                        <top>0</top>
                        <right>0</right>
                        <bottom>92</bottom>
                        <texture border="10">common/$VAR[nofocus-shadow10]</texture>
                    </control>
                    <control type="image">
                        <left>10</left>
                        <top>10</top>
                        <right>10</right>
                        <bottom>102</bottom>
                        <texture colordiffuse="Fallback" border="4" background="true">common/box.png</texture>
                    </control>
                    <control type="image">
                        <left>9</left>
                        <top>9</top>
                        <right>9</right>
                        <bottom>101</bottom>
                        <texture colordiffuse="Box2" border="4" background="true">common/box21.png</texture>
                        <visible>!Skin.HasSetting(thumbnails.white)</visible>
                    </control>
                    <control type="image">
                        <left>10</left>
                        <top>10</top>
                        <right>10</right>
                        <bottom>102</bottom>
                        <aspectratio scalediffuse="false">scale</aspectratio>
                        <texture diffuse="diffuse/pvrinfo.png" background="true">$VAR[FanartImage]</texture>
                        <visible>true</visible><!--default_true-->
                    </control>
                    <control type="image">
                        <left>10</left>
                        <top>10</top>
                        <right>10</right>
                        <bottom>102</bottom>
                        <aspectratio scalediffuse="false">keep</aspectratio>
                        <texture diffuse="diffuse/pvrinfo.png" background="true">$INFO[ListItem.Icon]</texture>
                        <visible>false</visible><!--default_false-->  
                    </control>
                    <control type="label">
                        <align>center</align>
                        <aligny>center</aligny>
                        <width>50</width>
                        <right>7</right>
                        <top>6</top>
                        <height>50</height>
                        <textcolor>$VAR[WatchedBackingColor]</textcolor>
                        <font>SymbolPosterBackground</font>
                        <label>$VAR[WatchedBacking]</label>
                        <visible>!String.IsEqual(ListItem.Label,..)</visible>
                    </control>
                    <control type="label">
                        <align>center</align>
                        <aligny>center</aligny>
                        <width>50</width>
                        <right>7</right>
                        <top>6</top>
                        <height>50</height>
                        <textcolor>$VAR[WatchedLabelPosterColor]</textcolor>
                        <font>SymbolPoster</font>
                        <label>$VAR[WatchedLabelPoster]</label>
                        <visible>!String.IsEqual(ListItem.Label,..)</visible>
                    </control>
                    <control type="image">
                        <include>Animation.SelectBoxHome</include>
                        <left>3</left>
                        <top>3</top>
                        <right>3</right>
                        <bottom>94</bottom>
                        <texture border="20" colordiffuse="$VAR[ColorSquares]">common/selectbox.png</texture>
                    </control>
                    <control type="image">
                        <include>Animation.SelectBoxHome</include>
                        <left>3</left>
                        <top>3</top>
                        <right>3</right>
                        <bottom>94</bottom>
                        <texture border="20" colordiffuse="$VAR[ColorHighlightSelectbox2]">common/gradient-selectbox.png</texture>
                    </control>
                    <control type="label">
                        <font>Tiny</font>
                        <left>15</left>
                        <right>15</right>
                        <bottom>40</bottom>
                        <align>left</align>
                        <textcolor>Dark1</textcolor>
                        <label>$INFO[ListItem.Label]</label>
                    </control>
                    <control type="label">
                        <font>Tiny</font>
                        <left>15</left>
                        <right>15</right>
                        <bottom>40</bottom>
                        <align>right</align>
                        <textcolor>Dark2</textcolor>
                        <label>$INFO[ListItem.Rating]</label>
                    </control>
                    <control type="label">
                        <font>Mini</font>
                        <left>15</left>
                        <right>15</right>
                        <bottom>3</bottom>
                        <align>left</align>
                        <textcolor>Dark2</textcolor>
                        <label>$VAR[LabelYear]</label>
                    </control>
                    <control type="label">
                        <font>Mini</font>
                        <left>15</left>
                        <right>15</right>
                        <bottom>3</bottom>
                        <align>right</align>
                        <textcolor>Dark2</textcolor>
                        <label>$VAR[LabelDuration]</label>
                    </control>
                </focusedlayout>
            </control>

            <!-- Scrollbar Start -->
            <control type="scrollbar" id="1607">
                <include content="scrollbar_vertical">
                    <param name="scrollid" value="1607"/>
                </include>
            </control>

            <!-- Scrollbar End -->
        </control>
    </include>
</includes>