<?xml version="1.0" encoding="UTF-8"?>
<!-- Foundation -->
<includes>

    <include name="View_505_506_Wall">
        <control type="group">
            <include>Animation.Common</include>
            <visible>Control.IsVisible(505)</visible>
            <!--<include>JumpBarHorizontal</include>-->
            <include>ViewSlideForJumpBar</include>
            <control type="panel" id="505">
                <oninfo condition="ListItem.IsCollection">ActivateWindow(1132)</oninfo>
                <visible>String.Contains(Container.FolderPath,plugin://plugin.program.advanced.launcher/,left) | Container.Content(artists) | Container.Content(albums) | Container.Content(musicvideos)</visible>
                <top>206</top>
                <right>70</right>
                <width>1120</width>
                <height>674</height>
                <onleft condition="!Skin.HasSetting(global.kioskmode)">9000</onleft>
                <onright>60</onright>
                <onup>505</onup>
                <ondown>505</ondown>
                <preloaditems>2</preloaditems>
                <pagecontrol>60</pagecontrol>
                <include content="forced_view" condition="Skin.HasSetting(enable.forcedviews)">
                    <param name="string" value="$LOCALIZE[37711]" />
                </include>
                <viewtype label="37711">list</viewtype>
                <scrolltime tween="quadratic">400</scrolltime>
                <itemlayout height="337" width="222">
                    <control type="image">
                        <left>0</left>
                        <top>0</top>
                        <right>0</right>
                        <height>222</height>
                        <texture border="10">common/$VAR[nofocus-shadow10]</texture>
                    </control>
                    <control type="image">
                        <left>10</left>
                        <top>10</top>
                        <right>10</right>
                        <height>202</height>
                        <texture colordiffuse="Fallback" border="4" background="true">common/diffuse_box.png</texture>
                    </control>                    
                    <control type="image">
                        <left>10</left>
                        <top>10</top>
                        <right>10</right>
                        <height>202</height>
                        <aspectratio scalediffuse="false">scale</aspectratio>
                        <texture diffuse="diffuse/diffuse_box.png" background="true">$VAR[PosterImage]</texture>
                    </control>
                    <control type="image">
                        <left>9</left>
                        <top>9</top>
                        <right>9</right>
                        <bottom>124</bottom>
                        <texture colordiffuse="Box2" background="true" border="4">common/box21.png</texture>
                        <visible>!Skin.HasSetting(thumbnails.white)</visible>
                    </control>
                    <control type="textbox">
                        <top>222</top>
                        <left>20</left>
                        <right>20</right>
                        <height>106</height>
                        <textcolor>Dark1</textcolor>
                        <font>Tiny</font>
                        <align>center</align>
                        <autoscroll>false</autoscroll>
                        <label>$INFO[ListItem.Label]</label>
                    </control>
                </itemlayout>
                <focusedlayout height="337" width="222">
                    <control type="image">
                        <left>0</left>
                        <top>0</top>
                        <right>0</right>
                        <height>222</height>
                        <texture border="10">common/$VAR[nofocus-shadow10]</texture>
                    </control>
                    <control type="image">
                        <left>10</left>
                        <top>10</top>
                        <right>10</right>
                        <height>202</height>
                        <texture colordiffuse="Fallback" border="4" background="true">common/diffuse_box.png</texture>
                    </control>                    
                    <control type="image">
                        <left>10</left>
                        <top>10</top>
                        <right>10</right>
                        <height>202</height>
                        <aspectratio scalediffuse="false">scale</aspectratio>
                        <texture diffuse="diffuse/diffuse_box.png" background="true">$VAR[PosterImage]</texture>
                    </control>
                    <control type="image">
                        <left>9</left>
                        <top>9</top>
                        <right>9</right>
                        <bottom>124</bottom>
                        <texture colordiffuse="Box2" background="true" border="4">common/box21.png</texture>
                        <visible>!Skin.HasSetting(thumbnails.white)</visible>
                    </control>
                    <control type="image">
                        <left>3</left>
                        <top>3</top>
                        <right>3</right>
                        <height>210</height>
                        <texture colordiffuse="$VAR[ColorSquares]" border="20">common/selectbox.png</texture>
                        <include>Animation.SelectBoxHome</include>
                    </control>
                    <control type="textbox">
                        <top>222</top>
                        <left>20</left>
                        <right>20</right>
                        <height>106</height>
                        <textcolor>Dark1</textcolor>
                        <font>Tiny</font>
                        <align>center</align>
                        <autoscroll>false</autoscroll>
                        <label>$INFO[ListItem.Label]</label>
                    </control>
                </focusedlayout>
            </control>
            <include>Furniture_Scrollbar</include>
            <control type="group" description="Poster">
                <width>PosterH</width>
                <include content="Fanart_Info">
                    <param name="posx" value="70"/>
                </include>                
            </control>
        </control>
        <control type="group">
            <include>Animation.Common</include>
            <visible>Control.IsVisible(506)</visible>
            <control type="panel" id="506">
                <visible>String.Contains(Container.FolderPath,plugin://plugin.program.advanced.launcher/,left) | Container.Content(musicvideos) | Container.Content(albums)</visible>
                <top>206</top>
                <right>70</right>
                <width>1120</width>
                <height>660</height>
                <onleft condition="!Skin.HasSetting(global.kioskmode)">9000</onleft>
                <onright>60</onright>
                <onup>506</onup>
                <ondown>506</ondown>
                <preloaditems>2</preloaditems>
                <pagecontrol>60</pagecontrol>
                <include content="forced_view" condition="Skin.HasSetting(enable.forcedviews)">
                    <param name="string" value="$LOCALIZE[536]" />
                </include>
                <viewtype label="536">list</viewtype>
                <scrolltime tween="quadratic">400</scrolltime>
                <itemlayout height="220" width="224">
                    <control type="image">
                        <left>4</left>
                        <top>0</top>
                        <right>0</right>
                        <bottom>0</bottom>
                        <texture border="10">common/$VAR[nofocus-shadow10]</texture>
                    </control>
                    <control type="image">
                        <left>13</left>
                        <top>9</top>
                        <right>9</right>
                        <bottom>9</bottom>
                        <texture colordiffuse="Box2" background="true">common/box2.png</texture>
                        <visible>!Skin.HasSetting(thumbnails.white)</visible>
                    </control>
                    <control type="image">
                        <left>14</left>
                        <top>10</top>
                        <right>10</right>
                        <bottom>10</bottom>
                        <aspectratio scalediffuse="false">scale</aspectratio>
                        <texture diffuse="diffuse/wall.png" background="true">$VAR[PosterImage]</texture>
                    </control>
                </itemlayout>
                <focusedlayout height="220" width="224">
                    <control type="image">
                        <left>4</left>
                        <top>0</top>
                        <right>0</right>
                        <bottom>0</bottom>
                        <texture border="10">common/$VAR[nofocus-shadow10]</texture>
                    </control>
                    <control type="image">
                        <left>13</left>
                        <top>9</top>
                        <right>9</right>
                        <bottom>9</bottom>
                        <texture colordiffuse="Box2" background="true">common/box2.png</texture>
                        <visible>!Skin.HasSetting(thumbnails.white)</visible>
                    </control>
                    <control type="image">
                        <left>14</left>
                        <top>10</top>
                        <right>10</right>
                        <bottom>10</bottom>
                        <aspectratio scalediffuse="false">scale</aspectratio>
                        <texture diffuse="diffuse/wall.png" background="true">$VAR[PosterImage]</texture>
                    </control>
                    <control type="image">
                        <left>7</left>
                        <top>3</top>
                        <right>3</right>
                        <bottom>3</bottom>
                        <texture colordiffuse="$VAR[ColorSquares]" border="20">common/selectbox.png</texture>
                        <include>Animation.SelectBoxHome</include>
                    </control>
                </focusedlayout>
            </control>
            <include>Furniture_Scrollbar</include>
            <control type="group" description="Poster">
                <left>SidePad</left>
                <top>PosterPad</top>
                <control type="image">
                    <centertop>PosterH</centertop>
                    <width>PosterH</width>
                    <height>48</height>
                    <aspectratio>stretch</aspectratio>
                    <texture>diffuse/shadowspot.png</texture>
                </control>
                <control type="image">
                    <width>PosterH</width>
                    <height>PosterH</height>
                    <texture border="5" colordiffuse="FF181818">common/box.png</texture>
                </control>
                <control type="image">
                    <width>PosterH</width>
                    <height>PosterH</height>
                    <fadetime>100</fadetime>
                    <aspectratio align="center" aligny="center" scalediffuse="false">scale</aspectratio>
                    <texture diffuse="diffuse/listposter.png" background="true">$VAR[PosterImage]</texture>
                </control>
                <control type="image">
                    <left>-24</left>
                    <top>-24</top>
                    <width>PosterShadowH</width>
                    <height>PosterShadowH</height>
                    <texture border="32">common/$VAR[shadow-24]</texture>
                </control>
            </control>
        </control>
        <control type="group">
            <include>Animation.Common</include>
            <visible>Control.IsVisible(507)</visible>
            <!--<include>JumpBarHorizontal</include>-->
            <include>ViewSlideForJumpBar</include>
            <control type="panel" id="507">
                <visible>String.Contains(Container.FolderPath,plugin://plugin.program.advanced.launcher/,left) | Container.Content(musicvideos) | Container.Content(artists) | Container.Content(albums)</visible>
                <top>206</top>
                <right>70</right>
                <left>70</left>
                <height>674</height>
                <onleft condition="!Skin.HasSetting(global.kioskmode)">9000</onleft>
                <onright>60</onright>
                <onup>507</onup>
                <ondown>507</ondown>
                <preloaditems>2</preloaditems>
                <pagecontrol>60</pagecontrol>
                <include content="forced_view" condition="Skin.HasSetting(enable.forcedviews)">
                    <param name="string" value="$LOCALIZE[536]" />
                </include>
                <viewtype label="536">list</viewtype>
                <scrolltime tween="quadratic">400</scrolltime>
                <itemlayout height="337" width="222">
                    <control type="image">
                        <left>0</left>
                        <top>0</top>
                        <right>0</right>
                        <height>222</height>
                        <texture border="10">common/$VAR[nofocus-shadow10]</texture>
                    </control> 
                    <control type="image">
                        <left>10</left>
                        <top>10</top>
                        <right>10</right>
                        <height>202</height>
                        <texture colordiffuse="Fallback" border="4" background="true">common/diffuse_box.png</texture>
                    </control>                    
                    <control type="image">
                        <left>10</left>
                        <top>10</top>
                        <right>10</right>
                        <height>202</height>
                        <aspectratio scalediffuse="false">scale</aspectratio>
                        <texture diffuse="diffuse/diffuse_box.png" background="true">$VAR[PosterImage]</texture>
                    </control>
                    <control type="image">
                        <left>9</left>
                        <top>9</top>
                        <right>9</right>
                        <height>204</height>
                        <texture colordiffuse="Box2" border="4" background="true">common/box21.png</texture>
                        <visible>!Skin.HasSetting(thumbnails.white)</visible>
                    </control>
                    <control type="textbox">
                        <top>222</top>
                        <left>20</left>
                        <right>20</right>
                        <height>106</height>
                        <textcolor>Dark1</textcolor>
                        <font>Tiny</font>
                        <align>center</align>
                        <autoscroll>false</autoscroll>
                        <label>$INFO[ListItem.Label]</label>
                    </control>
                </itemlayout>
                <focusedlayout height="337" width="222">
                    <control type="image">
                        <left>0</left>
                        <top>0</top>
                        <right>0</right>
                        <height>222</height>
                        <texture border="10">common/$VAR[nofocus-shadow10]</texture>
                    </control>
                    <control type="image">
                        <left>10</left>
                        <top>10</top>
                        <right>10</right>
                        <height>202</height>
                        <texture colordiffuse="Fallback" border="4" background="true">common/diffuse_box.png</texture>
                    </control> 
                    <control type="image">
                        <left>10</left>
                        <top>10</top>
                        <right>10</right>
                        <height>202</height>
                        <aspectratio scalediffuse="false">scale</aspectratio>
                        <texture diffuse="diffuse/diffuse_box.png" background="true">$VAR[PosterImage]</texture>
                    </control>
                    <control type="image">
                        <left>9</left>
                        <top>9</top>
                        <right>9</right>
                        <height>204</height>
                        <texture colordiffuse="Box2" border="4" background="true">common/box21.png</texture>
                        <visible>!Skin.HasSetting(thumbnails.white)</visible>
                    </control>
                    <control type="image">
                        <left>3</left>
                        <top>3</top>
                        <right>3</right>
                        <height>215</height>
                        <texture colordiffuse="$VAR[ColorSquares]" border="20">common/selectbox.png</texture>
                        <include>Animation.SelectBoxHome</include>
                    </control>
                    <control type="image">
                        <left>3</left>
                        <top>3</top>
                        <right>3</right>
                        <height>215</height>
                        <texture border="20" colordiffuse="$VAR[ColorHighlightSelectbox2]">common/gradient-selectbox.png</texture>
                        <include>Animation.SelectBoxHome</include>
                    </control>
                    <control type="textbox">
                        <top>222</top>
                        <left>20</left>
                        <right>20</right>
                        <height>106</height>
                        <textcolor>Dark1</textcolor>
                        <font>Tiny</font>
                        <align>center</align>
                        <autoscroll>false</autoscroll>
                        <label>$INFO[ListItem.Label]</label>
                    </control>
                </focusedlayout>
            </control>
            <include>Furniture_Scrollbar</include>
        </control>
    </include>
</includes>
