<?xml version="1.0" encoding="UTF-8"?>
<window id="604">
    <defaultcontrol always="true">29</defaultcontrol>
    <controls>
        <include>GlobalOverlay</include>
        <control type="group">
            <width>1350</width>
            <include>DefDialogInfoPanel</include>
            <control type="label">
                <include>DefDialogHeader</include>
                <label>$LOCALIZE[19143]</label>
            </control>
            <control type="group">
                <description>Group list</description>
                <posx>30</posx>
                <posy>90</posy>
                <control type="label" id="20">
                    <description>Name label</description>
                    <posx>0</posx>
                    <posy>0</posy>
                    <width>400</width>
                    <height>34</height>
                    <font>TinyBold</font>
                </control>
                <control type="list" id="13">
                    <posx>0</posx>
                    <posy>50</posy>
                    <width>400</width>
                    <height>552</height>
                    <onleft>9000</onleft>
                    <onright>11</onright>
                    <onup>13</onup>
                    <ondown>13</ondown>
                    <scrolltime tween="cubic" easing="out">500</scrolltime>
                    <pagecontrol>60</pagecontrol>
                    <itemlayout height="69" width="400">
                        <control type="label">
                            <left>30</left>
                            <right>30</right>
                            <height>66</height>
                            <aligny>center</aligny>
                            <info>ListItem.Label</info>
                        </control>
                    </itemlayout>
                    <focusedlayout height="69" width="400">
                        <control type="group">
                            <visible>!Control.HasFocus(13)</visible>
                            <control type="image">
                                <width>100%</width>
                                <height>66</height>
                                <texture border="5" colordiffuse="Black12">common/box.png</texture>
                            </control>
                            <control type="label">
                                <left>30</left>
                                <right>30</right>
                                <height>66</height>
                                <aligny>center</aligny>
                                <info>ListItem.Label</info>
                            </control>
                        </control>
                        <control type="group">
                            <visible>Control.HasFocus(13)</visible>
                            <control type="image">
                                <width>100%</width>
                                <height>66</height>
                                <texture border="5" colordiffuse="$VAR[ColorHighlight]">common/box.png</texture>
                            </control>
                            <control type="label">
                                <left>30</left>
                                <right>30</right>
                                <height>66</height>
                                <aligny>center</aligny>
                                <textcolor>Selected</textcolor>
                                <info>ListItem.Label</info>
                            </control>
                        </control>
                    </focusedlayout>
                </control>
            </control>
            <control type="group">
                <description>Group list</description>
                <posx>460</posx>
                <posy>90</posy>
                <control type="label" id="21">
                    <description>Name label</description>
                    <posx>0</posx>
                    <posy>0</posy>
                    <width>400</width>
                    <height>34</height>
                    <font>TinyBold</font>
                </control>
                <control type="list" id="11">
                    <posx>0</posx>
                    <posy>50</posy>
                    <width>400</width>
                    <height>552</height>
                    <onleft>13</onleft>
                    <onright>12</onright>
                    <onup>11</onup>
                    <ondown>11</ondown>
                    <scrolltime tween="cubic" easing="out">500</scrolltime>
                    <pagecontrol>60</pagecontrol>
                    <itemlayout height="69" width="400">
                        <control type="label">
                            <left>30</left>
                            <right>30</right>
                            <height>66</height>
                            <aligny>center</aligny>
                            <info>ListItem.Label</info>
                        </control>
                    </itemlayout>
                    <focusedlayout height="69" width="400">
                        <control type="group">
                            <visible>!Control.HasFocus(11)</visible>
                            <control type="image">
                                <width>100%</width>
                                <height>66</height>
                                <texture border="5" colordiffuse="Black12">common/box.png</texture>
                            </control>
                            <control type="label">
                                <left>30</left>
                                <right>30</right>
                                <height>66</height>
                                <aligny>center</aligny>
                                <info>ListItem.Label</info>
                            </control>
                        </control>
                        <control type="group">
                            <visible>Control.HasFocus(11)</visible>
                            <control type="image">
                                <width>100%</width>
                                <height>66</height>
                                <texture border="5" colordiffuse="$VAR[ColorHighlight]">common/box.png</texture>
                            </control>
                            <control type="label">
                                <left>30</left>
                                <right>30</right>
                                <height>66</height>
                                <aligny>center</aligny>
                                <textcolor>Selected</textcolor>
                                <info>ListItem.Label</info>
                            </control>
                        </control>
                    </focusedlayout>
                </control>
            </control>
            <control type="group">
                <description>Group list</description>
                <posx>920</posx>
                <posy>90</posy>
                <control type="label" id="22">
                    <description>Name label</description>
                    <posx>0</posx>
                    <posy>0</posy>
                    <width>400</width>
                    <height>34</height>
                    <font>TinyBold</font>
                </control>
                <control type="list" id="12">
                    <posx>0</posx>
                    <posy>50</posy>
                    <width>400</width>
                    <height>552</height>
                    <onleft>11</onleft>
                    <onright>9000</onright>
                    <onup>12</onup>
                    <ondown>12</ondown>
                    <scrolltime tween="cubic" easing="out">500</scrolltime>
                    <pagecontrol>60</pagecontrol>
                    <itemlayout height="69" width="400">
                        <control type="label">
                            <left>30</left>
                            <right>30</right>
                            <height>66</height>
                            <aligny>center</aligny>
                            <info>ListItem.Label</info>
                        </control>
                    </itemlayout>
                    <focusedlayout height="69" width="400">
                        <control type="group">
                            <visible>!Control.HasFocus(12)</visible>
                            <control type="image">
                                <width>100%</width>
                                <height>66</height>
                                <texture border="5" colordiffuse="Black12">common/box.png</texture>
                            </control>
                            <control type="label">
                                <left>30</left>
                                <right>30</right>
                                <height>66</height>
                                <aligny>center</aligny>
                                <info>ListItem.Label</info>
                            </control>
                        </control>
                        <control type="group">
                            <visible>Control.HasFocus(12)</visible>
                            <control type="image">
                                <width>100%</width>
                                <height>66</height>
                                <texture border="5" colordiffuse="$VAR[ColorHighlight]">common/box.png</texture>
                            </control>
                            <control type="label">
                                <left>30</left>
                                <right>30</right>
                                <height>66</height>
                                <aligny>center</aligny>
                                <textcolor>Selected</textcolor>
                                <info>ListItem.Label</info>
                            </control>
                        </control>
                    </focusedlayout>
                </control>
            </control>
            <control type="grouplist" id="9000">
                <centerleft>50%</centerleft>
                <bottom>30</bottom>
                <width>100%</width>
                <height>70</height>
                <align>center</align>
                <itemgap>30</itemgap>
                <orientation>horizontal</orientation>
                <onleft>11</onleft>
                <onright>13</onright>
                <onup>13</onup>
                <control type="button" id="25">
                    <description>Hide group</description>
                    <label>19289</label>
                    <texturefocus colordiffuse="$VAR[ColorHighlight]" border="5">common/box.png</texturefocus>
                    <texturenofocus colordiffuse="Black12" border="5">common/box.png</texturenofocus>
                    <width>230</width>
                    <include>DefDialogButtons</include>
                </control>
                <control type="button" id="26">
                    <description>Add group</description>
                    <label>15019</label>
                    <texturefocus colordiffuse="$VAR[ColorHighlight]" border="5">common/box.png</texturefocus>
                    <texturenofocus colordiffuse="Black12" border="5">common/box.png</texturenofocus>
                    <width>230</width>
                    <include>DefDialogButtons</include>
                </control>
                <control type="button" id="27">
                    <description>Rename group</description>
                    <label>$LOCALIZE[118]</label>
                    <texturefocus colordiffuse="$VAR[ColorHighlight]" border="5">common/box.png</texturefocus>
                    <texturenofocus colordiffuse="Black12" border="5">common/box.png</texturenofocus>
                    <width>230</width>
                    <include>DefDialogButtons</include>
                </control>
                <control type="button" id="28">
                    <description>Delete group</description>
                    <label>$LOCALIZE[117]</label>
                    <texturefocus colordiffuse="$VAR[ColorHighlight]" border="5">common/box.png</texturefocus>
                    <texturenofocus colordiffuse="Black12" border="5">common/box.png</texturenofocus>
                    <width>230</width>
                    <include>DefDialogButtons</include>
                </control>
                <control type="button" id="29">
                    <description>OK</description>
                    <label>$LOCALIZE[186]</label>
                    <texturefocus colordiffuse="$VAR[ColorHighlight]" border="5">common/box.png</texturefocus>
                    <texturenofocus colordiffuse="Black12" border="5">common/box.png</texturenofocus>
                    <width>230</width>
                    <include>DefDialogButtons</include>
                </control>
            </control>
        </control>
    </controls>
</window>
