<?xml version="1.0" encoding="UTF-8"?>
<window>
    <defaultcontrol always="true">9000</defaultcontrol>
    <onunload>ClearProperty(gradient,home)</onunload>
    <controls>
        <control type="group">
            <animation effect="fade" start="100" end="0" time="500" delay="0" tween="quadratic">WindowClose</animation>

            <!-- background panel -->
            <control type="image" description="Background">
                <left>80</left>
                <top>220</top>
                <width>1760</width>
                <height>638</height>
                <texture colordiffuse="Panel">common/bg.jpg</texture>
                <visible>String.IsEmpty(Skin.String(StartupPlaylist))</visible>
            </control>
            <!--Header-->
            <control type="group">
                <left>80</left>
                <top>216</top>
                <control type="image">
                    <top>10</top>
                    <left>450</left>
                    <width>1</width>
                    <bottom>236</bottom>
                    <colordiffuse>Black12</colordiffuse>
                    <texture>common/white.png</texture>
                </control>

                <!-- Header -->
                <control type="label">
                    <left>30</left>
                    <width>390</width>
                    <posy>18</posy>
                    <font>MediumBold</font>
                    <label>$ADDON[script.skin.helper.colorpicker 32011]</label>
                    <textcolor>PanelWhite100</textcolor>
                </control>
                <control type="label">
                    <left>30</left>
                    <width>400</width>
                    <posy>77</posy>
                    <height>30</height>
                    <font>Tiny</font>
                    <textcolor>PanelWhite70</textcolor>
                    <scroll>false</scroll>
                    <align>left</align>
                    <textoffsetx>0</textoffsetx>
                    <texturenofocus>noop</texturenofocus>
                    <texturefocus>noop</texturefocus>
                    <label>$VAR[ColorPickerInfo]</label>
                </control>
            </control>
            <control type="grouplist" id="9000">
                <description>Control Area</description>
                <left>80</left>
                <width>680</width>
                <top>355</top>
                <height>596</height>
                <orientation>vertical</orientation>
                <pagecontrol>60</pagecontrol>
                <usecontrolcoords>true</usecontrolcoords>
                <ondown>3020</ondown>
                <onup>9099</onup>
                <onright>3110</onright>
                <onleft>3110</onleft>
                <control type="button" id="3030">
                    <include>DefDialogButtonsBlur</include>
                    <ondown>3110</ondown>
                    <label>$ADDON[script.skin.helper.colorpicker 32141]:</label>
                    <label2>$INFO[Window.Property(palettename)]</label2>
                    <visible>!IsEmpty(Window.Property(palettename))</visible>
                </control>
                <control type="button" id="3010">
                    <include>DefDialogButtonsBlur</include>
                    <label>$ADDON[script.skin.helper.colorpicker 32012]</label>
                    <label2>$INFO[Window.Property(colorstring)]</label2>
                </control>
            </control>
            <control type="group" id="3020">
                <onright>3110</onright>
                <width>450</width>
                <height>60</height>
                <left>110</left>
                <top>490</top>
                <control type="image">
                    <height>66</height>
                    <left>-30</left>
                    <width>450</width>
                    <bottom>-8</bottom>
                    <colordiffuse>$VAR[ColorHighlight]</colordiffuse>
                    <texture>common/white.png</texture>
                    <visible>Control.HasFocus(3015)</visible>
                </control>
                <control type="label" id="3016">
    
                <!-- label opacity-->
                    <width>150</width>
                    <left>0</left>
                    <align>left</align>
                    <onup>3110</onup>
                    <font>Small</font>
                    <label>$ADDON[script.skin.helper.colorpicker 32049]:</label>
                    <textcolor>white</textcolor>
                    <texturenofocus colordiffuse="red" border="5">panel_trans.png</texturenofocus>
                </control>
                <control type="slider" id="3015">
    
                <!-- opacity slider -->
                    <top>25</top>
                    <left>120</left>
                    <onup>9000</onup>
                    <ondown>9099</ondown>
                    <width>180</width>
                </control>
                <control type="label" id="3017">
    
                <!-- opacity percentage -->
                    <width>80</width>
                    <right>60</right>
                    <align>right</align>
                    <onup>9000</onup>
                    <onleft>3010</onleft>
                    <font>Small</font>
                    <label>$INFO[Control.Getlabel(3015)]</label>
                    <textcolor>white</textcolor>
                    <texturenofocus colordiffuse="black" border="5">panel_trans.png</texturenofocus>
                </control>
            </control>
            <control type="group">
                <width>498</width>
                <height>66</height>
                <top>560</top>
                <visible>String.IsEqual(Window(home).Property(gradient),selectbox) | String.IsEqual(Window(home).Property(gradient),bar) | String.IsEqual(Window(home).Property(gradient),otherbar) | String.IsEqual(Window(home).Property(gradient),logo)</visible>
                <control type="label">
                    <left>110</left>
                    <width>410</width>
                    <top>15</top>
                    <height>30</height>
                    <font>Small</font>
                    <textcolor>white</textcolor>
                    <label>$LOCALIZE[37865]:</label>
                </control>
                <include content="Def_Gradient">
                    <param name="visible" value="String.IsEqual(Window(home).Property(gradient),selectbox)"/>
                    <param name="color" value="$VAR[ColorSquares]"/>
                </include>
                <include content="Def_Gradient">
                    <param name="visible" value="String.IsEqual(Window(home).Property(gradient),bar)"/>
                    <param name="color" value="$VAR[ColorSelectBar]"/>
                </include>
                <include content="Def_Gradient">
                    <param name="visible" value="String.IsEqual(Window(home).Property(gradient),otherbar)"/>
                    <param name="color" value="$VAR[ColorSelectOtherBar]"/>
                </include>
                <include content="Def_Gradient">
                    <param name="visible" value="String.IsEqual(Window(home).Property(gradient),logo)"/>
                    <param name="color" value="$VAR[ColorKodiLogo]"/>
                </include>
            </control>
            <control type="grouplist" id="9099">
                <left>110</left>
                <top>760</top>
                <onright>3110</onright>
                <onleft>3110</onleft>
                <onup>3020</onup>
                <ondown>3030</ondown>
                <orientation>horizontal</orientation>
                <include>listdimensions</include>
                <control type="radiobutton" id="3012">
                    <label>Save</label>
                    <onclick>SendClick(3012)</onclick>
                    <include>buttondimensionssquareblur</include>
                    <include content="buttontextures">
                        <param name="icon" value="buttonsdialogs/enabled.png"/>
                    </include>
                </control>
                <control type="radiobutton" id="3011">
                    <label>$ADDON[script.skin.helper.colorpicker 32013]</label>
                    <onclick>SendClick(3011)</onclick>
                    <include>buttondimensionssquareblur</include>
                    <include content="buttontextures">
                        <param name="icon" value="buttonsdialogs/uninstall.png"/>
                    </include>
                </control>
            </control>
            <control type="grouplist">
                <orientation>horizontal</orientation>
                <itemgap>28</itemgap>
                <left>318</left>
                <top>760</top>
                <width>500</width>

                <!-- color preview-->
                <control type="image">
                    <width>76</width>
                    <height>66</height>
                    <texture border="5">common/box.png</texture>
                    <colordiffuse>$INFO[Window.Property(colorstring)]</colordiffuse>
                </control>
                <control type="image">
                    <width>76</width>
                    <height>66</height>
                    <texture border="5" diffuse="common/box.png">p$INFO[Container(3110).ListItem.Icon]</texture>
                </control>
            </control>
            <control type="label">
                <left>99</left>
                <width>400</width>
                <top>715</top>
                <height>30</height>
                <align>right</align>
                <font>Tiny</font>
                <textcolor>PanelWhite30</textcolor>
                <align>left</align>
                <label>$VAR[ColorSet]</label>
            </control>

            <!-- Color picker panel -->
            <control type="panel" id="3110">
                <animation effect="fade" start="0" end="100" time="200" delay="300" tween="quadratic">WindowOpen</animation>
                <viewtype label="31438">icons</viewtype>
                <right>90</right>
                <top>236</top>
                <width>1280</width>
                <height>600</height>
                <orientation>vertical</orientation>
                <onleft>9000</onleft>
                <preloaditems>4</preloaditems>
                <pagecontrol>60</pagecontrol>
                <itemlayout height="38" width="41" condition="!StringCompare(Window.Property(palettename),basic) + !StringCompare(Window.Property(palettename),material-design)">
                    <control type="image">
                        <width>92%</width>
                        <height>92%</height>
                        <texture border="5">$INFO[ListItem.Icon]</texture>
                    </control>
                </itemlayout>
                <focusedlayout height="38" width="41" condition="!StringCompare(Window.Property(palettename),basic) + !StringCompare(Window.Property(palettename),material-design)">
                    <control type="group">
                        <animation effect="zoom" time="200" tween="sine" easing="inout" start="100" end="250" center="auto">Focus</animation>
                        <control type="image">
                            <width>98%</width>
                            <height>98%</height>
                            <texture border="5">$INFO[ListItem.Icon]</texture>
                        </control>
                    </control>
                </focusedlayout>
                <itemlayout height="76" width="120" condition="StringCompare(Window.Property(palettename),basic)">
                    <control type="image">
                        <width>92%</width>
                        <height>92%</height>
                        <texture border="5">$INFO[ListItem.Icon]</texture>
                    </control>
                </itemlayout>
                <focusedlayout height="76" width="120" condition="StringCompare(Window.Property(palettename),basic)">
                    <control type="group">
                        <animation effect="zoom" time="200" tween="sine" easing="inout" start="100" end="164" center="auto">Focus</animation>
                        <control type="image">
                            <width>92%</width>
                            <height>92%</height>
                            <texture border="5">$INFO[ListItem.Icon]</texture>
                        </control>
                    </control>
                </focusedlayout>
                <itemlayout height="40" width="117" condition="StringCompare(Window.Property(palettename),material-design)">
                    <control type="image">
                        <width>92%</width>
                        <height>92%</height>
                        <texture border="5">$INFO[ListItem.Icon]</texture>
                    </control>
                </itemlayout>
                <focusedlayout height="40" width="117" condition="StringCompare(Window.Property(palettename),material-design)">
                    <control type="group">
                        <animation effect="zoom" time="200" tween="sine" easing="inout" start="100" end="164" center="auto">Focus</animation>
                        <control type="image">
                            <width>92%</width>
                            <height>92%</height>
                            <texture border="5">$INFO[ListItem.Icon]</texture>
                        </control>
                    </control>
                </focusedlayout>
            </control>
        </control>
    </controls>
</window>
