<?xml version="1.0" encoding="UTF-8"?>
<!-- Foundation -->
<window type="dialog" id="1109">
    <defaultcontrol always="true">3122</defaultcontrol>
	<allowoverlay>yes</allowoverlay>
    <zorder>100</zorder>
    <controls>		
        <control type="group">			
			<include>Animation.FadeIn</include>
            <include>Animation.FadeOut</include>			
			<control type="image">
				<left>590</left>
				<top>184</top>	
				<width>429</width>
				<height>700</height>
				<colordiffuse>White100</colordiffuse>
				<texture border="16">common/rounded-shadow8.png</texture>
			</control>
			<control type="group">
				<height>390</height>
				<left>587</left>
				<top>200</top>
				<control type="image">
					<description>arrow image</description>
					<left>200</left>
					<top>-30</top>
					<width>16</width>
					<height>16</height>
					<texture colordiffuse="White70" flipy="true">common/arrow-small.png</texture>
				</control>
				<control type="image">
					<description>arrow image</description>
					<left>200</left>
					<top>685</top>
					<width>16</width>
					<height>16</height>
					<texture colordiffuse="White70" flipy="false">common/arrow-small.png</texture>
				</control>
			</control>
		 	<control type="grouplist" id="9001">
                <height>670</height>
                <left>598</left>
    			<top>200</top>
				<onleft>SetFocus(9305)</onleft>
				<onleft>Close</onleft>
				<onright>SetFocus(9305)</onright>
				<onright>Close</onright>
				<control type="button" id="3122">
				    <width>413</width>
                    <include>DefContextButton</include>
                    <label>Modern Fanart</label>
					<align>left</align>
                    <onclick>Container.SetViewMode(501)</onclick>
					<onclick>Close</onclick> 
                </control>				
				<control type="button" id="3123">
				    <width>413</width>
                    <include>DefContextButton</include>
                    <label>31265</label>
					<align>left</align>
                    <onclick>Container.SetViewMode(507)</onclick>
					<onclick>Close</onclick> 
                </control>				
				<control type="button" id="3124">
				    <width>413</width>
                    <include>DefContextButton</include>
                    <label>544</label>
					<align>left</align>
                    <onclick>Container.SetViewMode(56)</onclick>
					<onclick>Close</onclick> 
                </control>			
				<control type="button" id="3125">
				    <width>413</width>
                    <include>DefContextButton</include>
                    <label>37517</label>
					<align>left</align>
                    <onclick>Container.SetViewMode(504)</onclick>
					<onclick>Close</onclick> 
                </control>			
				<control type="button" id="3127">
				    <width>413</width>
                    <include>DefContextButton</include>
                    <label>20180</label>
					<align>left</align>
                    <onclick>Container.SetViewMode(55)</onclick>
					<onclick>Close</onclick> 
                </control>				
				<control type="button" id="3128">
				    <width>413</width>
                    <include>DefContextButton</include>
                    <label>31147</label>
					<align>left</align>	
                    <onclick>Container.SetViewMode(57)</onclick>
					<onclick>Close</onclick> 
                </control>
				<control type="button" id="3129">
				    <width>413</width>
                    <include>DefContextButton</include>
                    <label>31258</label>
					<align>left</align>	
                    <onclick>Container.SetViewMode(555)</onclick>
					<onclick>Close</onclick> 
                </control>
				<control type="button" id="3130">
				    <width>413</width>
                    <include>DefContextButton</include>
                    <label>31244</label>
					<align>left</align>	
                    <onclick>Container.SetViewMode(59)</onclick>
					<onclick>Close</onclick> 
					<visible>Container.Content(movies) | Container.Content(tvshows)</visible>
                </control>
				<control type="button" id="3131">
				    <width>413</width>
                    <include>DefContextButton</include>
                    <label>539</label>
					<align>left</align>	
                    <onclick>Container.SetViewMode(54)</onclick>
					<onclick>Close</onclick> 
                </control>
				<control type="button" id="3132">
				    <width>413</width>
                    <include>DefContextButton</include>
                    <label>540</label>
					<align>left</align>	
                    <onclick>Container.SetViewMode(51)</onclick>
					<onclick>Close</onclick> 
                </control>
				<control type="button" id="3133">
				    <width>413</width>
                    <include>DefContextButton</include>
                    <label>31198</label>
					<align>left</align>	
                    <onclick>Container.SetViewMode(58)</onclick>
					<onclick>Close</onclick> 
                </control>
				<control type="button" id="3134">
				    <width>413</width>
                    <include>DefContextButton</include>
                    <label>537</label>
					<align>left</align>	
                    <onclick>Container.SetViewMode(52)</onclick>
					<onclick>Close</onclick> 
                </control>
				<control type="button" id="3135">
				    <width>413</width>
                    <include>DefContextButton</include>
                    <label>31264</label>
					<align>left</align>	
                    <onclick>Container.SetViewMode(500)</onclick>
					<onclick>Close</onclick> 
                </control>
				<control type="button" id="3136">
				    <width>413</width>
                    <include>DefContextButton</include>
                    <label>538</label>
					<align>left</align>	
                    <onclick>Container.SetViewMode(53)</onclick>
					<onclick>Close</onclick> 
                </control>			
				<control type="button" id="3138">
				    <width>413</width>
                    <include>DefContextButton</include>
                    <label>535</label>
					<align>left</align>	
                    <onclick>Container.SetViewMode(50)</onclick>
					<onclick>Close</onclick> 
                </control>
            </control>

			<control type="image">
				<left>1025</left>
				<top>184</top>	
				<width>803</width>
				<height>463</height>
				<colordiffuse>White100</colordiffuse>
				<texture border="16">common/rounded-shadow8.png</texture>
			</control>
			<control type="image">
				<visible>ControlGroup(9001).HasFocus(3122)</visible>
				<description>Thumb image</description>
				<left>1036</left>
				<top>196</top>
				<width>780</width>
				<height>439</height>
				<texture border="5">special://skin/extras/views/501.jpg</texture>
			</control>
			<control type="image">
				<visible>ControlGroup(9001).HasFocus(3123)</visible>
				<description>Thumb image</description>
				<left>1036</left>
				<top>196</top>
				<width>780</width>
				<height>439</height>
				<texture border="5">special://skin/extras/views/507.jpg</texture>
			</control>	
			<control type="image">
				<visible>ControlGroup(9001).HasFocus(3124)</visible>
				<description>Thumb image</description>
				<left>1036</left>
				<top>196</top>
				<width>780</width>
				<height>439</height>
				<texture border="5">special://skin/extras/views/56.jpg</texture>
			</control>	
			<control type="image">
				<visible>ControlGroup(9001).HasFocus(3125)</visible>
				<description>Thumb image</description>
				<left>1036</left>
				<top>196</top>
				<width>780</width>
				<height>439</height>
				<texture border="5">special://skin/extras/views/504.jpg</texture>
			</control>	
			<control type="image">
				<visible>ControlGroup(9001).HasFocus(3127)</visible>
				<description>Thumb image</description>
				<left>1036</left>
				<top>196</top>
				<width>780</width>
				<height>439</height>
				<texture border="5">special://skin/extras/views/55.jpg</texture>
			</control>	
			<control type="image">
				<visible>ControlGroup(9001).HasFocus(3128)</visible>
				<description>Thumb image</description>
				<left>1036</left>
				<top>196</top>
				<width>780</width>
				<height>439</height>
				<texture border="5">special://skin/extras/views/57.jpg</texture>
			</control>	
			<control type="image">
				<visible>ControlGroup(9001).HasFocus(3129)</visible>
				<description>Thumb image</description>
				<left>1036</left>
				<top>196</top>
				<width>780</width>
				<height>439</height>
				<texture border="5">special://skin/extras/views/555.jpg</texture>
			</control>	
			<control type="image">
				<visible>ControlGroup(9001).HasFocus(3130)</visible>
				<description>Thumb image</description>
				<left>1036</left>
				<top>196</top>
				<width>780</width>
				<height>439</height>
				<texture border="5">special://skin/extras/views/59.jpg</texture>
			</control>	
			<control type="image">
				<visible>ControlGroup(9001).HasFocus(3131)</visible>
				<description>Thumb image</description>
				<left>1036</left>
				<top>196</top>
				<width>780</width>
				<height>439</height>
				<texture border="5">special://skin/extras/views/54.jpg</texture>
			</control>
			<control type="image">
				<visible>ControlGroup(9001).HasFocus(3132)</visible>
				<description>Thumb image</description>
				<left>1036</left>
				<top>196</top>
				<width>780</width>
				<height>439</height>
				<texture border="5">special://skin/extras/views/51.jpg</texture>
			</control>	
			<control type="image">
				<visible>ControlGroup(9001).HasFocus(3133)</visible>
				<description>Thumb image</description>
				<left>1036</left>
				<top>196</top>
				<width>780</width>
				<height>439</height>
				<texture border="5">special://skin/extras/views/58.jpg</texture>
			</control>
			<control type="image">
				<visible>ControlGroup(9001).HasFocus(3134)</visible>
				<description>Thumb image</description>
				<left>1036</left>
				<top>196</top>
				<width>780</width>
				<height>439</height>
				<texture border="5">special://skin/extras/views/52.jpg</texture>
			</control>	
			<control type="image">
				<visible>ControlGroup(9001).HasFocus(3135)</visible>
				<description>Thumb image</description>
				<left>1036</left>
				<top>196</top>
				<width>780</width>
				<height>439</height>
				<texture border="5">special://skin/extras/views/500.jpg</texture>
			</control>	
			<control type="image">
				<visible>ControlGroup(9001).HasFocus(3136)</visible>
				<description>Thumb image</description>
				<left>1036</left>
				<top>196</top>
				<width>780</width>
				<height>439</height>
				<texture border="5">special://skin/extras/views/53.jpg</texture>
			</control>	
			<control type="image">
				<visible>ControlGroup(9001).HasFocus(3137)</visible>
				<description>Thumb image</description>
				<left>1036</left>
				<top>196</top>
				<width>780</width>
				<height>439</height>
				<texture border="5">special://skin/extras/views/57.jpg</texture>
			</control>		
			<control type="image">
				<visible>ControlGroup(9001).HasFocus(3138)</visible>
				<description>Thumb image</description>
				<left>1036</left>
				<top>196</top>
				<width>780</width>
				<height>439</height>
				<texture border="5">special://skin/extras/views/50.jpg</texture>
			</control>	
		</control>
    </controls>
</window>
