<?xml version="1.0" encoding="UTF-8"?>
<includes>

<include name="DialogAddonInfoWIP">
    <control type="group">
            <animation type="Conditional" reversible="true" condition="Window.IsVisible(FileBrowser.xml) | Window.IsVisible(DialogConfirm.xml) | Window.IsVisible(DialogSelect.xml) | Window.IsVisible(DialogContextMenu.xml) | Window.IsVisible(DialogButtonMenu.xml)">
                <effect type="zoom" end="95" start="100" time="200" center="auto" tween="quadratic" easing="in" />
            </animation>

            <!-- Poster-->
            <control type="group">
                <visible>!Window.IsVisible(script-script.extendedinfo-DialogVideoInfo.xml)</visible>
                <visible>!Window.IsVisible(script-script.extendedinfo-DialogInfo.xml)</visible>
                <animation effect="slide" start="-1920" end="0" delay="0" time="300" tween="quadratic" easing="out">WindowOpen</animation>
                <animation effect="slide" start="0" end="-1920" time="300" tween="quadratic" easing="in">WindowClose</animation>
                <animation effect="slide" start="-1920" end="0" delay="0" time="300" tween="quadratic" easing="out">Visible</animation>
                <animation effect="slide" start="0" end="-1920" time="300" tween="quadratic" easing="in">Hidden</animation>
                <include>View_50_SidePoster_Square</include>
                <include>Animation.VideoFadeOut</include>
            </control>

            <!-- Main -->
            <control type="group">
                <visible>!Window.IsVisible(script-script.extendedinfo-DialogVideoInfo.xml)</visible>
                <visible>!Window.IsVisible(script-script.extendedinfo-DialogInfo.xml)</visible>
                <animation effect="slide" start="1920" end="0" delay="0" time="300" tween="quadratic" easing="out">WindowOpen</animation>
                <animation effect="slide" start="0" end="1920" time="300" tween="quadratic" easing="in">WindowClose</animation>
                <animation effect="slide" start="1920" end="0" delay="0" time="300" tween="quadratic" easing="out">Visible</animation>
                <animation effect="slide" start="0" end="1920" time="300" tween="quadratic" easing="in">Hidden</animation>

                <!-- Control Buttons -->
                <control type="group">
                    <bottom>-80</bottom>
                    <include>Animation.VideoFadeOut</include>
				    <include>DialogAddonInfoNavigationWIP</include>
				</control>
                
                <control type="button" id="9601">
                    <width>1</width>
                    <height>1</height>
                    <visible allowhiddenfocus="true">false</visible>
                    <onback>9000</onback>
                    <onup>9000</onup>
                    <ondown>9000</ondown>
                    <onleft>9000</onleft>
                    <onright>9000</onright>
                </control>
                
                <!-- Info -->
                <control type="group"> 
                    <include>Animation.VideoFadeOut</include>  
                    <top>90</top>
                    <left>ListSquareX</left>
                    <width>1250</width>		
                    <control type="label">
                        <left>30</left>
                        <font>LargeNew</font>
                        <description>Header Label</description>
                        <textcolor>Dark1</textcolor>
                        <label>$INFO[ListItem.AddonName]</label>
                    </control>
                    <control type="label">
                        <left>30</left>
                        <top>55</top>
                        <height>36</height>
                        <font>Tiny</font>
                        <textcolor>Dark1</textcolor>                      
                        <label fallback="19055">$INFO[ListItem.AddonSummary]</label>
                        <aligny>center</aligny>
                    </control>
                </control>
                <control type="group">
                    <left>ListSquareX</left>
                    <right>SidePad</right>
                    <bottom>224</bottom>
                    <top>PosterPad</top>
                    <control type="grouplist">
                        <include>Animation.VideoFadeOut</include>
                        <left>30</left>
                        <right>30</right>
                        <itemgap>0</itemgap>
                        <control type="group">
                            <height>36</height>
                            <control type="label">
                                <width>180</width>
                                <height>36</height>
                                <font>Tiny</font>
                                <textcolor>Dark1</textcolor>
                                <label>[B]$LOCALIZE[467][/B]</label>
                                <aligny>center</aligny>
                            </control>
                            <control type="label">
                                <left>200</left>
                                <width>100%</width>
                                <height>36</height>
                                <font>Tiny</font>
                                <textcolor>Dark2</textcolor>
                                <label fallback="19055">$INFO[ListItem.AddonType]</label>
                                <aligny>center</aligny>
                            </control>
                        </control>
                        <control type="group">
                            <height>36</height>
                            <control type="label">
                                <width>180</width>
                                <height>36</height>
                                <font>Tiny</font>
                                <textcolor>Dark1</textcolor>
                                <label>[B]$LOCALIZE[19114][/B]</label>
                                <aligny>center</aligny>
                            </control>
                            <control type="label">
                                <left>200</left>
                                <width>100%</width>
                                <height>36</height>
                                <font>Tiny</font>
                                <textcolor>Dark2</textcolor>
                                <label fallback="19055">$INFO[ListItem.AddonVersion]</label>
                                <aligny>center</aligny>
                            </control>
                        </control>
                        <control type="group">
                            <height>36</height>
                            <control type="label">
                                <width>180</width>
                                <height>36</height>
                                <font>Tiny</font>
                                <textcolor>Dark1</textcolor>
                                <label>[B]$LOCALIZE[21863][/B]</label>
                                <aligny>center</aligny>
                            </control>
                            <control type="label">
                                <left>200</left>
                                <width>100%</width>
                                <height>36</height>
                                <font>Tiny</font>
                                <textcolor>Dark2</textcolor>
                                <label fallback="19055">$INFO[ListItem.AddonCreator]</label>
                                <aligny>center</aligny>
                            </control>
                        </control>
                        <control type="group">
                            <height>36</height>
                            <control type="label">
                                <width>180</width>
                                <height>36</height>
                                <font>Tiny</font>
                                <textcolor>Dark1</textcolor>
                                <label>[B]$LOCALIZE[560][/B]</label>
                                <aligny>center</aligny>
                            </control>
                            <control type="label">
                                <left>200</left>
                                <width>100%</width>
                                <height>36</height>
                                <font>Tiny</font>
                                <textcolor>Dark2</textcolor>
                                <label fallback="19055">$INFO[ListItem.Property(Addon.ID]</label>
                                <aligny>center</aligny>
                            </control>
                        </control>
                        <control type="group">
                            <height>36</height>
                            <control type="label">
                                <width>180</width>
                                <height>36</height>
                                <font>Tiny</font>
                                <textcolor>Dark1</textcolor>
                                <label>[B]$LOCALIZE[12014][/B]</label>
                                <aligny>center</aligny>
                            </control>
                            <control type="label">
                                <left>200</left>
                                <width>100%</width>
                                <height>36</height>
                                <font>Tiny</font>
                                <textcolor>Dark2</textcolor>
                                <label fallback="19055">$INFO[ListItem.AddonLastUpdated]</label>
                                <aligny>center</aligny>
                            </control>
                        </control>                        
                        <control type="group">
                            <height>35</height>
                        </control>
                        <control type="group">
                            <height>auto</height>
                            <width>100%</width>
                            <control type="textbox">
                                <left>0</left>
                                <right>0</right>
                                <height>110</height>
                                <font>Tiny</font>
                                <textcolor>Dark2</textcolor>
                                <scroll>false</scroll>
                                <align>justify</align>
                                <label>$INFO[ListItem.AddonDescription]$INFO[ListItem.AddonNews,[CR][CR][B]$LOCALIZE[24036][/B][CR]]</label>
                                <aligny>top</aligny>
                            </control>
                        </control>
                    </control>
                    <control type="group">
                        <top>865</top>
                        <left>33</left>
                        <include content="VideoList">
                            <param name="arrowleft" value="-12" />
                            <param name="arrowtop" value="342" />
                            <param name="arrowright" value="87" />
                            <param name="visi" value="true" />
                            <param name="animation" value="Animation.addoninfo" />
                            <param name="controlid" value="50" />
                            <param name="focusposition" value="1" />                                         
                            <param name="listbottom" value="30" />
                            <param name="listleft" value="-800" />
                            <param name="height" value="349" />
                            <param name="width" value="370" />
                            <param name="headerbottom" value="710" />
                            <param name="headerleft" value="-10" />
                            <param name="zoom" value="130" />
                            <param name="labelbottom" value="-90" />
                            <param name="labelleft" value="-20" />
                            <param name="labeltwovisible" value="false" />
                            <param name="labeltwobottom" value="-90" />
                            <param name="labeltwoleft" value="-30" /> 
                        </include>
                        <!--<include content="ListInfoUpdating">
                            <param name="visi" value="true" />
                            <param name="controlid" value="50" />
                            <param name="alignleft" value="450" />
                            <param name="alignbottom" value="240" />
                        </include>-->
                    </control>
                </control>
				<control type="label">
					<right>83</right>
					<bottom>100</bottom>
					<height>50</height>
					<font>Mini</font>
					<scroll>false</scroll>
					<textcolor>Dark3</textcolor>
					<label>$VAR[DialogInfoLabel]</label>
					<aligny>center</aligny>
					<align>right</align>
					<visible>ControlGroup(9000).HasFocus() + !Skin.HasSetting(olddialogbuttons)</visible>
					<include>Animation.FadeIn</include>
					<include>Animation.FadeOut</include>
				</control>               
            </control>
        </control>   
    </include>      


















<include name="DialogAddonInfoOld">
    <control type="group">
            <animation type="Conditional" reversible="true" condition="Window.IsVisible(FileBrowser.xml) | Window.IsVisible(DialogConfirm.xml) | Window.IsVisible(DialogSelect.xml) | Window.IsVisible(DialogContextMenu.xml) | Window.IsVisible(DialogButtonMenu.xml)">
                <effect type="zoom" end="95" start="100" time="200" center="auto" tween="quadratic" easing="in" />
            </animation>

            <!-- Poster-->
            <control type="group">
                <visible>!Window.IsVisible(script-script.extendedinfo-DialogVideoInfo.xml)</visible>
                <visible>!Window.IsVisible(script-script.extendedinfo-DialogInfo.xml)</visible>
                <animation effect="slide" start="-1920" end="0" delay="0" time="300" tween="quadratic" easing="out">WindowOpen</animation>
                <animation effect="slide" start="0" end="-1920" time="300" tween="quadratic" easing="in">WindowClose</animation>
                <animation effect="slide" start="-1920" end="0" delay="0" time="300" tween="quadratic" easing="out">Visible</animation>
                <animation effect="slide" start="0" end="-1920" time="300" tween="quadratic" easing="in">Hidden</animation>
                <include>View_50_SidePoster_Square</include>
            </control>

            <!-- Main -->
            <control type="group">
                <visible>!Window.IsVisible(script-script.extendedinfo-DialogVideoInfo.xml)</visible>
                <visible>!Window.IsVisible(script-script.extendedinfo-DialogInfo.xml)</visible>
                <animation effect="slide" start="1920" end="0" delay="0" time="300" tween="quadratic" easing="out">WindowOpen</animation>
                <animation effect="slide" start="0" end="1920" time="300" tween="quadratic" easing="in">WindowClose</animation>
                <animation effect="slide" start="1920" end="0" delay="0" time="300" tween="quadratic" easing="out">Visible</animation>
                <animation effect="slide" start="0" end="1920" time="300" tween="quadratic" easing="in">Hidden</animation>

                <!-- Control Buttons -->
                <include condition="Skin.HasSetting(olddialogbuttons)">DialogAddonInfoNavigation</include>
				<include condition="!Skin.HasSetting(olddialogbuttons)">DialogAddonInfoNavigationNew</include>

                

                <!-- Info -->
                <control type="group">
                    <left>ListSquareX</left>
                    <right>SidePad</right>
                    <bottom>224</bottom>
                    <top>PosterPad</top>
                    <control type="grouplist">
                        <left>30</left>
                        <right>30</right>
                        <itemgap>0</itemgap>
                        <control type="label">
                            <description>Header Label</description>
                            <textcolor>Dark1</textcolor>
                            <include>DefDialogInfoHeader</include>
                            <label>$INFO[ListItem.AddonName]</label>
                        </control>
                        <control type="group">
                            <height>50</height>
                            <control type="label">
                                <posy>-10</posy>
                                <width>100%</width>
                                <height>36</height>
                                <font>Tiny</font>
                                <textcolor>Dark2</textcolor>
                                <label fallback="19055">$INFO[ListItem.AddonSummary]</label>
                                <aligny>center</aligny>
                            </control>
                        </control>
                        <control type="group">
                            <height>36</height>
                            <control type="label">
                                <width>150</width>
                                <height>36</height>
                                <font>Tiny</font>
                                <textcolor>Dark1</textcolor>
                                <label>[B]$LOCALIZE[467][/B]</label>
                                <aligny>center</aligny>
                            </control>
                            <control type="label">
                                <left>150</left>
                                <width>100%</width>
                                <height>36</height>
                                <font>Tiny</font>
                                <textcolor>Dark2</textcolor>
                                <label fallback="19055">$INFO[ListItem.AddonType]</label>
                                <aligny>center</aligny>
                            </control>
                        </control>
                        <control type="group">
                            <height>36</height>
                            <control type="label">
                                <width>150</width>
                                <height>36</height>
                                <font>Tiny</font>
                                <textcolor>Dark1</textcolor>
                                <label>[B]$LOCALIZE[19114][/B]</label>
                                <aligny>center</aligny>
                            </control>
                            <control type="label">
                                <left>150</left>
                                <width>100%</width>
                                <height>36</height>
                                <font>Tiny</font>
                                <textcolor>Dark2</textcolor>
                                <label fallback="19055">$INFO[ListItem.AddonVersion]</label>
                                <aligny>center</aligny>
                            </control>
                        </control>
                        <control type="group">
                            <height>36</height>
                            <control type="label">
                                <width>150</width>
                                <height>36</height>
                                <font>Tiny</font>
                                <textcolor>Dark1</textcolor>
                                <label>[B]$LOCALIZE[21863][/B]</label>
                                <aligny>center</aligny>
                            </control>
                            <control type="label">
                                <left>150</left>
                                <width>100%</width>
                                <height>36</height>
                                <font>Tiny</font>
                                <textcolor>Dark2</textcolor>
                                <label fallback="19055">$INFO[ListItem.AddonCreator]</label>
                                <aligny>center</aligny>
                            </control>
                        </control>
                        <control type="group">
                            <height>36</height>
                            <control type="label">
                                <width>150</width>
                                <height>36</height>
                                <font>Tiny</font>
                                <textcolor>Dark1</textcolor>
                                <label>[B]$LOCALIZE[560][/B]</label>
                                <aligny>center</aligny>
                            </control>
                            <control type="label">
                                <left>150</left>
                                <width>100%</width>
                                <height>36</height>
                                <font>Tiny</font>
                                <textcolor>Dark2</textcolor>
                                <label fallback="19055">$INFO[ListItem.AddonID]</label>
                                <aligny>center</aligny>
                            </control>
                        </control>

                        <control type="group">
                            <height>24</height>
                        </control>
                        <control type="group">
                            <height>auto</height>
                            <width>100%</width>
                            <control type="textbox">
                                <left>0</left>
                                <right>0</right>
                                <height>240</height>
                                <font>Tiny</font>
                                <textcolor>Dark2</textcolor>
                                <scroll>false</scroll>
                                <align>justify</align>
                                <info>ListItem.AddonDescription</info>
                                <aligny>top</aligny>
                            </control>
                        </control>
                    </control>
                </control>
				<control type="label">
					<right>83</right>
					<bottom>175</bottom>
					<height>50</height>
					<font>Mini</font>
					<scroll>false</scroll>
					<textcolor>Dark3</textcolor>
					<label>$VAR[DialogInfoLabel]</label>
					<aligny>center</aligny>
					<align>right</align>
					<visible>ControlGroup(9000).HasFocus() + !Skin.HasSetting(olddialogbuttons)</visible>
					<include>Animation.FadeIn</include>
					<include>Animation.FadeOut</include>
				</control>               
            </control>
        </control>
   </include>      
</includes>        
        