<?xml version="1.0" encoding="UTF-8"?>
<!-- Foundation -->
<includes>
    <include name="View_516_SeasonsInfo">
        <description>List View (id=516)</description>
        <control type="group">
            <include>Animation.Common</include>
            <visible>Control.IsVisible(516)</visible>
			<include>JumpBarHorizontal</include>
			<include>ViewSlideForJumpBar</include>
            <control type="group">            
                <control type="list" id="516">
                    <visible>Container.Content(seasons)</visible>
                    <top>206</top>
                    <right>70</right>
                    <width>1112</width>
                    <height>340</height>
                    <onleft>516</onleft>
                    <onright>516</onright>
                    <onup condition="!Skin.HasSetting(global.kioskmode)">9000</onup>
                    <ondown>5161</ondown>
                    <preloaditems>2</preloaditems>
                    <pagecontrol>1604</pagecontrol>
                    <orientation>horizontal</orientation>
                    <viewtype label="37775">list</viewtype>
                    <scrolltime tween="quadratic">400</scrolltime>
                    <itemlayout height="335" width="222">
                        <control type="image">
                            <left>2</left>
                            <top>0</top>
                            <right>0</right>
                            <bottom>10</bottom>
                            <texture border="10">common/$VAR[nofocus-shadow10]</texture>
                        </control>
                        <control type="image">
                            <left>9</left>
                            <top>9</top>
                            <right>9</right>
                            <bottom>19</bottom>                          
                            <texture colordiffuse="Box2" border="4" background="true">common/box21.png</texture>   
                            <visible>!Skin.HasSetting(thumbnails.white)</visible>                        
                        </control>
                        <control type="image">
                            <left>12</left>
                            <top>10</top>
                            <right>10</right>
                            <bottom>20</bottom>
                            <aspectratio scalediffuse="false">scale</aspectratio>
                            <texture diffuse="diffuse/wall.png" background="true">$VAR[PosterImage]</texture>
                        </control>
                        <control type="label">
                            <align>center</align>
                            <aligny>center</aligny>
                            <width>50</width>
                            <right>7</right>
                            <top>6</top>
                            <height>50</height>
                            <textcolor>$VAR[WatchedBackingColor]</textcolor>
                            <font>SymbolPosterBackground</font>
                            <label>$VAR[WatchedBacking]</label>
                            <visible>!String.IsEqual(ListItem.Label,..)</visible>
                        </control>
                        <control type="label">
                            <align>center</align>
                            <aligny>center</aligny>
                            <width>50</width>
                            <right>7</right>
                            <top>6</top>
                            <height>50</height>
                            <textcolor>$VAR[WatchedLabelPosterColor]</textcolor>
                            <font>SymbolPoster</font>
                            <label>$VAR[WatchedLabelPoster]</label>
                            <visible>!String.IsEqual(ListItem.Label,..)</visible>
                        </control>
                        <!-- ALternative Titelanzeigen -->
                        <control type="group">
                            <visible>Skin.HasSetting(wall.infooverlay) + !String.IsEqual(ListItem.Label,..)</visible>
                            <top>8</top>
                            <control type="image">
                                <top>257</top>
                                <width>200</width>
                                <height>50</height>
                                <left>12</left>
                                <texture colordiffuse="B3333333">common/black-back.png</texture>                                
                            </control>
                            <control type="label">
                                <top>255</top>
                                <width>180</width>
                                <height>50</height>
                                <left>20</left>  
                                <font>Mini</font>
                                <textcolor>PanelWhite100</textcolor>
                                <label>$INFO[ListItem.Label]</label>
                            </control>
                        </control>
                    </itemlayout>
                    <focusedlayout height="335" width="222">
                        <control type="image">
                            <left>2</left>
                            <top>0</top>
                            <right>0</right>
                            <bottom>10</bottom>
                            <texture border="10">common/$VAR[nofocus-shadow10]</texture>
                        </control>
                        <control type="image">
                            <left>9</left>
                            <top>9</top>
                            <right>9</right>
                            <bottom>19</bottom>                          
                             <texture colordiffuse="Box2" border="4" background="true">common/box21.png</texture>      
                            <visible>!Skin.HasSetting(thumbnails.white)</visible>                        
                        </control>
                        <control type="image">
                            <left>12</left>
                            <top>10</top>
                            <right>10</right>
                            <bottom>20</bottom>
                            <aspectratio scalediffuse="false">scale</aspectratio>
                            <texture diffuse="diffuse/wall.png" background="true">$VAR[PosterImage]</texture>
                        </control>
                        <control type="label">
                            <align>center</align>
                            <aligny>center</aligny>
                            <width>50</width>
                            <right>7</right>
                            <top>6</top>
                            <height>50</height>
                            <textcolor>$VAR[WatchedBackingColor]</textcolor>
                            <font>SymbolPosterBackground</font>
                            <label>$VAR[WatchedBacking]</label>
                            <visible>!String.IsEqual(ListItem.Label,..)</visible>
                        </control>
                        <control type="label">
                            <align>center</align>
                            <aligny>center</aligny>
                            <width>50</width>
                            <right>7</right>
                            <top>6</top>
                            <height>50</height>
                            <textcolor>$VAR[WatchedLabelPosterColor]</textcolor>
                            <font>SymbolPoster</font>
                            <label>$VAR[WatchedLabelPoster]</label>
                            <visible>!String.IsEqual(ListItem.Label,..)</visible>
                        </control>
                        <control type="image">
                            <left>5</left>
                            <top>3</top>
                            <right>3</right>
                            <bottom>13</bottom>
                            <texture colordiffuse="$VAR[ColorSquares]" border="20">common/selectbox.png</texture>
                            <animation center="auto" condition="Control.HasFocus(516)" effect="fade" end="100" start="0" time="250">Focus</animation>
                            <animation center="auto" condition="Control.HasFocus(516)"  effect="fade" end="0" start="100" time="50">UnFocus</animation>
                        </control>
                    </focusedlayout>
                </control>    
                <control type="list" id="5161">
                    <visible>Control.IsVisible(516)</visible>
                    <top>598</top>
                    <height>280</height>
                    <right>SidePad</right>
                    <width>1100</width>                    
                    <animation effect="slide" start="0,0" end="0,-13" time="0" condition="Skin.HasSetting(511ListInfo)">Conditional</animation>
                    <onleft>516</onleft>
                    <onright>1603</onright>
                    <onup>516</onup>
                    <ondown>5161</ondown>
                    <onback>516</onback>
                    <focusposition>3</focusposition>
                    <movement>3</movement>
                    <pagecontrol>1603</pagecontrol>
                    <viewtype label="37775">list</viewtype>
                    <scrolltime tween="quadratic">400</scrolltime>
                    <itemlayout condition="!Skin.HasSetting(511ListInfo)" width="1100" height="64">
                        <include>50itemlayout</include>
                    </itemlayout>
                    <focusedlayout condition="!Skin.HasSetting(511ListInfo)" width="1100" height="64">
                        <control type="group">
                            <visible>!Control.HasFocus(60)</visible>
                            <include>50focuslayout</include>
                        </control>
                        <control type="group">
                            <visible>Control.HasFocus(60)</visible>
                            <include>50itemlayout</include>
                        </control>
                    </focusedlayout>					
					<itemlayout condition="Skin.HasSetting(511ListInfo)" width="1100" height="90">
                        <include>50itemlayout_info</include>
                    </itemlayout>
                    <focusedlayout condition="Skin.HasSetting(511ListInfo)" width="1100" height="90">
                        <control type="group">
                            <visible>Control.HasFocus(5161)</visible>
                            <include>50focuslayout_info</include>
                        </control>
                        <control type="group">
                            <visible>!Control.HasFocus(5161)</visible>
                            <include>50itemlayout_info</include>
                        </control>
                    </focusedlayout>
                    <content target="videos" sortby="episode" sortorder="ascending">$INFO[Container(516).ListItem.FolderPath]</content>
                </control>
                <control type="scrollbar" id="1603">			   
                    <include content="scrollbar_vertical">
                        <param name="scrollid" value="1603" />
                    </include>
                </control>
            </control>
            <include content="Fanart_Info">
                <param name="posx" value="70" />
            </include>
        </control>
    </include>
    

    
    
    
</includes>