<?xml version="1.0" encoding="UTF-8"?>
<!-- Foundation -->
<fonts>

	<fontset id="Default" unicode="true">
	
	<font>
	<name>lyrics1</name>
	<filename>lyrspin03.ttf</filename>
	<style>lowercase</style>
	<linespacing>0.9</linespacing>
	<size>120</size>
	</font>
	<font>
	<name>lyrics1b</name>
	<filename>lyrspin04.ttf</filename>
	<linespacing>0.8</linespacing>
	<size>75</size>
	</font>
	<font>
	<name>lyrics2</name>
	<filename>lyrspin09.ttf</filename>
	<linespacing>0.9</linespacing>
	<size>120</size>
	</font>
	<font>
	<name>lyrics2b</name>
	<filename>lyrspin01.ttf</filename>
	<linespacing>0.85</linespacing>
	<size>62</size>
	</font>
	<font>
	<name>lyrics3</name>
	<filename>lyrspin05.ttf</filename>
	<linespacing>0.9</linespacing>
	<size>120</size>
	</font>
	<font>
	<name>lyrics3b</name>
	<filename>lyrspin06.ttf</filename>
	<linespacing>0.85</linespacing>
	<size>62</size>
	</font>
	<font>
	<name>lyrics4</name>
	<filename>lyrspin08.ttf</filename>
	<linespacing>0.8</linespacing>
	<size>60</size>
	</font>
	<font>
	<name>lyrics4b</name>
	<filename>lyrspin09.ttf</filename>
	<linespacing>0.9</linespacing>
	<size>120</size>
	</font>
	<font>
	<name>lyrics5</name>
	<style>uppercase</style>
	<filename>lyrspin10.ttf</filename>
	<size>140</size>
	</font>
	<font>
	<name>lyrics5b</name>
	<filename>lyrspin04.ttf</filename>
	<linespacing>0.8</linespacing>
	<size>75</size>
	</font>
	<font>
	<name>lyrics6</name>
	<filename>lyrspin07.ttf</filename>
	<aspect>1.3</aspect>
	<style>lowercase</style>
	<linespacing>0.9</linespacing>
	<size>104</size>
	</font>
	<font>
	<name>lyrics6b</name>
	<filename>lyrspin08.ttf</filename>
	<linespacing>0.8</linespacing>
	<size>60</size>
	</font>
	<font>
	<name>lyrics7</name>
	<filename>lyrspin03.ttf</filename>
	<style>lowercase</style>
	<linespacing>0.9</linespacing>
	<size>120</size>
	</font>
	<font>
	<name>lyrics7b</name>
	<filename>lyrspin06.ttf</filename>
	<linespacing>0.85</linespacing>
	<size>62</size>
	</font>
	<font>
	<name>lyrics8</name>
	<filename>lyrspin05.ttf</filename>
	<linespacing>0.9</linespacing>
	<size>120</size>
	</font>
	<font>
	<name>lyrics8b</name>
	<filename>lyrspin02.ttf</filename>
	<linespacing>0.85</linespacing>
	<size>70</size>
	</font>
	<font>
	<name>lyrics9</name>
	<filename>lyrspin07.ttf</filename>
	<style>lowercase</style>
	<linespacing>0.9</linespacing>
	<size>275</size>
	</font>
	<font>
	<name>lyrics9b</name>
	<filename>lyrspin07.ttf</filename>
	<style>lowercase</style>
	<linespacing>0.9</linespacing>
	<size>165</size>
	</font>
	<font>
	<name>lyrics9c</name>
	<filename>lyrspin07.ttf</filename>
	<style>lowercase</style>
	<linespacing>0.9</linespacing>
	<size>220</size>
	</font>
	<font>
	<name>lyrics9d</name>
	<filename>lyrspin01.ttf</filename>
	<linespacing>0.85</linespacing>
	<size>60</size>
	</font>
	<font>
	<name>lyrics0</name>
	<style>uppercase</style>
	<filename>lyrspin10.ttf</filename>
	<size>125</size>
	</font>
	<font>
	<name>lyrics0a</name>
	<style>uppercase</style>
	<filename>lyrspin10.ttf</filename>
	<size>175</size>
	</font>
	<font>
	<name>lyrics0b</name>
	<style>uppercase</style>
	<filename>lyrspin10.ttf</filename>
	<size>225</size>
	</font>
	<font>
	<name>lyrics0c</name>
	<filename>lyrspin02.ttf</filename>
	<linespacing>0.85</linespacing>
	<size>70</size>
	</font>
	<font>
	<name>lyrics1s</name>
	<filename>lyrspin02.ttf</filename>
	<linespacing>1.15</linespacing>
	<size>76</size>
	</font>
	<font>
	<name>lyrics3s</name>
	<filename>lyrspin04.ttf</filename>
	<linespacing>0.80</linespacing>
	<aspect>1.1</aspect>
	<size>92</size>
	</font>
	<font>
	<name>lyrics5s</name>
	<filename>lyrspin01.ttf</filename>
	<linespacing>0.8</linespacing>
	<size>80</size>
	</font>
	<font>
	<name>lyrics7s</name>
	<filename>lyrspin08.ttf</filename>
	<style>bold</style>
	<linespacing>0.75</linespacing>
	<size>72</size>
	</font>
	<font>
	<name>lyrics9s</name>
	<filename>lyrspin06.ttf</filename>
	<linespacing>0.85</linespacing>
	<size>80</size>
	</font>

        <font>
            <name>LargeBold</name>
            <style>uppercase</style>
            <filename>default-light.ttf</filename>
            <size>50</size>
        </font>
        <font>
            <name>Lyrics</name>
            <filename>default-light.ttf</filename>
            <size>43</size>
        </font>
        <font>
            <name>Large</name>
            <filename>default-light.ttf</filename>
            <size>43</size>
        </font>
        <font>
            <name>EpisodeNumber</name>
            <filename>default-light.ttf</filename>
            <size>98</size>
        </font>
        <font>
            <name>Medium</name>
            <filename>default-light.ttf</filename>
            <size>36</size>
        </font>
		 <font>
            <name>Medium2x</name>
            <filename>default-light.ttf</filename>
            <size>26</size>
			<style>bold</style>
        </font>
		
		<font>
            <name>SymbolPoster</name>
            <filename>symbol.ttf</filename>
            <size>18</size>
			
        </font>
		<font>
            <name>SymbolPosterBackground</name>
            <filename>symbol.ttf</filename>
            <size>32</size>		
        </font>
		
		<font>
            <name>SymbolList</name>
            <filename>symbol.ttf</filename>
            <size>20</size>
			
        </font>
		
		
		<font>
            <name>Symbols</name>
            <filename>Symbols.ttf</filename>
            <size>28</size>
			<style>bold</style>
        </font>
		<font>
            <name>Symbols2</name>
            <filename>Symbols.ttf</filename>
            <size>28</size>		
        </font>

        <font>
            <name>MediumBold</name>
            <filename>default-light.ttf</filename>
            <size>34</size>
			<!--<style>bold</style>-->
			
        </font>
		
		<font>
            <name>LabelInfo</name>
            <filename>default-light.ttf</filename>
            <size>28</size>
        </font>
		
		<font>
            <name>LabelInfoSub</name>
            <filename>default-light.ttf</filename>
            <size>24</size>
        </font>
        
        <font>
		<!-- Liste Jahreszahlen, Berwertung und so-->
            <name>Small</name>
            <filename>default-light.ttf</filename>
            <size>28</size>
        </font>
        <font>
            <name>SmallBold</name>
            <filename>default-light.ttf</filename>
            <size>32</size>
			
			<!--
			Dateilisten und Info Überschrift manchmal<style>bold</style>-->
        </font>
        
      
        <font>
			<!-- Text Home Rampenlicht textfeld-->
            <name>Tiny</name>
            <filename>default-light.ttf</filename>
            <size>24</size>
            <linespacing>1.1</linespacing>
        </font>
		
		<font>
			<!-- Text Home Rampenlicht textfeld-->
            <name>TinyInfo</name>
            <filename>default-light.ttf</filename>
            <size>28</size>
            
        </font>
		
		<font>
			<!-- Text Home Rampenlicht textfeld-->
            <name>ChannelInfo</name>
            <filename>default-light.ttf</filename>
            <size>25</size>
            
        </font>
		
		<font>
			<!-- Text Home Rampenlicht textfeld-->
            <name>ChannelTiny</name>
            <filename>default-light.ttf</filename>
            <size>20</size>
            
        </font>
		
		<font>
			<!-- Text Home Rampenlicht textfeld-->
            <name>TinyBold2</name>
            <filename>default-light.ttf</filename>
            <size>24</size>
            <style>bold</style>
        </font>
		
		<font>
			<!-- Text Home Rampenlicht textfeld-->
            <name>Tiny44</name>
            <filename>default-light.ttf</filename>
            <size>18</size>
            
        </font>
        <font>
		<!-- Überschrift Home Rampenlicht Überschrift-->
            <name>TinyBold</name>
            <filename>default-light.ttf</filename>
			<style>bold</style>
            <size>28</size>
        </font>
        <font>
            <name>Mini</name>
           <filename>default-light.ttf</filename>
            <size>24</size>
        </font>
        <font>
            <name>Button</name>
            <style>uppercase</style>
           <filename>default-light.ttf</filename>
            <size>26</size>
        </font>
        
        <font>
            <name>Flag</name>
            <style>uppercase</style>
            <filename>default-light.ttf</filename>
            <size>24</size>
        </font>
        <font>
            <name>EPGTimeline</name>
            <filename>default-light.ttf</filename>
            <size>18</size>
            <style>uppercase</style>
        </font>
        <font>
            <name>Home</name>
            <style>uppercase</style>
            <filename>default-light.ttf</filename>
            <size>38</size>
        </font>
        <font>
            <name>HomeFO</name>
            <style>uppercase</style>
            <filename>default-light.ttf</filename>
            <size>50</size>
        </font>
        <font>
            <name>HomeIcon</name>
            <style>uppercase</style>
            <filename>default-light.ttf</filename>
            <size>24</size>
        </font>
        
        <font>
            <name>WidgetSelector</name>
            <style>uppercase</style>
            <filename>default-light.ttf</filename>
            <size>20</size>
        </font>
       
        <!-- Required for system -->
        <font>
            <name>font13</name>
            <filename>default-light.ttf</filename>
            <size>28</size>
        </font>
        <font>
            <name>Clock</name>
           <filename>default-light.ttf</filename>
            <size>130</size>
			
        </font>  
		
		<font>
            <name>WatchedStates</name>
            <filename>default-light.ttf</filename>
            <size>18</size>
        </font> 
		
		<font>
            <name>Small24</name>
            <filename>default-light.ttf</filename>
            <size>22</size>
			
        </font>  
		
		<font>
            <name>Small20</name>
            <filename>default-light.ttf</filename>
            <size>17</size>
			
        </font>
		
		<font>
            <name>Small16</name>
            <filename>default-light.ttf</filename>
            <size>14</size>
			
        </font> 
		
		<font>
            <name>Small333</name>
            <filename>default-light.ttf</filename>
            <size>24</size>
			
        </font> 
		
		<font>
            <name>SmallBold2</name>
            <filename>default-light.ttf</filename>
            <size>36</size>
			
			<!--
			Titel Filmeauswahl-->
        </font>
		  
		<font>
            <name>Small33</name>
            <filename>default-light.ttf</filename>
            <size>26</size>
        </font>  
		<font>
            <name>SmallNavi</name>
            <filename>default-light.ttf</filename>
            <size>27</size>
        </font> 
		
		<font>
            <name>Name1</name>
            <filename>default-light.ttf</filename>
            <size>32</size>
        </font>  
		
		<font>
            <name>Genre1</name>
            <filename>default-light.ttf</filename>
            <size>21</size>
        </font>
		
		<font>
            <name>Year1</name>
            <filename>default-light.ttf</filename>
            <size>48</size>
        </font>
		
		<font>
            <name>Text1</name>
            <filename>default-light.ttf</filename>
            <size>24</size>
        </font>
		
		<font>
            <name>Dauer1</name>
            <filename>default-light.ttf</filename>
            <size>23</size>

        </font>

		<font>
            <name>SmallNew</name>
            <filename>default-light.ttf</filename>
            <size>32</size>
        </font>
		
		<font>
            <name>SmallPVR</name>
            <filename>default-light.ttf</filename>
            <size>24</size>
        </font>
		
    </fontset>
	
	<fontset id="Default bold" unicode="true">
	
	<font>
	<name>lyrics1</name>
	<filename>lyrspin03.ttf</filename>
	<style>lowercase</style>
	<linespacing>0.9</linespacing>
	<size>120</size>
	</font>
	<font>
	<name>lyrics1b</name>
	<filename>lyrspin04.ttf</filename>
	<linespacing>0.8</linespacing>
	<size>75</size>
	</font>
	<font>
	<name>lyrics2</name>
	<filename>lyrspin09.ttf</filename>
	<linespacing>0.9</linespacing>
	<size>120</size>
	</font>
	<font>
	<name>lyrics2b</name>
	<filename>lyrspin01.ttf</filename>
	<linespacing>0.85</linespacing>
	<size>62</size>
	</font>
	<font>
	<name>lyrics3</name>
	<filename>lyrspin05.ttf</filename>
	<linespacing>0.9</linespacing>
	<size>120</size>
	</font>
	<font>
	<name>lyrics3b</name>
	<filename>lyrspin06.ttf</filename>
	<linespacing>0.85</linespacing>
	<size>62</size>
	</font>
	<font>
	<name>lyrics4</name>
	<filename>lyrspin08.ttf</filename>
	<linespacing>0.8</linespacing>
	<size>60</size>
	</font>
	<font>
	<name>lyrics4b</name>
	<filename>lyrspin09.ttf</filename>
	<linespacing>0.9</linespacing>
	<size>120</size>
	</font>
	<font>
	<name>lyrics5</name>
	<style>uppercase</style>
	<filename>lyrspin10.ttf</filename>
	<size>140</size>
	</font>
	<font>
	<name>lyrics5b</name>
	<filename>lyrspin04.ttf</filename>
	<linespacing>0.8</linespacing>
	<size>75</size>
	</font>
	<font>
	<name>lyrics6</name>
	<filename>lyrspin07.ttf</filename>
	<aspect>1.3</aspect>
	<style>lowercase</style>
	<linespacing>0.9</linespacing>
	<size>104</size>
	</font>
	<font>
	<name>lyrics6b</name>
	<filename>lyrspin08.ttf</filename>
	<linespacing>0.8</linespacing>
	<size>60</size>
	</font>
	<font>
	<name>lyrics7</name>
	<filename>lyrspin03.ttf</filename>
	<style>lowercase</style>
	<linespacing>0.9</linespacing>
	<size>120</size>
	</font>
	<font>
	<name>lyrics7b</name>
	<filename>lyrspin06.ttf</filename>
	<linespacing>0.85</linespacing>
	<size>62</size>
	</font>
	<font>
	<name>lyrics8</name>
	<filename>lyrspin05.ttf</filename>
	<linespacing>0.9</linespacing>
	<size>120</size>
	</font>
	<font>
	<name>lyrics8b</name>
	<filename>lyrspin02.ttf</filename>
	<linespacing>0.85</linespacing>
	<size>70</size>
	</font>
	<font>
	<name>lyrics9</name>
	<filename>lyrspin07.ttf</filename>
	<style>lowercase</style>
	<linespacing>0.9</linespacing>
	<size>275</size>
	</font>
	<font>
	<name>lyrics9b</name>
	<filename>lyrspin07.ttf</filename>
	<style>lowercase</style>
	<linespacing>0.9</linespacing>
	<size>165</size>
	</font>
	<font>
	<name>lyrics9c</name>
	<filename>lyrspin07.ttf</filename>
	<style>lowercase</style>
	<linespacing>0.9</linespacing>
	<size>220</size>
	</font>
	<font>
	<name>lyrics9d</name>
	<filename>lyrspin01.ttf</filename>
	<linespacing>0.85</linespacing>
	<size>60</size>
	</font>
	<font>
	<name>lyrics0</name>
	<style>uppercase</style>
	<filename>lyrspin10.ttf</filename>
	<size>125</size>
	</font>
	<font>
	<name>lyrics0a</name>
	<style>uppercase</style>
	<filename>lyrspin10.ttf</filename>
	<size>175</size>
	</font>
	<font>
	<name>lyrics0b</name>
	<style>uppercase</style>
	<filename>lyrspin10.ttf</filename>
	<size>225</size>
	</font>
	<font>
	<name>lyrics0c</name>
	<filename>lyrspin02.ttf</filename>
	<linespacing>0.85</linespacing>
	<size>70</size>
	</font>
	<font>
	<name>lyrics1s</name>
	<filename>lyrspin02.ttf</filename>
	<linespacing>1.15</linespacing>
	<size>76</size>
	</font>
	<font>
	<name>lyrics3s</name>
	<filename>lyrspin04.ttf</filename>
	<linespacing>0.80</linespacing>
	<aspect>1.1</aspect>
	<size>92</size>
	</font>
	<font>
	<name>lyrics5s</name>
	<filename>lyrspin01.ttf</filename>
	<linespacing>0.8</linespacing>
	<size>80</size>
	</font>
	<font>
	<name>lyrics7s</name>
	<filename>lyrspin08.ttf</filename>
	<style>bold</style>
	<linespacing>0.75</linespacing>
	<size>72</size>
	</font>
	<font>
	<name>lyrics9s</name>
	<filename>lyrspin06.ttf</filename>
	<linespacing>0.85</linespacing>
	<size>80</size>
	</font>

        <font>
            <name>LargeBold</name>
            <style>uppercase bold</style>
            <filename>default-light.ttf</filename>
            <size>46</size>
        </font>
        <font>
            <name>Lyrics</name>
            <filename>default-light.ttf</filename>
            <size>43</size>
        </font>
        <font>
            <name>Large</name>
            <filename>default-light.ttf</filename>
            <size>43</size>
        </font>
        <font>
            <name>EpisodeNumber</name>
            <filename>default-light.ttf</filename>
            <size>98</size>
        </font>
        <font>
            <name>Medium</name>
            <filename>default-light.ttf</filename>
            <size>36</size>
        </font>
		 <font>
            <name>Medium2x</name>
            <filename>default-light.ttf</filename>
            <size>26</size>
			<style>bold</style>
        </font>
		
		<font>
            <name>SymbolPoster</name>
            <filename>symbol.ttf</filename>
            <size>18</size>
			
        </font>
		<font>
            <name>SymbolPosterBackground</name>
            <filename>symbol.ttf</filename>
            <size>32</size>		
        </font>
		
		<font>
            <name>SymbolList</name>
            <filename>symbol.ttf</filename>
            <size>20</size>
			
        </font>
		
		
		<font>
            <name>Symbols</name>
            <filename>Symbols.ttf</filename>
            <size>28</size>
			<style>bold</style>
        </font>
		<font>
            <name>Symbols2</name>
            <filename>Symbols.ttf</filename>
            <size>28</size>		
        </font>

        <font>
            <name>MediumBold</name>
            <filename>default-light.ttf</filename>
            <size>34</size>
			<style>bold</style>
			
        </font>
		
		<font>
            <name>LabelInfo</name>
            <filename>default-light.ttf</filename>
            <size>28</size>
        </font>
		
		<font>
            <name>LabelInfoSub</name>
            <filename>default-light.ttf</filename>
            <size>24</size>
        </font>
        
        <font>
		<!-- Liste Jahreszahlen, Berwertung und so-->
            <name>Small</name>
            <filename>default-light.ttf</filename>
            <size>28</size>
        </font>
        <font>
            <name>SmallBold</name>
            <filename>default-light.ttf</filename>
            <size>32</size>
			<style>bold</style>
			<!--
			Dateilisten und Info Überschrift manchmal<style>bold</style>-->
        </font>
        
      
        <font>
			<!-- Text Home Rampenlicht textfeld-->
            <name>Tiny</name>
            <filename>default-light.ttf</filename>
            <size>24</size>
            <linespacing>1.1</linespacing>
        </font>
		
		<font>
			<!-- Text Home Rampenlicht textfeld-->
            <name>TinyInfo</name>
            <filename>default-light.ttf</filename>
            <size>28</size>
            
        </font>
		
		<font>
			<!-- Text Home Rampenlicht textfeld-->
            <name>ChannelInfo</name>
            <filename>default-light.ttf</filename>
            <size>25</size>
            
        </font>
		
		<font>
			<!-- Text Home Rampenlicht textfeld-->
            <name>ChannelTiny</name>
            <filename>default-light.ttf</filename>
            <size>20</size>
            
        </font>
		
		<font>
			<!-- Text Home Rampenlicht textfeld-->
            <name>TinyBold2</name>
            <filename>default-light.ttf</filename>
            <size>24</size>
            <style>bold</style>
        </font>
		
		<font>
			<!-- Text Home Rampenlicht textfeld-->
            <name>Tiny44</name>
            <filename>default-light.ttf</filename>
            <size>18</size>
            
        </font>
        <font>
		<!-- Überschrift Home Rampenlicht Überschrift-->
            <name>TinyBold</name>
            <filename>default-light.ttf</filename>
			<style>bold</style>
            <size>28</size>
        </font>
        <font>
            <name>Mini</name>
           <filename>default-light.ttf</filename>
            <size>24</size>
        </font>
        <font>
            <name>Button</name>
            <style>uppercase</style>
           <filename>default-light.ttf</filename>
            <size>26</size>
        </font>
        
        <font>
            <name>Flag</name>
            <style>uppercase bold</style>
            <filename>default-light.ttf</filename>
            <size>24</size>
        </font>
        <font>
            <name>EPGTimeline</name>
            <filename>default-light.ttf</filename>
            <size>18</size>
            <style>uppercase</style>
        </font>
        <font>
            <name>Home</name>
            <style>uppercase bold</style>
            <filename>default-light.ttf</filename>
            <size>35</size>
        </font>
        <font>
            <name>HomeFO</name>
            <style>uppercase</style>
            <filename>default-light.ttf</filename>
            <size>50</size>
        </font>
        <font>
            <name>HomeIcon</name>
            <style>uppercase</style>
            <filename>default-light.ttf</filename>
            <size>24</size>
        </font>
        
        <font>
            <name>WidgetSelector</name>
            <style>uppercase</style>
            <filename>default-light.ttf</filename>
            <size>20</size>
        </font>
       
        <!-- Required for system -->
        <font>
            <name>font13</name>
            <filename>default-light.ttf</filename>
            <size>28</size>
        </font>
        <font>
            <name>Clock</name>
           <filename>default-light.ttf</filename>
            <size>130</size>
			
        </font>  
		
		<font>
            <name>WatchedStates</name>
            <filename>default-light.ttf</filename>
            <size>18</size>
        </font> 
		
		<font>
            <name>Small24</name>
            <filename>default-light.ttf</filename>
            <size>22</size>
			
        </font>  
		
		<font>
            <name>Small20</name>
            <filename>default-light.ttf</filename>
            <size>17</size>
			
        </font>
		
		<font>
            <name>Small16</name>
            <filename>default-light.ttf</filename>
            <size>14</size>
			
        </font> 
		
		<font>
            <name>Small333</name>
            <filename>default-light.ttf</filename>
            <size>24</size>
			
        </font> 
		
		<font>
            <name>SmallBold2</name>
            <filename>default-light.ttf</filename>
            <size>36</size>
			<style>bold</style>
			<!--
			Titel Filmeauswahl-->
        </font>
		  
		<font>
            <name>Small33</name>
            <filename>default-light.ttf</filename>
            <size>26</size>
        </font>  
		<font>
            <name>SmallNavi</name>
            <filename>default-light.ttf</filename>
            <size>27</size>
        </font> 
		
		<font>
            <name>Name1</name>
            <filename>default-light.ttf</filename>
            <size>32</size>
			<style>bold</style>
        </font>  
		
		<font>
            <name>Genre1</name>
            <filename>default-light.ttf</filename>
            <size>21</size>
        </font>
		
		<font>
            <name>Year1</name>
            <filename>default-light.ttf</filename>
            <size>48</size>
			<style>bold</style>
        </font>
		
		<font>
            <name>Text1</name>
            <filename>default-light.ttf</filename>
            <size>24</size>
        </font>
		
		<font>
            <name>Dauer1</name>
            <filename>default-light.ttf</filename>
            <size>23</size>

        </font>

		<font>
            <name>SmallNew</name>
            <filename>default-light.ttf</filename>
            <size>32</size>
        </font>
		
		<font>
            <name>SmallPVR</name>
            <filename>default-light.ttf</filename>
            <size>24</size>
        </font>
		
    </fontset>
	
	<fontset id="MC360" unicode="true">
	<font>
	<name>lyrics1</name>
	<filename>lyrspin03.ttf</filename>
	<style>lowercase</style>
	<linespacing>0.9</linespacing>
	<size>120</size>
	</font>
	<font>
	<name>lyrics1b</name>
	<filename>lyrspin04.ttf</filename>
	<linespacing>0.8</linespacing>
	<size>75</size>
	</font>
	<font>
	<name>lyrics2</name>
	<filename>lyrspin09.ttf</filename>
	<linespacing>0.9</linespacing>
	<size>120</size>
	</font>
	<font>
	<name>lyrics2b</name>
	<filename>lyrspin01.ttf</filename>
	<linespacing>0.85</linespacing>
	<size>62</size>
	</font>
	<font>
	<name>lyrics3</name>
	<filename>lyrspin05.ttf</filename>
	<linespacing>0.9</linespacing>
	<size>120</size>
	</font>
	<font>
	<name>lyrics3b</name>
	<filename>lyrspin06.ttf</filename>
	<linespacing>0.85</linespacing>
	<size>62</size>
	</font>
	<font>
	<name>lyrics4</name>
	<filename>lyrspin08.ttf</filename>
	<linespacing>0.8</linespacing>
	<size>60</size>
	</font>
	<font>
	<name>lyrics4b</name>
	<filename>lyrspin09.ttf</filename>
	<linespacing>0.9</linespacing>
	<size>120</size>
	</font>
	<font>
	<name>lyrics5</name>
	<style>uppercase</style>
	<filename>lyrspin10.ttf</filename>
	<size>140</size>
	</font>
	<font>
	<name>lyrics5b</name>
	<filename>lyrspin04.ttf</filename>
	<linespacing>0.8</linespacing>
	<size>75</size>
	</font>
	<font>
	<name>lyrics6</name>
	<filename>lyrspin07.ttf</filename>
	<aspect>1.3</aspect>
	<style>lowercase</style>
	<linespacing>0.9</linespacing>
	<size>104</size>
	</font>
	<font>
	<name>lyrics6b</name>
	<filename>lyrspin08.ttf</filename>
	<linespacing>0.8</linespacing>
	<size>60</size>
	</font>
	<font>
	<name>lyrics7</name>
	<filename>lyrspin03.ttf</filename>
	<style>lowercase</style>
	<linespacing>0.9</linespacing>
	<size>120</size>
	</font>
	<font>
	<name>lyrics7b</name>
	<filename>lyrspin06.ttf</filename>
	<linespacing>0.85</linespacing>
	<size>62</size>
	</font>
	<font>
	<name>lyrics8</name>
	<filename>lyrspin05.ttf</filename>
	<linespacing>0.9</linespacing>
	<size>120</size>
	</font>
	<font>
	<name>lyrics8b</name>
	<filename>lyrspin02.ttf</filename>
	<linespacing>0.85</linespacing>
	<size>70</size>
	</font>
	<font>
	<name>lyrics9</name>
	<filename>lyrspin07.ttf</filename>
	<style>lowercase</style>
	<linespacing>0.9</linespacing>
	<size>275</size>
	</font>
	<font>
	<name>lyrics9b</name>
	<filename>lyrspin07.ttf</filename>
	<style>lowercase</style>
	<linespacing>0.9</linespacing>
	<size>165</size>
	</font>
	<font>
	<name>lyrics9c</name>
	<filename>lyrspin07.ttf</filename>
	<style>lowercase</style>
	<linespacing>0.9</linespacing>
	<size>220</size>
	</font>
	<font>
	<name>lyrics9d</name>
	<filename>lyrspin01.ttf</filename>
	<linespacing>0.85</linespacing>
	<size>60</size>
	</font>
	<font>
	<name>lyrics0</name>
	<style>uppercase</style>
	<filename>lyrspin10.ttf</filename>
	<size>125</size>
	</font>
	<font>
	<name>lyrics0a</name>
	<style>uppercase</style>
	<filename>lyrspin10.ttf</filename>
	<size>175</size>
	</font>
	<font>
	<name>lyrics0b</name>
	<style>uppercase</style>
	<filename>lyrspin10.ttf</filename>
	<size>225</size>
	</font>
	<font>
	<name>lyrics0c</name>
	<filename>lyrspin02.ttf</filename>
	<linespacing>0.85</linespacing>
	<size>70</size>
	</font>
	<font>
	<name>lyrics1s</name>
	<filename>lyrspin02.ttf</filename>
	<linespacing>1.15</linespacing>
	<size>76</size>
	</font>
	<font>
	<name>lyrics3s</name>
	<filename>lyrspin04.ttf</filename>
	<linespacing>0.80</linespacing>
	<aspect>1.1</aspect>
	<size>92</size>
	</font>
	<font>
	<name>lyrics5s</name>
	<filename>lyrspin01.ttf</filename>
	<linespacing>0.8</linespacing>
	<size>80</size>
	</font>
	<font>
	<name>lyrics7s</name>
	<filename>lyrspin08.ttf</filename>
	<style>bold</style>
	<linespacing>0.75</linespacing>
	<size>72</size>
	</font>
	<font>
	<name>lyrics9s</name>
	<filename>lyrspin06.ttf</filename>
	<linespacing>0.85</linespacing>
	<size>80</size>
	</font>

        <font>
            <name>LargeBold</name>
            <style>uppercase</style>
            <filename>MC360.ttf</filename>
            <size>52</size>
        </font>
        <font>
            <name>Lyrics</name>
            <filename>MC360.ttf</filename>
            <size>48</size>
        </font>
        <font>
            <name>Large</name>
            <filename>MC360.ttf</filename>
            <size>48</size>
        </font>
        <font>
            <name>EpisodeNumber</name>
            <filename>MC360.ttf</filename>
            <size>100</size>
        </font>
        <font>
            <name>Medium</name>
            <filename>MC360.ttf</filename>
            <size>38</size>
        </font>
		 <font>
            <name>Medium2x</name>
            <filename>MC360.ttf</filename>
            <size>38</size>
			<style>bold</style>
        </font>
		
		<font>
            <name>SymbolPoster</name>
            <filename>symbol.ttf</filename>
            <size>20</size>
			
        </font>
		<font>
            <name>SymbolPosterBackground</name>
            <filename>symbol.ttf</filename>
            <size>34</size>		
        </font>
		
		<font>
            <name>SymbolList</name>
            <filename>symbol.ttf</filename>
            <size>22</size>
			
        </font>
		
		
		<font>
            <name>Symbols</name>
            <filename>Symbols.ttf</filename>
            <size>30</size>
			<style>bold</style>
        </font>
		<font>
            <name>Symbols2</name>
            <filename>Symbols.ttf</filename>
            <size>30</size>		
        </font>
		
		
        <font>
            <name>MediumBold</name>
            <filename>MC360.ttf</filename>
            <size>36</size>
			<!--<style>bold</style>-->
			
        </font>
		
		<font>
            <name>LabelInfo</name>
            <filename>MC360.ttf</filename>
            <size>30</size>
        </font>
		
		<font>
            <name>LabelInfoSub</name>
            <filename>MC360.ttf</filename>
            <size>26</size>
        </font>
        
        <font>
		<!-- Liste Jahreszahlen, Berwertung und so-->
            <name>Small</name>
            <filename>MC360.ttf</filename>
            <size>30</size>
        </font>
        <font>
            <name>SmallBold</name>
            <filename>MC360.ttf</filename>
            <size>34</size>
			
			<!--
			Dateilisten und Info Überschrift manchmal<style>bold</style>-->
        </font>
        
      
        <font>
			<!-- Text Home Rampenlicht textfeld-->
            <name>Tiny</name>
            <filename>MC360.ttf</filename>
            <size>26</size>
            
        </font>
		
		<font>
			<!-- Text Home Rampenlicht textfeld-->
            <name>TinyInfo</name>
            <filename>MC360.ttf</filename>
            <size>30</size>
            
        </font>
		
		<font>
			<!-- Text Home Rampenlicht textfeld-->
            <name>ChannelInfo</name>
            <filename>MC360.ttf</filename>
            <size>27</size>
            
        </font>
		
		<font>
			<!-- Text Home Rampenlicht textfeld-->
            <name>ChannelTiny</name>
            <filename>MC360.ttf</filename>
            <size>22</size>
            
        </font>
		
		<font>
			<!-- Text Home Rampenlicht textfeld-->
            <name>TinyBold2</name>
            <filename>MC360.ttf</filename>
            <size>26</size>
            <style>bold</style>
        </font>
		
		<font>
			<!-- Text Home Rampenlicht textfeld-->
            <name>Tiny44</name>
            <filename>MC360.ttf</filename>
            <size>20</size>
            
        </font>
        <font>
		<!-- Überschrift Home Rampenlicht Überschrift-->
            <name>TinyBold</name>
            <filename>MC360.ttf</filename>
			<style>bold</style>
            <size>30</size>
        </font>
        <font>
            <name>Mini</name>
           <filename>MC360.ttf</filename>
            <size>24</size>
        </font>
        <font>
            <name>Button</name>
            <style>uppercase</style>
           <filename>MC360.ttf</filename>
            <size>28</size>
        </font>
        
        <font>
            <name>Flag</name>
            <style>uppercase</style>
            <filename>MC360.ttf</filename>
            <size>26</size>
        </font>
        <font>
            <name>EPGTimeline</name>
            <filename>MC360.ttf</filename>
            <size>20</size>
            <style>uppercase</style>
        </font>
        <font>
            <name>Home</name>
            <style>uppercase</style>
            <filename>MC360.ttf</filename>
            <size>40</size>
        </font>
        <font>
            <name>HomeFO</name>
            <style>uppercase</style>
            <filename>MC360.ttf</filename>
            <size>52</size>
        </font>
        <font>
            <name>HomeIcon</name>
            <style>uppercase</style>
            <filename>MC360.ttf</filename>
            <size>26</size>
        </font>
        
        <font>
            <name>WidgetSelector</name>
            <style>uppercase</style>
            <filename>MC360.ttf</filename>
            <size>22</size>
        </font>
       
        <!-- Required for system -->
        <font>
            <name>font13</name>
            <filename>MC360.ttf</filename>
            <size>30</size>
        </font>
        <font>
            <name>Clock</name>
           <filename>MC360.ttf</filename>
            <size>130</size>
			
        </font>  
		
		<font>
            <name>WatchedStates</name>
            <filename>MC360.ttf</filename>
            <size>20</size>
        </font> 
		
		<font>
            <name>Small24</name>
            <filename>MC360.ttf</filename>
            <size>24</size>
			
        </font>  
		
		<font>
            <name>Small20</name>
            <filename>MC360.ttf</filename>
            <size>19</size>
			
        </font>
		
		<font>
            <name>Small16</name>
            <filename>MC360.ttf</filename>
            <size>16</size>
			
        </font> 
		
		<font>
            <name>Small333</name>
            <filename>MC360.ttf</filename>
            <size>26</size>
			
        </font> 
		
		<font>
            <name>SmallBold2</name>
            <filename>MC360.ttf</filename>
            <size>38</size>
			
			<!--
			Titel Filmeauswahl-->
        </font>
		  
		<font>
            <name>Small33</name>
            <filename>MC360.ttf</filename>
            <size>28</size>
        </font>  
		<font>
            <name>SmallNavi</name>
            <filename>MC360.ttf</filename>
            <size>29</size>
        </font> 
		
		<font>
            <name>Name1</name>
            <filename>MC360.ttf</filename>
            <size>34</size>
        </font>  
		
		<font>
            <name>Genre1</name>
            <filename>MC360.ttf</filename>
            <size>23</size>
        </font>
		
		<font>
            <name>Year1</name>
            <filename>MC360.ttf</filename>
            <size>50</size>
        </font>
		
		<font>
            <name>Text1</name>
            <filename>MC360.ttf</filename>
            <size>26</size>
        </font>
		
		<font>
            <name>Dauer1</name>
            <filename>MC360.ttf</filename>
            <size>25</size>
        </font>

		<font>
            <name>SmallNew</name>
            <filename>MC360.ttf</filename>
            <size>34</size>
        </font>
		
		<font>
            <name>SmallPVR</name>
            <filename>MC360.ttf</filename>
            <size>26</size>
        </font>
		
    </fontset>
	
	<fontset id="MC360 bold" unicode="true">
	
	
		<font>
	<name>lyrics1</name>
	<filename>lyrspin03.ttf</filename>
	<style>lowercase</style>
	<linespacing>0.9</linespacing>
	<size>120</size>
	</font>
	<font>
	<name>lyrics1b</name>
	<filename>lyrspin04.ttf</filename>
	<linespacing>0.8</linespacing>
	<size>75</size>
	</font>
	<font>
	<name>lyrics2</name>
	<filename>lyrspin09.ttf</filename>
	<linespacing>0.9</linespacing>
	<size>120</size>
	</font>
	<font>
	<name>lyrics2b</name>
	<filename>lyrspin01.ttf</filename>
	<linespacing>0.85</linespacing>
	<size>62</size>
	</font>
	<font>
	<name>lyrics3</name>
	<filename>lyrspin05.ttf</filename>
	<linespacing>0.9</linespacing>
	<size>120</size>
	</font>
	<font>
	<name>lyrics3b</name>
	<filename>lyrspin06.ttf</filename>
	<linespacing>0.85</linespacing>
	<size>62</size>
	</font>
	<font>
	<name>lyrics4</name>
	<filename>lyrspin08.ttf</filename>
	<linespacing>0.8</linespacing>
	<size>60</size>
	</font>
	<font>
	<name>lyrics4b</name>
	<filename>lyrspin09.ttf</filename>
	<linespacing>0.9</linespacing>
	<size>120</size>
	</font>
	<font>
	<name>lyrics5</name>
	<style>uppercase</style>
	<filename>lyrspin10.ttf</filename>
	<size>140</size>
	</font>
	<font>
	<name>lyrics5b</name>
	<filename>lyrspin04.ttf</filename>
	<linespacing>0.8</linespacing>
	<size>75</size>
	</font>
	<font>
	<name>lyrics6</name>
	<filename>lyrspin07.ttf</filename>
	<aspect>1.3</aspect>
	<style>lowercase</style>
	<linespacing>0.9</linespacing>
	<size>104</size>
	</font>
	<font>
	<name>lyrics6b</name>
	<filename>lyrspin08.ttf</filename>
	<linespacing>0.8</linespacing>
	<size>60</size>
	</font>
	<font>
	<name>lyrics7</name>
	<filename>lyrspin03.ttf</filename>
	<style>lowercase</style>
	<linespacing>0.9</linespacing>
	<size>120</size>
	</font>
	<font>
	<name>lyrics7b</name>
	<filename>lyrspin06.ttf</filename>
	<linespacing>0.85</linespacing>
	<size>62</size>
	</font>
	<font>
	<name>lyrics8</name>
	<filename>lyrspin05.ttf</filename>
	<linespacing>0.9</linespacing>
	<size>120</size>
	</font>
	<font>
	<name>lyrics8b</name>
	<filename>lyrspin02.ttf</filename>
	<linespacing>0.85</linespacing>
	<size>70</size>
	</font>
	<font>
	<name>lyrics9</name>
	<filename>lyrspin07.ttf</filename>
	<style>lowercase</style>
	<linespacing>0.9</linespacing>
	<size>275</size>
	</font>
	<font>
	<name>lyrics9b</name>
	<filename>lyrspin07.ttf</filename>
	<style>lowercase</style>
	<linespacing>0.9</linespacing>
	<size>165</size>
	</font>
	<font>
	<name>lyrics9c</name>
	<filename>lyrspin07.ttf</filename>
	<style>lowercase</style>
	<linespacing>0.9</linespacing>
	<size>220</size>
	</font>
	<font>
	<name>lyrics9d</name>
	<filename>lyrspin01.ttf</filename>
	<linespacing>0.85</linespacing>
	<size>60</size>
	</font>
	<font>
	<name>lyrics0</name>
	<style>uppercase</style>
	<filename>lyrspin10.ttf</filename>
	<size>125</size>
	</font>
	<font>
	<name>lyrics0a</name>
	<style>uppercase</style>
	<filename>lyrspin10.ttf</filename>
	<size>175</size>
	</font>
	<font>
	<name>lyrics0b</name>
	<style>uppercase</style>
	<filename>lyrspin10.ttf</filename>
	<size>225</size>
	</font>
	<font>
	<name>lyrics0c</name>
	<filename>lyrspin02.ttf</filename>
	<linespacing>0.85</linespacing>
	<size>70</size>
	</font>
	<font>
	<name>lyrics1s</name>
	<filename>lyrspin02.ttf</filename>
	<linespacing>1.15</linespacing>
	<size>76</size>
	</font>
	<font>
	<name>lyrics3s</name>
	<filename>lyrspin04.ttf</filename>
	<linespacing>0.80</linespacing>
	<aspect>1.1</aspect>
	<size>92</size>
	</font>
	<font>
	<name>lyrics5s</name>
	<filename>lyrspin01.ttf</filename>
	<linespacing>0.8</linespacing>
	<size>80</size>
	</font>
	<font>
	<name>lyrics7s</name>
	<filename>lyrspin08.ttf</filename>
	<style>bold</style>
	<linespacing>0.75</linespacing>
	<size>72</size>
	</font>
	<font>
	<name>lyrics9s</name>
	<filename>lyrspin06.ttf</filename>
	<linespacing>0.85</linespacing>
	<size>80</size>
	</font>

        <font>
            <name>LargeBold</name>
            <style>uppercase bold</style>
            <filename>MC360.ttf</filename>
            <size>48</size>
        </font>
        <font>
            <name>Lyrics</name>
            <filename>MC360.ttf</filename>
            <size>48</size>
        </font>
        <font>
            <name>Large</name>
            <filename>MC360.ttf</filename>
            <size>48</size>
        </font>
        <font>
            <name>EpisodeNumber</name>
            <filename>MC360.ttf</filename>
            <size>100</size>
        </font>
        <font>
            <name>Medium</name>
            <filename>MC360.ttf</filename>
            <size>38</size>
        </font>
        <font>
            <name>MediumBold</name>
            <filename>MC360.ttf</filename>
            <size>32</size>
			<style>bold</style>
        </font>
        
        <font>
            <name>Small</name>
            <filename>MC360.ttf</filename>
            <size>30</size>
        </font>
		
		<font>
            <name>LabelInfo</name>
            <filename>MC360.ttf</filename>
            <size>30</size>
        </font>
		
		<font>
            <name>LabelInfoSub</name>
            <filename>MC360.ttf</filename>
            <size>26</size>
        </font>
		
		<font>
            <name>SmallNew</name>
            <filename>MC360.ttf</filename>
            <size>30</size>
        </font>
		
        <font>
            <name>SmallBold</name>
            <filename>MC360.ttf</filename>
            <size>32</size>
			<style>bold</style>
			<!--
			Dateilisten und Info Überschrift manchmal<style>bold</style>-->
        </font>
      
	  	<font>
            <name>SymbolPoster</name>
            <filename>symbol.ttf</filename>
            <size>22</size>
			
        </font>
		<font>
            <name>SymbolPosterBackground</name>
            <filename>symbol.ttf</filename>
            <size>30</size>		
        </font>
		
		<font>
            <name>SymbolList</name>
            <filename>symbol.ttf</filename>
            <size>22</size>
			
        </font>
		
		<font>
            <name>Symbols</name>
            <filename>Symbols.ttf</filename>
            <size>30</size>
			<style>bold</style>
        </font>
		<font>
            <name>Symbols2</name>
            <filename>Symbols.ttf</filename>
            <size>30</size>		
        </font>  
      
        <font>
			<!-- Text Home Rampenlicht textfeld-->
            <name>Tiny</name>
            <filename>MC360.ttf</filename>
            <size>26</size>
            
        </font>
		
		<font>
			<!-- Text Home Rampenlicht textfeld-->
            <name>TinyInfo</name>
            <filename>MC360.ttf</filename>
            <size>30</size>
            
        </font>
		
        <font>
		<!-- Überschrift Home Rampenlicht Überschrift-->
            <name>TinyBold</name>
            <filename>MC360.ttf</filename>
			<style>bold</style>
            <size>30</size>
        </font>
        <font>
            <name>Mini</name>
           <filename>MC360.ttf</filename>
            <size>24</size>
        </font>
        <font>
            <name>Button</name>
            <style>uppercase</style>
           <filename>MC360.ttf</filename>
            <size>28</size>
        </font>
        
        <font>
            <name>Flag</name>
            <style>uppercase bold</style>
            <filename>MC360.ttf</filename>
            <size>26</size>
        </font>
        <font>
            <name>EPGTimeline</name>
            <filename>MC360.ttf</filename>
            <size>20</size>
            <style>uppercase</style>
        </font>
        <font>
            <name>Home</name>
            <style>uppercase bold</style>
            <filename>MC360.ttf</filename>
            <size>36</size>
        </font>
        <font>
            <name>HomeFO</name>
            <style>uppercase</style>
            <filename>MC360.ttf</filename>
            <size>52</size>
        </font>
        <font>
            <name>HomeIcon</name>
            <style>uppercase</style>
            <filename>MC360.ttf</filename>
            <size>26</size>
        </font>
        
        <font>
            <name>WidgetSelector</name>
            <style>uppercase</style>
            <filename>MC360.ttf</filename>
            <size>22</size>
        </font>
       
        <!-- Required for system -->
        <font>
            <name>font13</name>
            <filename>MC360.ttf</filename>
            <size>30</size>
        </font>
        <font>
            <name>Clock</name>
           <filename>MC360.ttf</filename>
            <size>130</size>
			
        </font>  
		
		
		
		<font>
            <name>Small24</name>
            <filename>MC360.ttf</filename>
            <size>24</size>
			
        </font>  
		<font>
            <name>Small20</name>
            <filename>MC360.ttf</filename>
            <size>19</size>
			
        </font> 
		<font>
            <name>Small16</name>
            <filename>MC360.ttf</filename>
            <size>16</size>
			
        </font> 
		
		<font>
            <name>Small333</name>
            <filename>MC360.ttf</filename>
            <size>26</size>
			
        </font> 
		
		
		<font>
            <name>SmallBold2</name>
            <filename>MC360.ttf</filename>
            <size>34</size>
			<style>bold</style>
			<!--
			Titel Filmeauswahl-->
        </font>
		  
		<font>
            <name>Small33</name>
            <filename>MC360.ttf</filename>
            <size>28</size>
        </font> 
		
		<font>
            <name>WatchedStates</name>
            <filename>MC360.ttf</filename>
            <size>20</size>
        </font> 
		
		<font>
            <name>SmallNavi</name>
            <filename>MC360.ttf</filename>
            <size>29</size>
        </font>  
		
		<font>
            <name>Dauer1</name>
            <filename>MC360.ttf</filename>
            <size>25</size>
        </font> 

		<font>
            <name>Name1</name>
            <filename>MC360.ttf</filename>
            <size>34</size>
			<style>bold</style>
        </font>  
		
		<font>
            <name>Genre1</name>
            <filename>MC360.ttf</filename>
            <size>23</size>
        </font>
		
		<font>
            <name>Year1</name>
            <filename>MC360.ttf</filename>
            <size>46</size>
			<style>bold</style>
        </font>
		
		<font>
            <name>Text1</name>
            <filename>MC360.ttf</filename>
            <size>26</size>
        </font>
		
		<font>
            <name>SmallPVR</name>
            <filename>MC360.ttf</filename>
            <size>26</size>
        </font>
		
		<font>
			<!-- Text Home Rampenlicht textfeld-->
            <name>TinyBold2</name>
            <filename>MC360.ttf</filename>
            <size>26</size>
            <style>bold</style>
        </font>
    </fontset>    
</fonts>
