<?xml version="1.0" encoding="UTF-8"?>
<!-- Foundation -->
<window id="2000">
    <defaultcontrol always="true">3</defaultcontrol>
    
    <controls>

        <include>GlobalOverlay</include>
        <control type="group">
            <include>DefDialogBackground</include>
            <control type="label" id="1">
                <include>DefDialogHeader</include>
                <label>13406</label>
            </control>
			
			<control type="image">
				<top>LogoTop</top>
				<left>LogoLeft</left>
				<width>40</width>
				<height>40</height>
				<colordiffuse>$VAR[ColorKodiLogo]</colordiffuse>
				<texture>buttons/kodi-logo.png</texture>
			</control>
			
			<!-- Lines -->
			<control type="image">
				<top>95</top>
				<left>40</left>
				<width>1000</width>
				<height>1</height>
				<bottom>10</bottom>
				<colordiffuse>Black12</colordiffuse>
				<texture>common/white.png</texture>
			</control>

            <control type="list" id="3">
                <left>8</left>
                <width>1064</width>
                <posy>115</posy>
                <height>759</height>
                <onleft>5</onleft>
                <onright>5</onright>
                <onup>3</onup>
                <ondown>3</ondown>
                <itemlayout height="69" width="1064">
                    <control type="label">
                        <left>30</left>
                        <right>30</right>
                        <font>Small</font>
                        <textcolor>Black70</textcolor>
                        <height>66</height>
                        <aligny>center</aligny>
                        <info>ListItem.Label</info>
                    </control>
                    <control type="label">
                        <left>30</left>
                        <right>30</right>
                        <textcolor>Black70</textcolor>
                        <align>right</align>
                        <height>66</height>
                        <aligny>center</aligny>
                        <info>ListItem.Label2</info>
                    </control>
                </itemlayout>

                <focusedlayout height="69" width="1064">
                    <control type="image">
                        <left>0</left>
                        <right>0</right>
                        <height>66</height>
                        <texture border="5" colordiffuse="$VAR[ColorHighlight]">common/white.png</texture>
                        <animation effect="fade" start="100" end="50" condition="!Control.HasFocus(3)">Conditional</animation>
                    </control>
                    <control type="label">
                        <left>30</left>
                        <right>30</right>
                        <height>66</height>
                        <font>Small</font>
                        <aligny>center</aligny>
                        <textcolor>Selected</textcolor>
                        <info>ListItem.Label</info>
                    </control>
                    <control type="label">
                        <left>30</left>
                        <right>30</right>
                        <align>right</align>
                        <height>66</height>
                        <aligny>center</aligny>
                        <textcolor>Selected</textcolor>
                        <info>ListItem.Label2</info>
                    </control>
                </focusedlayout>
            </control>

            <control type="list" id="6">
                <posx>8</posx>
                <posy>115</posy>
                <width>700</width>
                <height>690</height>
                <onleft>5</onleft>
                <onright>5</onright>
                <onup>6</onup>
                <ondown>6</ondown>
                <itemlayout height="138">
					<control type="image">
						<top>11</top>
						<left>31</left>
						<width>113</width>
						<height>113</height>                         
						<texture colordiffuse="Box2" background="true">common/box5.png</texture>   
						<visible>!Skin.HasSetting(thumbnails.white) + Skin.HasSetting(global.hidecirles)</visible>                        
					</control>
                    <control type="image">
                        <posx>32</posx>
                        <posy>12</posy>
                        <width>111</width>
                        <height>111</height>
                        <aspectratio scalediffuse="false">scale</aspectratio>
                        <texture diffuse="diffuse/dialogselect.png" fallback="DefaultAddonNone.png">$INFO[Listitem.Icon]</texture>
                        <visible>!Skin.HasSetting(global.hidecirles)</visible>
                    </control>
                    <control type="image">
                        <posx>32</posx>
                        <posy>12</posy>
                        <width>111</width>
                        <height>111</height>
                        <aspectratio scalediffuse="false">keep</aspectratio>
                        <texture fallback="DefaultAddonNone.png">$INFO[Listitem.Icon]</texture>
                        <visible>Skin.HasSetting(global.hidecirles)</visible>
                    </control>
                    <control type="label">
                        <posy>-18</posy>
                        <posx>170</posx>
                        <width>496</width>
                        <height>135</height>
                        <font>Small</font>
                        <textcolor>Black70</textcolor>
                        <selectedcolor>Black70</selectedcolor>
                        <label>$INFO[ListItem.Label]</label>
                        <animation effect="slide" end="0,18" condition="String.IsEmpty(ListItem.Label2)">Conditional</animation>
                    </control>
                    <control type="label">
                        <posx>170</posx>
                        <posy>18</posy>
                        <width>496</width>
                        <height>135</height>
                        <font>Mini</font>
                        <textcolor>Black70</textcolor>
                        <selectedcolor>Black70</selectedcolor>
                        <label>$INFO[ListItem.Label2]</label>
                    </control>
                    <control type="image">
                        <right>30</right>
                        <centertop>50%</centertop>
                        <width>24</width>
                        <height>24</height>
                        <texture colordiffuse="$VAR[ColorHighlight]">osd/minicheck.png</texture>
                        <visible>ListItem.IsSelected</visible>
                    </control>
                </itemlayout>

                <focusedlayout height="138">
                    <control type="group">
                        <visible>!Control.HasFocus(6)</visible>
						<control type="image">
							<top>11</top>
							<left>31</left>
							<width>113</width>
							<height>113</height>                         
							<texture colordiffuse="Box2" background="true">common/box5.png</texture>   
							<visible>!Skin.HasSetting(thumbnails.white) + Skin.HasSetting(global.hidecirles)</visible>                        
						</control>
                        <control type="image">
                            <posx>32</posx>
                            <posy>12</posy>
                            <width>111</width>
                            <height>111</height>
                            <aspectratio scalediffuse="false">scale</aspectratio>
                            <texture diffuse="diffuse/dialogselect.png" fallback="DefaultAddonNone.png">$INFO[Listitem.Icon]</texture>
                            <visible>!Skin.HasSetting(global.hidecirles)</visible>
                        </control>
                        <control type="image">
                            <posx>32</posx>
                            <posy>12</posy>
                            <width>111</width>
                            <height>111</height>
                            <aspectratio scalediffuse="false">keep</aspectratio>
                            <texture fallback="DefaultAddonNone.png">$INFO[Listitem.Icon]</texture>
                            <visible>Skin.HasSetting(global.hidecirles)</visible>
                        </control>
                        <control type="label">
                            <posy>-18</posy>
                            <posx>170</posx>
                            <width>496</width>
                            <height>135</height>
                            <font>Small</font>
                            <textcolor>Black70</textcolor>
                            <selectedcolor>Black70</selectedcolor>
                            <info>ListItem.Label</info>
                            <animation effect="slide" end="0,18" condition="String.IsEmpty(ListItem.Label2)">Conditional</animation>
                        </control>
                        <control type="label">
                            <posx>170</posx>
                            <posy>18</posy>
                            <width>496</width>
                            <height>135</height>
                            <font>Mini</font>
                            <textcolor>Black70</textcolor>
                            <selectedcolor>Black70</selectedcolor>
                            <label>$INFO[ListItem.Label2]</label>
                        </control>
                        <control type="image">
                            <right>30</right>
                            <centertop>50%</centertop>
                            <width>24</width>
                            <height>24</height>
                            <texture colordiffuse="ffffffff">osd/minicheck.png</texture>
                            <visible>ListItem.IsSelected</visible>
                        </control>
                    </control>
                    <control type="group">
                        <visible>Control.HasFocus(6)</visible>						
                        <control type="image">
                            <width>696</width>
                            <height>135</height>
                            <texture border="5" colordiffuse="$VAR[ColorHighlight]">common/white.png</texture>
                        </control>
                        <control type="image">
							<top>11</top>
							<left>31</left>
							<width>113</width>
							<height>113</height>                         
							<texture colordiffuse="Box2" background="true">common/box5.png</texture>   
							<visible>!Skin.HasSetting(thumbnails.white) + Skin.HasSetting(global.hidecirles)</visible>                        
						</control>
                        <control type="image">
                            <posx>32</posx>
                            <posy>12</posy>
                            <width>111</width>
                            <height>111</height>
                            <aspectratio scalediffuse="false">scale</aspectratio>
                            <texture diffuse="diffuse/dialogselect.png" fallback="DefaultAddonNone.png">$INFO[Listitem.Icon]</texture>
                            <visible>!Skin.HasSetting(global.hidecirles)</visible>
                        </control>
                        <control type="image">
                            <posx>32</posx>
                            <posy>12</posy>
                            <width>111</width>
                            <height>111</height>
                            <aspectratio scalediffuse="false">keep</aspectratio>
                            <texture fallback="DefaultAddonNone.png">$INFO[Listitem.Icon]</texture>
                            <visible>Skin.HasSetting(global.hidecirles)</visible>
                        </control>
                        <control type="label">
                            <posy>-18</posy>
                            <posx>170</posx>
                            <width>496</width>
                            <height>135</height>
                            <font>Small</font>
                            <textcolor>Selected</textcolor>
                            <selectedcolor>Selected</selectedcolor>
                            <label>$INFO[ListItem.Label]</label>
                            <animation effect="slide" end="0,18" condition="String.IsEmpty(ListItem.Label2)">Conditional</animation>
                        </control>
                        <control type="label">
                            <left>170</left>
                            <posy>18</posy>
                            <width>496</width>
                            <height>135</height>
                            <font>Mini</font>
                            <textcolor>Selected</textcolor>
                            <selectedcolor>Selected</selectedcolor>
                            <label>$INFO[ListItem.Label2]</label>
                        </control>
                        <control type="image">
                            <right>30</right>
                            <centertop>50%</centertop>
                            <width>24</width>
                            <height>24</height>
                            <texture colordiffuse="Selected">osd/minicheck.png</texture>
                            <visible>ListItem.IsSelected</visible>
                        </control>
                    </control>
                </focusedlayout>
            </control>

            <control type="button" id="5">
                <description>Manual</description>
                <posx>738</posx>
                <posy>120</posy>
                <width>300</width>
                <height>70</height>
                <align>center</align>
                <label>368</label>
                <onleft>3</onleft>
                <onright>3</onright>
                <onup>3</onup>
                <ondown>7</ondown>
                <font>Button</font>
                <textcolor>Black70</textcolor>
                <texturefocus colordiffuse="$VAR[ColorHighlight]" border="5">common/box.png</texturefocus>
                <animation effect="slide" start="0" end="22,-100" condition="!Control.IsVisible(6)">Conditional</animation>
            </control>
            <control type="button" id="7">
                <description>Cancel</description>
                <posx>738</posx>
                <posy>200</posy>
                <width>300</width>
                <height>70</height>
                <align>center</align>
                <label>222</label>
                <onleft>3</onleft>
                <onright>3</onright>
                <onup>5</onup>
                <ondown>3</ondown>
                <font>Button</font>
                <textcolor>Black70</textcolor>
                <texturefocus colordiffuse="$VAR[ColorHighlight]" border="5">common/box.png</texturefocus>
                <animation effect="slide" start="0" end="22,-100" condition="!Control.IsVisible(6)">Conditional</animation>
                <visible>Control.IsVisible(6)</visible>
            </control>		
            <control type="image">
                <description>Large Icon Image</description>
                <posx>738</posx>
                <posy>357</posy>
                <width>300</width>
                <height>450</height>
                <texture fallback="DefaultAddonNone.png">$INFO[Container(6).ListItem.Icon]</texture>
                <aspectratio align="center" aligny="bottom">keep</aspectratio>
                <visible>Control.IsVisible(6)</visible>
            </control>          
            <control type="image">
                <posx>705</posx>
                <top>120</top>
                <height>687</height>
                <width>1</width>
                <texture colordiffuse="Black12">common/white.png</texture>
                <visible>Control.IsVisible(6)</visible>
            </control>
        </control>

    </controls>

</window>
