<?xml version="1.0" encoding="UTF-8"?>
<window>
    <defaultcontrol>-</defaultcontrol>

    <controls>
        <control type="group">
            <include>Animation_FadeIn</include>
            <include>Animation_FadeOut</include>
            <left>SidePad</left>
            <top>75</top>
            <width>1600</width>
            <height>360</height>
            
             <!-- PVR -->
            <control type="group">
                <visible>VideoPlayer.Content(livetv)</visible>
                <width>870</width>
                <height>635</height>
                <control type="image">
                    <texture colordiffuse="99000000">common/white.png</texture>
                </control>
                <control type="image">
                    <top>29</top>
                    <left>30</left>
                    <width>30</width>
                    <height>30</height>
                    <colordiffuse>$VAR[ColorKodiLogo]</colordiffuse>
                    <texture>buttons/kodi-logo.png</texture>
                </control>
                <control type="grouplist">
                    <left>30</left>
                    <top>25</top>
                    <control type="label">
                        <width>1600</width>
                        <height>40</height>
                        <aligny>bottom</aligny>
                        <label>      $LOCALIZE[19005]</label>
                        <left>30</left>
                        <font>Button</font>
                        <textcolor>PanelWhite100</textcolor>
                    </control>
                    <control type="label">
                        <width>1200</width>
                        <height>40</height>
                        <aligny>bottom</aligny>
                        <label>$INFO[PVR.ActStreamServiceName,[COLOR Selected]$LOCALIZE[19099]:[/COLOR] ]</label>
                        <font>Small333</font>
                        <textcolor>PanelWhite70</textcolor>
                    </control>
                    <control type="label">
                        <width>1200</width>
                        <height>40</height>
                        <aligny>bottom</aligny>
                        <label>$INFO[PVR.ActStreamProviderName,[COLOR Selected]$LOCALIZE[19101]:[/COLOR] ]</label>
                        <font>Small333</font>
                        <textcolor>PanelWhite70</textcolor>    
                    </control>
                    <control type="label">
                        <width>1200</width>
                        <height>40</height>
                        <aligny>bottom</aligny>
                        <label>$INFO[PVR.ActStreamClient,[COLOR Selected]$LOCALIZE[19012]:[/COLOR] ]</label>
                        <font>Small333</font>
                        <textcolor>PanelWhite70</textcolor>    
                    </control>
                    <control type="label">
                        <width>1200</width>
                        <height>40</height>
                        <aligny>bottom</aligny>
                        <label>$INFO[PVR.ActStreamDevice,[COLOR Selected]$LOCALIZE[19006]:[/COLOR] ]</label>
                        <font>Small333</font>
                        <textcolor>PanelWhite70</textcolor>    
                    </control>
                    <control type="label">
                        <width>1200</width>
                        <height>40</height>
                        <aligny>bottom</aligny>
                        <label>$INFO[PVR.ActStreamStatus,[COLOR Selected]$LOCALIZE[19007]:[/COLOR] ]</label>
                        <font>Small333</font>
                        <textcolor>PanelWhite70</textcolor>    
                    </control>
                    <control type="label">
                        <width>1200</width>
                        <height>40</height>
                        <aligny>bottom</aligny>
                        <label>$INFO[PVR.ActStreamEncryptionName,[COLOR Selected]$LOCALIZE[19015]:[/COLOR] ]</label>
                        <font>Small333</font>
                        <textcolor>PanelWhite70</textcolor>
                    </control>                    
                    <control type="label">
                        <width>600</width>
                        <height>40</height>
                        <aligny>bottom</aligny>
                        <label>$INFO[PVR.ActStreamBer,[COLOR Selected]$LOCALIZE[19010]:[/COLOR] ]</label>
                        <font>Small333</font>
                        <textcolor>PanelWhite70</textcolor>
                    </control>
                    <control type="label">
                        <width>600</width>
                        <height>40</height>
                        <aligny>bottom</aligny>
                        <label>$INFO[PVR.ActStreamUnc,[COLOR Selected]$LOCALIZE[19011]:[/COLOR] ]</label>
                        <font>Small333</font>
                        <textcolor>PanelWhite70</textcolor>    
                    </control>
                    <control type="label">
                        <width>600</width>
                        <height>40</height>
                        <aligny>bottom</aligny>
                        <label>$INFO[PVR.ActStreamMux,[COLOR Selected]$LOCALIZE[19100]:[/COLOR] ]</label>
                        <font>Small333</font>
                        <textcolor>PanelWhite70</textcolor>    
                    </control>
                    <control type="label">
                        <width>600</width>
                        <height>40</height>
                        <aligny>bottom</aligny>
                        <label>$INFO[PVR.ActStreamSignal,[COLOR Selected]$LOCALIZE[19008]:[/COLOR] ]</label>
                        <font>Small333</font>
                        <textcolor>PanelWhite70</textcolor>    
                    </control>
                    <control type="progress">
                        <top>5</top>
                        <width>600</width>
                        <height>18</height>
                        <info>PVR.ActStreamProgrSignal</info>
                    </control>
                    <control type="label">
                        <top>5</top>
                        <width>1600</width>
                        <height>40</height>
                        <aligny>bottom</aligny>
                        <label>$INFO[PVR.ActStreamSNR,[COLOR Selected]$LOCALIZE[19009]:[/COLOR] ]</label>
                        <font>Small333</font>
                        <textcolor>PanelWhite70</textcolor>    
                    </control>
                    <control type="progress">
                        <top>0</top>
                        <width>600</width>
                        <height>18</height>
                        <info>PVR.ActStreamProgrSNR</info>
                    </control>                 
                </control>
            </control>          
                    
            <!-- Video -->
            <control type="group">
                <visible>!VideoPlayer.Content(livetv)</visible>
                <width>870</width>
                <height>270</height>
                <control type="image">
                    <texture colordiffuse="99000000">common/white.png</texture>
                </control>
                <control type="image">
                    <top>29</top>
                    <left>30</left>
                    <width>30</width>
                    <height>30</height>
                    <colordiffuse>$VAR[ColorKodiLogo]</colordiffuse>
                    <texture>buttons/kodi-logo.png</texture>
                </control>
                <control type="grouplist">
                    <left>30</left>
                    <top>25</top>
                    <visible>!VideoPlayer.Content(livetv)</visible>
                    <control type="label">
                        <width>1600</width>
                        <height>40</height>
                        <aligny>bottom</aligny>
                        <label>      $LOCALIZE[291]</label>
                        <left>30</left>
                        <font>Button</font>
                        <textcolor>PanelWhite100</textcolor>
                    </control>
                    <control type="label">
                        <width>1600</width>
                        <height>40</height>
                        <aligny>bottom</aligny>
                        <label>$INFO[Player.Process(videodecoder),[COLOR Selected]$LOCALIZE[31279]:[/COLOR] ]$VAR[VideoHWDecoder, ,)]</label>
                        <font>Small333</font>
                        <textcolor>PanelWhite70</textcolor>
                    </control>
                    <control type="label">
                        <width>1600</width>
                        <height>40</height>
                        <aligny>bottom</aligny>
                        <label>$INFO[Player.Process(pixformat),[COLOR Selected]Pixelformat:[/COLOR] ]</label>
                        <font>Small333</font>
                        <textcolor>PanelWhite70</textcolor>
                    </control>
                    <control type="label">
                        <width>1600</width>
                        <height>40</height>
                        <aligny>bottom</aligny>
                        <label>[COLOR Selected]$LOCALIZE[38031]:[/COLOR] $INFO[Player.Process(videowidth)]px, $INFO[Player.Process(videoheight)]px, $INFO[Player.Process(videodar)] AR,  $INFO[VideoPlayer.VideoCodec],  $INFO[Player.Process(VideoFPS)] FPS</label>
                        <font>Small333</font>
                        <textcolor>PanelWhite70</textcolor>                        
                    </control>
                    <control type="label">
                        <width>1600</width>
                        <height>40</height>
                        <aligny>bottom</aligny>
                        <label>$INFO[Player.Process(deintmethod),[COLOR Selected]$LOCALIZE[16038]:[/COLOR] ]</label>
                        <font>Small333</font>
                        <textcolor>PanelWhite70</textcolor>
                    </control>                    
                </control>
            </control>
            
            <!-- Audio -->
            <control type="group">
                <visible>!VideoPlayer.Content(livetv)</visible>
                <top>300</top>
                <width>870</width>
                <height>270</height>
                <control type="image">
                    <texture colordiffuse="99000000">common/white.png</texture>
                </control>
                <control type="image">
                    <top>29</top>
                    <left>30</left>
                    <width>30</width>
                    <height>30</height>
                    <colordiffuse>$VAR[ColorKodiLogo]</colordiffuse>
                    <texture>buttons/kodi-logo.png</texture>
                </control>
                <control type="grouplist">
                    <left>30</left>
                    <top>25</top>
                    <visible>!VideoPlayer.Content(livetv)</visible>
                    <control type="label">
                        <width>1600</width>
                        <height>40</height>
                        <aligny>bottom</aligny>
                        <label>      $LOCALIZE[292]</label>
                        <font>Button</font>
                        <textcolor>PanelWhite100</textcolor>
                    </control>
                    <control type="label">
                        <width>1600</width>
                        <height>40</height>
                        <aligny>bottom</aligny>
                        <label>[COLOR Selected]$LOCALIZE[21444]:[/COLOR] $INFO[Player.Process(audiochannels)]</label>
                        <font>Small333</font>
                        <textcolor>PanelWhite70</textcolor>
                    </control>
                    <control type="label">
                        <width>1600</width>
                        <height>40</height>
                        <aligny>bottom</aligny>
                        <label>[COLOR Selected]$LOCALIZE[201]:[/COLOR] $INFO[Player.Process(audiodecoder)]</label>
                        <font>Small333</font>
                        <textcolor>PanelWhite70</textcolor>
                    </control>
                    <control type="label">
                        <width>1600</width>
                        <height>40</height>
                        <aligny>bottom</aligny>
                        <label>[COLOR Selected]$LOCALIZE[612]:[/COLOR] $INFO[Player.Process(audiobitspersample),, bits]</label>
                        <font>Small333</font>
                        <textcolor>PanelWhite70</textcolor>
                    </control>
                    <control type="label">
                        <width>1600</width>
                        <height>40</height>
                        <aligny>bottom</aligny>
                        <label>[COLOR Selected]$LOCALIZE[613]:[/COLOR] $INFO[Player.Process(audiosamplerate),, Hz]</label>
                        <font>Small333</font>
                        <textcolor>PanelWhite70</textcolor>
                    </control>
                </control>
            </control>
            
            <!-- System -->            
            <control type="group">
                <left>900</left>
                <width>850</width>
                <height>400</height>
                <control type="image">
                    <texture colordiffuse="99000000">common/white.png</texture>
                </control>
                <control type="image">
                    <top>29</top>
                    <left>30</left>
                    <width>30</width>
                    <height>30</height>
                    <colordiffuse>$VAR[ColorKodiLogo]</colordiffuse>
                    <texture>buttons/kodi-logo.png</texture>
                </control>                
                <control type="grouplist">
                    <left>30</left>
                    <top>25</top>
                    <control type="label">
                        <width>1600</width>
                        <height>40</height>
                        <aligny>bottom</aligny>
                        <label>      $LOCALIZE[13000]</label>
                        <font>Button</font>
                        <textcolor>PanelWhite100</textcolor>
                    </control>
                    <control type="label">
                        <width>1600</width>
                        <height>40</height>
                        <aligny>bottom</aligny>
                        <label>[COLOR Selected]$LOCALIZE[144]:[/COLOR] $INFO[System.BuildVersion]</label>
                        <font>Small333</font>
                        <textcolor>PanelWhite70</textcolor>
                    </control>
                    <control type="label">
                        <width>1600</width>
                        <height>40</height>
                        <aligny>bottom</aligny>
                        <label>[COLOR Selected]$LOCALIZE[12390]:[/COLOR] $INFO[System.Uptime]</label>
                        <font>Small333</font>
                        <textcolor>PanelWhite70</textcolor>
                    </control>                
                    <control type="label">
                        <width>1600</width>
                        <height>40</height>
                        <aligny>bottom</aligny>
                        <label>[COLOR Selected]$LOCALIZE[14220]:[/COLOR] $INFO[System.FPS] FPS</label>
                        <font>Small333</font>
                        <textcolor>PanelWhite70</textcolor>
                    </control>
                    <control type="label">
                        <width>1600</width>
                        <height>40</height>
                        <aligny>bottom</aligny>
                        <label>[COLOR Selected]$LOCALIZE[13284][/COLOR] $INFO[System.CpuFrequency]</label>
                        <font>Small333</font>
                        <textcolor>PanelWhite70</textcolor>
                    </control>
                    <control type="label">
                        <width>1600</width>
                        <height>40</height>
                        <aligny>bottom</aligny>
                        <label>[COLOR Selected]$LOCALIZE[13271][/COLOR] $INFO[System.CpuUsage]</label>
                        <font>Small333</font>
                        <textcolor>PanelWhite70</textcolor>
                    </control>
                    <control type="progress">
                        <description>CPU BAR</description>
                        <font>Tiny</font>
                        <height>10</height>
                        <width>750</width>
                        <info>System.CPUUsage</info>
                        <include>DefSettingsButton</include>
                    </control>
                    <control type="label">
                        <width>1600</width>
                        <height>40</height>
                        <aligny>bottom</aligny>
                        <label>[COLOR Selected]$LOCALIZE[31104][/COLOR] $INFO[system.memory(used.percent)]</label>
                        <font>Small333</font>
                        <textcolor>PanelWhite70</textcolor>
                    </control>
                    <control type="progress">
                        <description>Memory BAR</description>
                        <font>Tiny</font>
                        <height>10</height>
                        <width>750</width>
                        <info>system.memory(used)</info>
                        <include>DefSettingsButton</include>
                    </control>                    
                </control>
            </control>        
        </control>
    </controls>
</window>