<?xml version="1.0" encoding="UTF-8"?>
<!-- Foundation -->
<window id="2001">
    <defaultcontrol always="true">9000</defaultcontrol>
    
    <onload>ClearProperty(discography)</onload>
    <onload>ClearProperty(musicyoutube)</onload>    
    <onload condition="Skin.HasSetting(preloadcontent) + Skin.HasSetting(wipinfo)">SetProperty(discography,1)</onload> 
    <onload condition="Skin.HasSetting(preloadcontent) + Skin.HasSetting(wipinfo)">SetProperty(musicyoutube,1)</onload> 

    <onload>ClearProperty(content)</onload>
    <onload>ClearProperty(tracklist)</onload>
    <onload>ClearProperty(musicinfo)</onload>
    
    <onload>ClearProperty(musiccontentinfo)</onload>
    <onload>ClearProperty(musiccontentinfodisco)</onload>
    
    <onload>ClearProperty(musiccontent)</onload> 
    
    <!--<onload>Dialog.Close(135)</onload>-->
    <controls>
        <include condition="!Skin.HasSetting(wipinfo)">DialogMusicInfoOld</include>
        <include condition="Skin.HasSetting(wipinfo)">DialogMusicInfoWIP</include>
    </controls>
</window>
