<?xml version="1.0" encoding="UTF-8"?>
<!-- Foundation -->
<window type="dialog" id="1120">
    <zorder>1</zorder>
	<defaultcontrol always="true">9000</defaultcontrol>
    <controls>
		<include>GlobalOverlay</include>
		<include>Animation.Common</include>		
		<control type="group">
			<centerleft>50%</centerleft>
			<centertop>50%</centertop>
			<width>468</width>
    		<top>270</top>
			<control type="image">
				<left>-9</left>
				<top>-20</top>		
				<right>9</right>
				<bottom>0</bottom>
				<colordiffuse>$VAR[OSDPanel]</colordiffuse>
				<texture border="16">common/rounded-shadow8.png</texture>
			</control>	
		 <control type="grouplist" id="9000">			
			<onright>Dialog.Close(1120)</onright>
			<onleft>Dialog.Close(1120)</onleft>
			<control type="radiobutton" id="95">
				<textcolor>$VAR[OSDPanelWhite70]</textcolor>
				<description>Handlung</description>
				<include>DefContextButton</include>
				<label>31218</label>
				<align>left</align>
				<selected>Skin.HasSetting(musicosd.numericrating)</selected>
				<onclick>Skin.ToggleSetting(musicosd.numericrating)</onclick>					
			</control>
			<control type="radiobutton" id="96">
				<textcolor>$VAR[OSDPanelWhite70]</textcolor>
				<description>Filter</description>
				<include>DefContextButton</include>		
				<align>left</align>
				<label>37535</label>
				<selected>Skin.HasSetting(musicosd.showvideolyrics)</selected>
				<onclick>Skin.ToggleSetting(musicosd.showvideolyrics)</onclick>
				<disabledcolor>$VAR[OSDPanelWhite12]</disabledcolor>
				<enable>System.HasAddon(script.cu.lrclyrics)</enable>
			</control> 
			<control type="radiobutton" id="97">
				<textcolor>$VAR[OSDPanelWhite70]</textcolor>
				<description>Filter</description>
				<include>DefContextButton</include>
				<label>37548</label>
				<align>left</align>
				<selected>Skin.HasSetting(hideseekbaronlyrics)</selected>
				<onclick>Skin.ToggleSetting(hideseekbaronlyrics)</onclick>					
			</control> 
			<control type="radiobutton" id="98">
				<textcolor>$VAR[OSDPanelWhite70]</textcolor>
				<description>Filter</description>
				<include>DefContextButton</include>
				<label>21891</label>
				<align>left</align>
				<selected>Skin.HasSetting(osd.artistinfos)</selected>
				<onclick>Skin.ToggleSetting(osd.artistinfos)</onclick>
			</control>
			<control type="radiobutton" id="99">
				<textcolor>$VAR[OSDPanelWhite70]</textcolor>
				<description>Filter</description>
				<include>DefContextButton</include>
				<label>37511</label>
				<align>left</align>
				<selected>Skin.HasSetting(ShowMusicCD)</selected>
				<onclick>Skin.ToggleSetting(ShowMusicCD)</onclick>				
			</control>
			<control type="radiobutton" id="100">
				<textcolor>$VAR[OSDPanelWhite70]</textcolor>
				<description>Filter</description>
				<include>DefContextButton</include>
				<label>37510</label>
				<align>left</align>
				<selected>Skin.HasSetting(ALternativeCD)</selected>
				<onclick>Skin.ToggleSetting(ALternativeCD)</onclick>
				<disabledcolor>$VAR[OSDPanelWhite12]</disabledcolor>					
				<enable>Skin.HasSetting(ShowMusicCD)</enable>
			</control> 
			<control type="radiobutton" id="101" description="Match theme">
				<textcolor>$VAR[OSDPanelWhite70]</textcolor>
				<include>DefContextButton</include>
				<align>left</align>
				<label>37609</label>
				<selected>Skin.HasSetting(osd.usethemeNewOSD)</selected>
				<onclick>Skin.ToggleSetting(osd.usethemeNewOSD)</onclick>
				<onright>Dialog.Close(1197)</onright>
				<onleft>Dialog.Close(1197)</onleft>
			</control>     
		</control>
		</control>
    </controls>
</window>
