<?xml version="1.0" encoding="UTF-8"?>
<!-- Foundation -->
<window id="136">
    

    <allowoverlay>no</allowoverlay>

    <controls>

        <control type="group">
            <visible>!Window.IsVisible(DialogProgress.xml)</visible>
            <visible>!Skin.HasSetting(hide.busydialog)</visible>
            <include>Animation.FadeIn</include>
            <include>Animation.FadeOut</include>
            <include>GlobalOverlay</include>
            <include>GlobalOverlay</include>
            <!--<control type="image">
                <description>Busy animation</description>
                <centerleft>50%</centerleft>
                <centertop>47%</centertop>
                <width>48</width>
                <height>48</height>
                <texture colordiffuse="$VAR[ColorHighlight]">dialog/flower.gif</texture>
                <aspectratio>keep</aspectratio>
            </control>-->

            <!--<control type="label">
                <description>Busy label</description>
                <centerleft>50%</centerleft>
                <centertop>50%</centertop>
                <width>720</width>
                <height>108</height>
                <aligny>center</aligny>
                <align>center</align>
                <label>$LOCALIZE[20186]...</label>
                <textcolor>ffededed</textcolor>
            </control>-->
			<control type="group">
				
				<centertop>50%</centertop>
				<centerleft>50%</centerleft>
				<width>450</width>
				<height>100</height>
				<include>Animation.DelayFadeIn</include>
				<control type="image">
					<description>Busy animation</description>
					<centerleft>54</centerleft>
					<centertop>54</centertop>
					<width>100</width>
					<height>100</height>
					<texture>dialog/loading-back.png</texture>
					<aspectratio>keep</aspectratio>
				</control>
				<control type="image">
					<description>Busy animation</description>
					<centerleft>54</centerleft>
					<centertop>54</centertop>
					<width>100</width>
					<height>100</height>
					<animation effect="rotate" condition="true" start="360" end="0" loop="true" time="1000" center="auto">Conditional</animation>
					<texture colordiffuse="$VAR[ColorHighlight]">dialog/loading-spinner.png</texture>
					<aspectratio>keep</aspectratio>
				</control>
				<control type="label">
					<description>Busy label</description>
					<posx>105</posx>
					<posy>30</posy>
					<width>720</width>
					<height>48</height>
					<align>left</align>
					<label>$LOCALIZE[20186]...</label>
                <textcolor>ffededed</textcolor>
				</control>
			</control>
			
        </control>

    </controls>

</window>
