<?xml version="1.0" encoding="UTF-8"?>
<!-- Foundation -->
<window id="6">
    <defaultcontrol always="true">50</defaultcontrol>
    <menucontrol>9000</menucontrol>
    <views>50,501,507,509,510,504,550,56,57,53,55,555,59,54,51,58,52,500</views>
    <onload condition="System.HasAddon(script.tv.show.next.aired)">RunScript(script.tv.show.next.aired,backend=True)</onload>
    
    <controls>

        <include>GlobalBackground</include>

        <include>View_550_List</include>
        <include condition="!Skin.HasSetting(50list.low)">View_50_List</include>
        <include condition="Skin.HasSetting(50list.low)">View_50_LowList</include>
        <include condition="Skin.HasSetting(51bigwide.showinfo)">View_51_BigWide_Info</include>
        <include condition="!Skin.HasSetting(51bigwide.showinfo)">View_51_BigWide_Classic</include>
        <include condition="Skin.HasSetting(52biglist.singlepane)">View_52_BigList_SinglePane</include>
        <include condition="!Skin.HasSetting(52biglist.singlepane)">View_52_BigList_DoublePane</include>
        <include>View_53_Poster</include>
        <include>View_54_Banner</include>
        <include>View_555_Wall_Episodes</include>
		
        <include condition="Skin.HasSetting(55wall.showinfo)">View_55_Wall_Info</include>
        <include condition="Skin.HasSetting(55wall.showposter)">View_55_Wall_Poster</include>
        <include condition="!Skin.HasSetting(55wall.showinfo) + !Skin.HasSetting(55wall.showposter)">View_55_Wall</include>
        <include condition="!Skin.HasSetting(56media.showinfo) + !Skin.HasSetting(56media.low)">View_56_MediaInfo</include>
        <include condition="Skin.HasSetting(56media.showinfo) + !Skin.HasSetting(56media.low)">View_56_MediaInfo2</include>
        <include condition="Skin.HasSetting(56media.low)">View_56_MediaInfo3</include>
        <include condition="!Skin.HasSetting(57list.low)">View_57_ExtraInfo</include>
        <include condition="Skin.HasSetting(57list.low)">View_57_ExtraInfo_LowList</include>
        <include>View_58_Cards</include>
        <include>View_59_BannerWall</include>
        <include>View_500_Thumbnails</include>
        <include>View_501_Testo</include>
		<include>View_504_Fanart</include>
		<include>View_507_Fanart2</include>
		<include>View_509_Shift</include>
		<include>View_510_Minimal</include>
		<!--<include>View_509_Fanart2test</include>-->
		
        <include>Furniture_Header</include>
        <include>Furniture_NowPlaying</include>
        <include>Furniture_Clock</include>
        <include>Furniture_Flags</include>
        <include>Furniture_Weather</include>
        <include>Furniture_OverlayInfo</include>
        
		
		
		
        <control type="group">
            <include>Animation.FadeIn</include>
            <include>Animation.FadeOut</include>
            <visible>ControlGroup(9000).HasFocus()</visible>
            <include>GlobalOverlay</include>
        </control>
        <control type="group">
			<animation effect="slide" start="0" end="-610" time="200" condition="Window.IsVisible(1109)">Conditional</animation>
            <height>522</height>
            <include>Def9000Background</include>
            <control type="group">
                <control type="image">
                    <description>arrow image</description>
                    <centerleft>50%</centerleft>
                    <posy>-16</posy>
                    <width>16</width>
                    <height>16</height>
                    <texture colordiffuse="White70" flipy="true">common/arrow-small.png</texture>
                </control>
                <control type="image">
                    <description>arrow image</description>
                    <centerleft>50%</centerleft>
                    <posy>522</posy>
                    <width>16</width>
                    <height>16</height>
                    <texture colordiffuse="White70" flipy="false">common/arrow-small.png</texture>
                </control>
            </control>
            <control type="grouplist" id="9000">
                <height>490</height>
				
                <usecontrolcoords>true</usecontrolcoords>
                <include>Def9000GroupList</include>
                
                <!-- Sort Options -->
				<control type="button" id="9305">
                    <include>DefContextButton</include>
                    <label>$LOCALIZE[582]: $INFO[Container.Viewmode]</label>			
					<align>left</align>
                    <onclick>ActivateWindow(1109)</onclick>
					<visible>!Skin.HasSetting(views.oldselector)</visible>
                </control>
				
                <control type="button" id="2">
                    <description>View</description>
                    <include>DefContextButton</include>
                    <align>left</align>	
					<visible>Skin.HasSetting(views.oldselector)</visible>			
                </control>
				                
                <control type="button" id="3">
                    <description>Sort</description>
                    <include>DefContextButton</include>
                    <align>left</align>
                </control>

                <control type="togglebutton" id="4">
                    <description>Ascending</description>
                    <include>DefContextButton</include>
                    <align>left</align>
                    <label>584</label>
                    <altlabel>585</altlabel>
                </control>
                
                <!-- View Options -->
				
				<control type="radiobutton" id="9030">
                    <include>DefSettingsButtonLabelContextName</include>
                    <align>left</align>
                    <label>37594</label>
                    <enable>false</enable> 
					<visible>Control.IsVisible(507) | Control.IsVisible(510) | Control.IsVisible(56) | Control.IsVisible(504) | Control.IsVisible(509) | Control.IsVisible(55) | Control.IsVisible(57) | Control.IsVisible(51) | Control.IsVisible(53) | Control.IsVisible(50) | Control.IsVisible(501)</visible>
                </control>
				
                <control type="radiobutton" id="9031" description="Low List (50)">
                    <include>DefContextButton</include>
                    <align>left</align>
                    <label>31142</label>
                    <selected>Skin.HasSetting(50list.low)</selected>
                    <onclick>Skin.ToggleSetting(50list.low)</onclick>
                    <onclick>ReloadSkin()</onclick>
                    <visible>Control.IsVisible(50)</visible>
                </control>
                
                <control type="radiobutton" id="9032" description="Low List (50)">
                    <include>DefContextButton</include>
                    <align>left</align>
                    <label>31214</label>
                    <selected>Skin.HasSetting(50list.showplot)</selected>
                    <onclick>Skin.ToggleSetting(50list.showplot)</onclick>
                    <visible>Control.IsVisible(50) + !Skin.HasSetting(50list.low)</visible>
                </control>
                
                <control type="radiobutton" id="9033" description="No Wrap (53)">
                    <include>DefContextButton</include>
                    <align>left</align>
                    <label>31148</label>
                    <selected>!Skin.HasSetting(53poster.nowrap)</selected>
                    <onclick>Skin.ToggleSetting(53poster.nowrap)</onclick>
                    <onclick>ReloadSkin()</onclick>
                    <visible>Control.IsVisible(53)</visible>
                </control>
                
                <control type="radiobutton" id="9034" description="Info Wall (55)">
                    <include>DefContextButton</include>
                    <align>left</align>
                    <label>31147</label>
                    <selected>Skin.HasSetting(55wall.showinfo)</selected>
                    <onclick>Skin.Reset(55wall.showposter)</onclick>
                    <onclick>Skin.ToggleSetting(55wall.showinfo)</onclick>
                    <onclick>ReloadSkin()</onclick>
                    <visible>Control.IsVisible(55)</visible>
                </control>
                
                <control type="radiobutton" id="9035" description="Poster Wall (55)">
                    <include>DefContextButton</include>
                    <align>left</align>
                    <label>Großes Poster anzeigen</label>
                    <selected>Skin.HasSetting(55wall.showposter)</selected>
                    <onclick>Skin.Reset(55wall.showinfo)</onclick>
                    <onclick>Skin.ToggleSetting(55wall.showposter)</onclick>
                    <onclick>ReloadSkin()</onclick>
                    <visible>Control.IsVisible(55)</visible>
                </control>
				
                <control type="radiobutton" id="9036" description="Info Media (56)">
                    <include>DefContextButton</include>
                    <align>left</align>
                    <label>31147</label>
                    <selected>Skin.HasSetting(56media.showinfo)</selected>
                    <onclick>Skin.ToggleSetting(56media.showinfo)</onclick>
                    <onclick>Skin.Reset(56media.low)</onclick>
                    <onclick>ReloadSkin()</onclick>
                    <visible>Control.IsVisible(56)</visible>
                </control>
                
                <control type="radiobutton" id="9037" description="Low List Media (56)">
                    <include>DefContextButton</include>
                    <align>left</align>
                    <label>31142</label>
                    <selected>Skin.HasSetting(56media.low)</selected>
                    <onclick>Skin.ToggleSetting(56media.low)</onclick>
                    <onclick>Skin.Reset(56media.showinfo)</onclick>
                    <onclick>ReloadSkin()</onclick>
                    <visible>Control.IsVisible(56)</visible>
                </control>
                
                <control type="radiobutton" id="9038" description="Low List (57)">
                    <include>DefContextButton</include>
                    <align>left</align>
                    <label>31142</label>
                    <selected>Skin.HasSetting(57list.low)</selected>
                    <onclick>Skin.ToggleSetting(57list.low)</onclick>
                    <onclick>ReloadSkin()</onclick>
                    <visible>Control.IsVisible(57)</visible>
                </control>
				
				<control type="radiobutton" id="9039" description="Big Wide Info (51)">
                    <include>DefContextButton</include>
                    <align>left</align>
                    <label>31147</label>
                    <selected>Skin.HasSetting(51bigwide.showinfo)</selected>
                    <onclick>Skin.ToggleSetting(51bigwide.showinfo)</onclick>
                    <onclick>Skin.Reset(51bigwide.showclassic)</onclick>
                    <onclick>ReloadSkin()</onclick>
                    <visible>Control.IsVisible(51)</visible>
                </control>
				
				<control type="radiobutton" id="9055" description="Plot 51">
                    <include>DefContextButton</include>
                    <align>left</align>
                    <label>31214</label>
                    <selected>Skin.HasSetting(51.showplot)</selected>
                    <onclick>Skin.ToggleSetting(51.showplot)</onclick>
                    <visible>Control.IsVisible(51) + !Skin.HasSetting(51bigwide.showinfo)</visible>
                </control>
                
				<control type="radiobutton" id="9056">
                    <include>DefContextButton</include>
                    <align>left</align>
                    <label>37509</label>
                    <selected>Skin.HasSetting(507.noscrolling)</selected>
                    <onclick>Skin.ToggleSetting(507.noscrolling)</onclick>
					<visible>Control.IsVisible(507)</visible>
                </control>

				<control type="radiobutton" id="9057">
                    <include>DefContextButton</include>
                    <align>left</align>
                    <label>37587</label>
                    <selected>Skin.HasSetting(509fanart)</selected>
                    <onclick>Skin.ToggleSetting(509fanart)</onclick>
					<visible>Control.IsVisible(509)</visible>
                </control>
				
				<control type="radiobutton" id="9058" description="Hide Votes">
                    <include>DefContextButton</include>
                    <align>left</align>
                    <label>37586</label>
                    <selected>Skin.HasSetting(hidevotesfanart)</selected>
                    <onclick>Skin.ToggleSetting(hidevotesfanart)</onclick>
					<visible>Control.IsVisible(501) | Control.IsVisible(507)</visible>
                </control>
				
				<control type="radiobutton" id="9059" description="Slider Info">
                    <include>DefContextButton</include>
                    <align>left</align>
                    <label>Info Slider</label>
                    <selected>Skin.HasSetting(55wall.slideinfo)</selected>
                    <onclick>Skin.ToggleSetting(55wall.slideinfo)</onclick>
					<visible>Control.IsVisible(55)</visible>
                </control>
				
				<control type="radiobutton" id="9060" description="Forschritts anzeigen">
                    <include>DefContextButton</include>
                    <align>left</align>
                    <label>37507</label>
                    <selected>Skin.HasSetting(furniture.overlayinfobalken)</selected>
                    <onclick>Skin.ToggleSetting(furniture.overlayinfobalken)</onclick>
					<visible>Control.IsVisible(55) | Control.IsVisible(57) | Control.IsVisible(56) | Control.IsVisible(501) | Control.IsVisible(507)</visible>
                </control>
				
				<control type="radiobutton" id="9061" description="Alternative Overlays">
                    <include>DefContextButton</include>
                    <align>left</align>
                    <label>37505</label>
                    <selected>Skin.HasSetting(furniture.overlaysnew)</selected>
                    <onclick>Skin.ToggleSetting(furniture.overlaysnew)</onclick>
					<visible>Control.IsVisible(501) | Control.IsVisible(507)</visible>
                </control>
				
				<control type="radiobutton" id="9062" description="Discart">
                    <include>DefContextButton</include>
                    <align>left</align>
                    <label>37503</label>
                    <selected>Skin.HasSetting(discartfanart)</selected>
                    <onclick>Skin.ToggleSetting(discartfanart)</onclick>
					<visible>Control.IsVisible(507) | Control.IsVisible(501) | Control.IsVisible(504)</visible>
                </control>
				
				<control type="radiobutton" id="9063" description="Alternatives CD Case">
                    <include>DefContextButton</include>
                    <align>left</align>
                    <label>37504</label>
                    <selected>Skin.HasSetting(ModernCase)</selected>
                    <onclick>Skin.ToggleSetting(ModernCase)</onclick>
					<visible>Control.IsVisible(507) | Control.IsVisible(501)</visible>
                </control>
				
				<control type="radiobutton" id="9064" description="InfoWall Infooverlay">
                    <include>DefContextButton</include>
                    <align>left</align>
                    <label>37506</label>
                    <selected>Skin.HasSetting(wall.infooverlay)</selected>
                    <onclick>Skin.ToggleSetting(wall.infooverlay)</onclick>
					<visible>Control.IsVisible(55)</visible>
                </control>
				
				<control type="radiobutton" id="9066" description="Plot">
                    <include>DefContextButton</include>
                    <align>left</align>
                    <label>37585</label>                   
                    <selected>Skin.HasSetting(PlotAlignLeft)</selected>
                    <onclick>Skin.ToggleSetting(PlotAlignLeft)</onclick>
					<visible>Control.IsVisible(501)</visible>
                </control>
				
				<control type="radiobutton" id="9067" description="Thumbs white">
                    <include>DefContextButton</include>
                    <align>left</align>
                    <label>37591</label>                   
                    <selected>Skin.HasSetting(ShowClearart510)</selected>
                    <onclick>Skin.ToggleSetting(ShowClearart510)</onclick>
					<visible>Control.IsVisible(510)</visible>
                </control>
				
				
				
				
				
				
				
				
				<control type="radiobutton" id="9080">
                    <include>DefSettingsButtonLabelContextName</include>
                    <align>left</align>
                    <label>37595</label>
                    <enable>false</enable> 
                </control>
				
				
				<control type="radiobutton" id="9581">
					<include>DefContextButton</include>
					<label>37521</label>
					<align>left</align>
					<selected>Skin.HasSetting(furniture.coloredicons)</selected>
					<onclick>Skin.ToggleSetting(furniture.coloredicons)</onclick>
				</control>
				
				<control type="radiobutton" id="9082" description="AnimatedPoster">
                    <include>DefContextButton</include>
                    <align>left</align>
                    <label>37500</label>                   
                    <selected>Skin.HasSetting(furniture.animatedposters)</selected>
                    <onclick>Skin.ToggleSetting(furniture.animatedposters)</onclick>
                </control>

				<control type="radiobutton" id="9016" description="Plot 51">
                    <include>DefContextButton</include>
                    <align>left</align>
                    <label>37592</label>
                    <selected>Skin.HasSetting(EnableBlur)</selected>
                    <onclick>Skin.ToggleSetting(EnableBlur)</onclick>
					<onclick>ReloadSkin()</onclick>
                </control>
				<control type="radiobutton" id="9017" description="Plot 51">
                    <include>DefContextButton</include>
                    <align>left</align>
                    <label>37593</label>
                    <selected>Skin.HasSetting(BlurOnHome)</selected>
                    <onclick>Skin.ToggleSetting(BlurOnHome)</onclick>
					<enable>Skin.HasSetting(EnableBlur)</enable>
                </control>
				
				

				<control type="radiobutton" id="9083" description="AnimatedFanart">
                    <include>DefContextButton</include>
                    <align>left</align>
                    <label>37501</label>            
                    <selected>Skin.HasSetting(furniture.animatedfanarts)</selected>
                    <onclick>Skin.ToggleSetting(furniture.animatedfanarts)</onclick>
                </control>
				
				
				
				<control type="radiobutton" id="9084" description="Thumbs white">
                    <include>DefContextButton</include>
                    <align>left</align>
                    <label>37514</label>                   
                    <selected>Skin.HasSetting(thumbnails.white)</selected>
                    <onclick>Skin.ToggleSetting(thumbnails.white)</onclick>
                </control>
				
                

                <control type="radiobutton" id="9085" description="Enable Extra Fanart">
                    <include>DefContextButton</include>
                    <align>left</align>
                    <label>31259</label>
                    <selected>Skin.HasSetting(EnableExtraFanart)</selected>
                    <onclick>Skin.ToggleSetting(EnableExtraFanart)</onclick>
                    <!--<visible>System.HasAddon(script.skin.helper.service)</visible>-->
                </control>

                <!-- Other Options -->
				<control type="radiobutton" id="9090">
                    <include>DefSettingsButtonLabelContextName</include>
                    <align>left</align>
                    <label>37596</label>
                    <enable>false</enable> 
                </control>
				
                <control type="radiobutton" id="14">
                    <description>Hide watched</description>
                    <include>DefContextButton</include>
                    <align>left</align>
                    <label>31133</label>
                </control>
                
                <control type="radiobutton" id="11">
                    <description>Unlock Shares</description>
                    <include>DefContextButton</include>
                    <align>left</align>
                    <label>20336</label>
                    <onclick>xbmc.mastermode</onclick>
                    <selected>system.ismaster</selected>
                    <visible>system.haslocks</visible>
                </control>

                <control type="radiobutton" id="16">
                    <description>PartyMode</description>
                    <include>DefContextButton</include>
                    <align>left</align>
                    <label>589</label>
                    <visible>Container.Content(MusicVideo)</visible>
                </control>
                
                <control type="edit" id="19">
                    <label>587</label>
                    <description>Filter (hidden)</description>
                    <include>DefContextButton</include>
                    <visible>!Container.CanFilterAdvanced</visible>
                </control>

                <control type="radiobutton" id="98">
                    <visible>Container.CanFilterAdvanced</visible>
                    <description>Filter</description>
                    <include>DefContextButton</include>
                    <label>587</label>
                    <align>left</align>
                    <onclick>SetFocus(50)</onclick>
                    <onclick>Filter</onclick>
                    <selected>Container.Filtered</selected>
                </control>
                
                <control type="button" id="9091">
                    <description>Global Search</description>
                    <include>DefContextButton</include>
                    <align>left</align>
                    <label>137</label>
                    <onclick>SetFocus(50)</onclick>
                    <onclick>RunScript(script.globalsearch,tvshows=true&amp;movies=true&amp;episodes=true&amp;actors=true)</onclick>
                </control>
                
                <control type="button" id="9098">
                    <description>Video Playlist</description>
                    <include>DefContextButton</include>
                    <label>559</label>
                    <align>left</align>
                    <onclick>ActivateWindow(VideoPlaylist)</onclick>
                    <visible>Integer.IsGreater(Playlist.Length(video),1)</visible>
                </control>

                <control type="button" id="20">
                    <description>Update</description>
                    <align>left</align>
                    <label>653</label>
                    <include>DefContextButton</include>
                </control>
				
				<include>ControlButtons</include>
				
            </control>
        </control>

    </controls>

</window>
