<?xml version="1.0" encoding="UTF-8"?>
<!-- Foundation -->
<window id="115">
    <defaultcontrol always="true">901</defaultcontrol>
    <visible>Window.IsActive(fullscreenvideo) + !Window.IsActive(script.pseudotv.TVOverlay.xml) + !Window.IsActive(script.pseudotv.live.TVOverlay.xml)</visible>
    <visible>Window.IsActive(fullscreenvideo) + !Window.IsActive(script.pseudotv.TVOverlay.xml) + !Window.IsActive(script.pseudotv.live.TVOverlay.xml)</visible>
    <visible>Window.IsActive(fullscreenvideo) + !Window.IsActive(script.pseudotv.TVOverlay.xml) + !Window.IsActive(script.pseudotv.live.TVOverlay.xml)</visible>
    <allowoverlay>no</allowoverlay>
    <visible>[VideoPlayer.IsFullscreen] + [Window.IsVisible(videoosd) | Window.IsVisible(fullscreeninfo) | Player.Seeking | Player.DisplayAfterSeek | Player.Paused | !String.IsEmpty(Player.SeekNumeric) | !String.IsEmpty(PVR.ChannelNumberInput) | Player.Forwarding | Player.Rewinding | Player.ShowInfo | !String.IsEmpty(Window(home).Property(osdshowinfo))]</visible>
    <zorder>0</zorder>
    <controls>
        <control type="group">
            <animation effect="slide" start="0" end="0,-74" time="150" condition="Window.IsVisible(videoosd)">Conditional</animation>
            <control type="group">
                <animation effect="slide" start="0" end="0,-130" time="150" condition="[Window.IsVisible(fullscreeninfo) | Player.ShowInfo | !String.IsEmpty(Window(home).Property(osdshowinfo)) | [Player.Paused + Skin.HasSetting(osd.showinfoonpause)]] + Skin.HasSetting(osd.showplot)">Conditional</animation>
				<animation effect="slide" start="0" end="0,-40" time="150" condition="[Window.IsVisible(fullscreeninfo) | Player.ShowInfo | !String.IsEmpty(Window(home).Property(osdshowinfo)) | [Player.Paused + Skin.HasSetting(osd.showinfoonpause)]] + !Skin.HasSetting(osd.showplot)">Conditional</animation>
                <animation effect="slide" start="0" end="0,110" time="150" condition="!Window.IsVisible(fullscreeninfo) + !Player.Seeking + !Player.DisplayAfterSeek + !Player.Paused + !Player.Forwarding + !Player.Rewinding + !Player.ShowInfo + String.IsEmpty(Window(home).Property(osdshowinfo))">Conditional</animation>
				<animation effect="slide" start="0" end="0,-110" time="150" condition="[!String.IsEmpty(Player.SeekNumeric) + !Window.IsVisible(fullscreeninfo) + !Window.IsVisible(videoosd)] | [!String.IsEmpty(PVR.ChannelNumberInput) + !Player.ShowInfo + !Window.IsVisible(fullscreeninfo)]">Conditional</animation>				
                <animation effect="slide" start="0,110" end="0" time="150">Visible</animation>
                <animation effect="slide" start="0,110" end="0" time="150">WindowOpen</animation>
                <control type="image">
                    <right>0</right>
                    <bottom>110</bottom>
                    <width>500</width>
                    <height>281</height>
                    <texture>$VAR[PlayerClearart]</texture>
                    <aspectratio align="right" aligny="bottom">keep</aspectratio>
                    <include>Animation.FadeIn</include>
                    <include>Animation.FadeOut</include>
                    <visible>Skin.HasSetting(ShowClearArtOSD)</visible>
                    <animation effect="slide" start="0" end="-70,0" condition="String.IsEmpty(Player.Art(clearart)) + String.IsEmpty(Player.Art(tvshow.clearart))">Conditional</animation>
                </control>
				<!-- Bild Hintergrund unten -->
                <control type="image">
                    <top>111r</top>
                    <width>100%</width>
                    <height>1</height>
                    <texture colordiffuse="BoxHomerow">common/sch2.png</texture>
                    <include>Animation.FadeOut</include>
					<visible>!Skin.HasSetting(thumbnails.white)</visible>
                </control>
				<control type="image">
                    <top>110r</top>
                    <width>100%</width>
                    <height>374</height>
                    <texture>common/white.png</texture>
                    <colordiffuse>$VAR[OSDPanel]</colordiffuse>
                    <animation effect="fade" start="100" end="90" condition="Skin.HasSetting(osd.usetheme)">Conditional</animation>
                    <include>Animation.FadeOut</include>
                </control>
				<control type="image" description="FanartOverlay">
					<width>100%</width>
					<height>360</height>
					<bottom>-157</bottom>
					<aspectratio aligny="bottom">scale</aspectratio>
					<texture>backg/homemenu_overlay.png</texture>				
					<animation effect="fade" start="0" end="5" time="1" condition="true">Conditional</animation>
					<include>Animation.FadeOut</include>
				</control>			
            </control>
            <control type="group">
                <top>180r</top>
                <bottom>0</bottom>
                <width>100%</width>
				<height>200</height>
                <visible>Window.IsVisible(fullscreeninfo) | Player.ShowInfo | !String.IsEmpty(Window(home).Property(osdshowinfo)) | [Player.Paused + Skin.HasSetting(osd.showinfoonpause)]</visible>
                <animation effect="fade" start="0" end="100" delay="150" time="150">Visible</animation>
                <animation effect="fade" start="0" end="100" delay="150" time="150">WindowOpen</animation>
                <control type="group">
                    <left>SidePad</left>
                    <right>SidePad</right>
                    <top>20</top>
                    <bottom>20</bottom>
					
					<control type="image">
						<visible>!String.IsEmpty(Player.Art(tvshow.poster)) | !String.IsEmpty(Player.Art(poster)) + !Player.IsInternetStream</visible>
						<left>-71</left>
						<top>-241</top>
                        <width>273</width>
						<height>392</height>
                        <texture colordiffuse="Box2">common/box2.png</texture>
                        <visible>!Skin.HasSetting(thumbnails.white)</visible>
						<animation effect="slide" delay="10" tween="sine" easing="out" start="-70" end="0" time="200">WindowOpen</animation>
                    </control>
                  
					 <control type="image">
						<visible>!String.IsEmpty(Player.Art(tvshow.poster)) | !String.IsEmpty(Player.Art(poster)) + !Player.IsInternetStream</visible>
						<left>-70</left>
						<top>-240</top>
                        <width>270</width>
						<height>390</height>
                        <texture>$VAR[PlayerPoster]</texture>                      
						<animation effect="slide" delay="10" tween="sine" easing="out" start="-70" end="0" time="200">WindowOpen</animation>
                    </control>

                    <control type="image">
                        <width>260</width>
                        <height>260</height>
						<bottom>-55</bottom>
                        <aspectratio>keep</aspectratio>
                        <texture>$INFO[Player.Art(thumb)]</texture>
						<animation effect="slide" start="0" end="0,-40" time="150" condition="Skin.HasSetting(osd.showplot)">Conditional</animation>
                        <visible>VideoPlayer.Content(LiveTV) + !String.IsEmpty(Player.Art(thumb))</visible>
                    </control>

                    <control type="group">
                        <left>290</left>
                        <visible>VideoPlayer.Content(LiveTV) + !String.IsEmpty(Player.Art(thumb))</visible>
                        <include>OSDInfoContent</include>
                    </control>

                    <control type="group">
                        <left>223</left>
                        <visible>!String.IsEmpty(Player.Art(tvshow.poster)) | !String.IsEmpty(Player.Art(poster))</visible>
                        <include>OSDInfoContent</include>
                    </control>

                    <control type="group">
                        <left>0</left>
                        <visible>String.IsEmpty(Player.Art(tvshow.poster)) + String.IsEmpty(Player.Art(poster)) + [!VideoPlayer.Content(LiveTV) | String.IsEmpty(Player.Art(thumb))]</visible>
                        <include>OSDInfoContent</include>
                    </control>
                </control>
            </control>
            <control type="group">
                <visible>!Player.Paused | !Skin.HasSetting(osd.showinfoonpause)</visible>
                <visible>!Window.IsVisible(fullscreeninfo) + !Player.ShowInfo + String.IsEmpty(Window(home).Property(osdshowinfo))</visible>
                <visible>Player.Seeking | Player.DisplayAfterSeek | Player.Paused | Player.Forwarding | Player.Rewinding | !String.IsEmpty(Player.SeekNumeric) | !String.IsEmpty(PVR.ChannelNumberInput)</visible>
                <animation effect="fade" start="0" end="100" delay="150" time="150">Visible</animation>
                <animation effect="fade" start="0" end="100" delay="150" time="150">WindowOpen</animation>
                <top>110r</top>
                <bottom>0</bottom>
                <width>100%</width>           
                <control type="group">
                    <left>SidePad</left>
                    <right>SidePad</right>
                    <top>20</top>
                    <bottom>20</bottom>			
					<control type="label" description="Finishes Time">
                        <width>400</width>
                        <bottom>30</bottom>
                        <height>40</height>
                        <font>Tiny</font>
                        <textcolor>$VAR[OSDPanelWhite70]</textcolor>
                        <label>$VAR[PlayerStatus]</label>
                    </control>
					
					<control type="grouplist">
						<orientation>horizontal</orientation>
            			<align>right</align>
						<control type="label">
							<visible>!Skin.HasSetting(ClockOSD)</visible>	
							<width>auto</width>
							<align>right</align>
							<height>40</height>		
							<font>Tiny</font>
							<textcolor>$VAR[OSDPanelWhite70]</textcolor>
							<label>$INFO[System.Time] </label>
							<visible>Player.HasVideo</visible>
						</control>
			
						<control type="image">
							<visible>!Skin.HasSetting(ClockOSD)</visible>	
							<centertop>10%</centertop>
							<width>30</width>
							<height>45</height>
							<align>right</align>
							<colordiffuse>$VAR[OSDPanelWhite30]</colordiffuse>
							<texture>kaitoast/finishtime2.png</texture>
							<visible>Player.HasVideo</visible>
						</control>
						<control type="label">
							<visible>!Skin.HasSetting(ClockOSD)</visible>	
							<width>auto</width>
							<align>right</align>
							<height>40</height>		
							<font>Tiny</font>
							<textcolor>$VAR[OSDPanelWhite70]</textcolor>
							<label>$INFO[Player.FinishTime]  •  </label>
							<visible>Player.HasVideo</visible>
							<visible>!VideoPlayer.Content(LiveTV)</visible>
						</control>
						<control type="label" description="Chapter-OSD">
							<width>auto</width>
							<height>40</height>		
							<font>Tiny</font>
							<textcolor>$VAR[OSDPanelWhite70]</textcolor>
							<label>$INFO[Player.Chapter]$INFO[Player.ChapterCount, / ,  •  ]</label>
							<visible>!VideoPlayer.Content(LiveTV) + Player.HasVideo + !String.IsEqual(Player.ChapterCount,0) + !String.IsEqual(Player.ChapterCount,00)</visible>
						</control>
						
						<control type="label" description="Duration Total Time">
							<width>auto</width>
							<bottom>30</bottom>
							<height>40</height>
							<font>Tiny</font>
							<textcolor>$VAR[OSDPanelWhite70]</textcolor>
							<label>$INFO[Player.Time]$INFO[Player.Duration,  /  ,]</label>
							<visible>String.IsEmpty(Player.SeekNumeric) + !VideoPlayer.Content(LiveTV)</visible>
						</control>
						<control type="label" description="Duration Total Time">
							<width>auto</width>
							<bottom>30</bottom>
							<height>40</height>
							<font>Tiny</font>
							<textcolor>$VAR[OSDPanelWhite70]</textcolor>
							<label>$INFO[Player.SeekNumeric(hh:mm:ss)]$INFO[Player.Duration,  /  ,]</label>
							<visible>!String.IsEmpty(Player.SeekNumeric) + !VideoPlayer.Content(LiveTV)</visible>
						</control>
						<control type="label" description="Duration Total Time">
							<width>auto</width>
							<bottom>30</bottom>
							<height>40</height>
							<font>Tiny</font>
							<textcolor>$VAR[OSDPanelWhite70]</textcolor>
							<label>$INFO[PVR.EpgEventFinishTime]</label>
							<visible>VideoPlayer.Content(LiveTV)</visible>
						</control>	
						
						<control type="label" description="Total Time">	
							<width>auto</width>
							<align>right</align>
							<height>40</height>		
							<font>Tiny</font>
							<textcolor>$VAR[OSDPanelWhite70]</textcolor>
							<label>$INFO[PVR.EpgEventElapsedTime, •   ,]  /  $INFO[PVR.EpgEventDuration]</label>
							<visible>VideoPlayer.Content(LiveTV)</visible>
						</control>
											
          			</control>
					<control type="progress" description="cache">
                        <description>Progress Bar</description>
                        <width>100%</width>
                        <bottom>10</bottom>
                        <height>8</height>
                        <info>Player.ProgressCache</info>
                        <visible>true</visible>
                        <texturebg colordiffuse="00ffffff">osd/progress-bg.png</texturebg>
                        <lefttexture colordiffuse="Highlight2">osd/progress-end.png</lefttexture>
                        <midtexture colordiffuse="Highlight2">osd/progress-end.png</midtexture>
                        <righttexture colordiffuse="Highlight2">osd/progress-end.png</righttexture>
                    </control>
                    <control type="progress" id="23">
                        <description>Progress Bar</description>
                        <width>100%</width>
                        <bottom>10</bottom>
                        <height>8</height>
                        <info>Player.Progress</info>
                        <visible>!Player.Seeking</visible>
                    </control>
                    <control type="progress" id="401">
                        <description>Progress Bar</description>
                        <width>100%</width>
                        <bottom>10</bottom>
                        <height>8</height>
                        <visible>Player.Seeking</visible>
                    </control>
                </control>
            </control>
        
        </control>
		<include>ChannelNumberInput</include>
		<include>Furniture_OverlayInfoNew</include>
        <!-- Clock -->
        <include>Furniture_OSDClock</include>
    </controls>

</window>
