<?xml version="1.0" encoding="UTF-8" standalone="yes"?>
<addon id="repository.beatmasterrs" name="BeatmasterRs Repo" version="1.0.0" provider-name="beatmasterRS">
	<requires>
		<import addon="xbmc.addon" version="12.0.0"/>
	</requires>
	<extension point="xbmc.addon.repository" name="BeatmasterRs Repo">
		<dir minversion="17.9.0">
			<info compressed="true">https://github.com/beatmasterRS/repository.beatmasterRS/raw/master/addons.xml</info>
			<checksum>https://github.com/beatmasterRS/repository.beatmasterRS/raw/master/addons.xml.md5</checksum>
			<datadir zip="true">https://github.com/beatmasterRS/repository.beatmasterRS/raw/master/</datadir>
		</dir>	
	</extension>
	<extension point="xbmc.addon.metadata">
		<summary>BeatmasterRs Kodi repository</summary>
		<description>Personal repository of BeatmasterRs and home of the Arctic Zephyr Leia Mod skin</description>
		<disclaimer></disclaimer>
		<platform>all</platform>
		<assets>
			<icon>resources/icon.png</icon>
			<fanart>resources/fanart.jpg</fanart>
		</assets>
	</extension>
</addon>
