<?xml version="1.0" encoding="UTF-8"?>
<window type="dialog" id="1297">
    <defaultcontrol>9000</defaultcontrol>
    <onload>SetProperty(Fanart,$INFO[Window(Home).Property(LatestMovie.1.Fanart)])</onload>
    <onload>Skin.Reset(NoBlurFoto)</onload>
    <controls>
        <control type="group">
            <animation effect="fade" start="100" end="0" time="500" delay="0" tween="quadratic">WindowClose</animation>
            <control type="image" description="Background">
                <left>80</left>
                <top>220</top>
                <width>1760</width>
                <height>630</height>
                <texture colordiffuse="Panel">common/bg.jpg</texture>
                <visible>String.IsEmpty(Skin.String(StartupPlaylist))</visible>
            </control>
            <control type="group">
                <left>80</left>
                <top>216</top>
                <control type="image">
                    <top>10</top>
                    <left>450</left>
                    <width>1</width>
                    <bottom>236</bottom>
                    <colordiffuse>Black12</colordiffuse>
                    <texture>common/white.png</texture>
                </control>

                <!-- Header -->
                <control type="label">
                    <left>30</left>
                    <width>390</width>
                    <posy>18</posy>
                    <font>MediumBold</font>
                    <label>5</label>
                    <textcolor>PanelWhite100</textcolor>
                </control>
                <control type="label">
                    <left>30</left>
                    <right>30</right>
                    <posy>77</posy>
                    <height>30</height>
                    <font>Tiny</font>
                    <textcolor>PanelWhite70</textcolor>
                    <scroll>true</scroll>
                    <align>left</align>
                    <textoffsetx>0</textoffsetx>
                    <texturenofocus>noop</texturenofocus>
                    <texturefocus>noop</texturefocus>
                    <label>$VAR[BlurSet]</label>
                </control>
            </control>
            <control type="group">
                <right>95</right>
                <width>1280</width>
                <top>230</top>
                <height>614</height>
                <control type="image" description="Background">
                    <texture colordiffuse="Background">common/bg.jpg</texture>
                </control>
                <animation effect="fade" start="0" end="100" time="200" delay="0" tween="quadratic">WindowOpen</animation>
                <animation effect="fade" start="0" end="100" time="200" delay="300" tween="quadratic">Visible</animation>
            </control>
            <control type="multiimage" id="7975">
                <left>-2160</left>
                <width>1</width>
                <height>1</height>
                <timeperimage>10000</timeperimage>
                <randomize>true</randomize>
                <fadetime>600</fadetime>
                <imagepath background="true" fallback="special://skin/extras/views/cars.jpg">$INFO[Window.Property(Fanart)]</imagepath>
            </control>
            <control type="group">
                <visible>!String.IsEqual(Window(home).Property(Daemon_FIVE_ImageUpdating),0) + Skin.HasSetting(EnableBlur)</visible>
                <right>95</right>
                <width>1280</width>
                <top>230</top>
                <height>614</height>
                <control type="image">
                    <texture background="true">$INFO[Window(home).Property(ImageFilterFIVE)]</texture>
                    <fadetime>600</fadetime>
                    <animation effect="fade" end="20" start="100" time="0" condition="Integer.IsEqual(Skin.String(BackgroundBlur),20)">Conditional</animation>
                    <animation effect="fade" end="40" start="100" time="0" condition="Integer.IsEqual(Skin.String(BackgroundBlur),40)">Conditional</animation>
                    <animation effect="fade" end="60" start="100" time="0" condition="Integer.IsEqual(Skin.String(BackgroundBlur),60)">Conditional</animation>
                    <animation effect="fade" end="80" start="100" time="0" condition="Integer.IsEqual(Skin.String(BackgroundBlur),80)">Conditional</animation>
                </control>
                <animation effect="fade" start="0" end="100" time="200" delay="0" tween="quadratic">WindowOpen</animation>
                <animation effect="fade" start="0" end="100" time="200" delay="300" tween="quadratic">Visible</animation>
            </control>
            <control type="group">
                <visible>Skin.HasSetting(NoBlurFoto)</visible>
                <right>95</right>
                <width>1280</width>
                <top>230</top>
                <height>614</height>
                <control type="image">
                    <texture background="true" fallback="special://skin/extras/views/cars.jpg">$INFO[Window.Property(Fanart)]</texture>
                    <fadetime>600</fadetime>
                </control>
                <animation effect="fade" start="100" end="0" time="200" delay="0" tween="quadratic">Hidden</animation>
                <animation effect="fade" start="0" end="100" time="200" delay="0" tween="quadratic">Visible</animation>
            </control>
            <control type="group">
                <visible>String.IsEqual(Window(home).Property(Daemon_FIVE_ImageUpdating),0)</visible>
                <right>95</right>
                <width>1280</width>
                <top>230</top>
                <height>614</height>
                <control type="image">
                    <texture background="true" colordiffuse="ff333333" fallback="special://skin/extras/views/cars.jpg">$INFO[Window.Property(Fanart)]</texture>
                </control>
            </control>
            <control type="group">
                <right>95</right>
                <width>1280</width>
                <top>230</top>
                <height>614</height>
                <control type="image" description="Background">
                    <texture>common/bg.png</texture>
                    <include condition="Skin.HasSetting(EnableBlur)">Overlay510Blur</include>
                    <include condition="!Skin.HasSetting(EnableBlur)">Overlay510</include>
                </control>
                <animation effect="fade" start="100" end="0" time="200" delay="0" tween="quadratic">Hidden</animation>
                <animation effect="fade" start="0" end="100" time="200" delay="0" tween="quadratic">Visible</animation>
            </control>
            <control type="group">
                <right>95</right>
                <width>1280</width>
                <top>230</top>
                <height>614</height>
                <control type="image" description="FanartOverlay">
                    <texture>common/floor.png</texture>
                    <include condition="Skin.HasSetting(EnableBlur)">IncludeFloorFadeBlur</include>
                    <include condition="!Skin.HasSetting(EnableBlur)">IncludeFloorFade</include>
                </control>
                <animation effect="fade" start="100" end="0" time="200" delay="0" tween="quadratic">Hidden</animation>
                <animation effect="fade" start="0" end="100" time="200" delay="0" tween="quadratic">Visible</animation>
            </control>
            <control type="grouplist" id="9000">
                <description>Control Area</description>
                <left>80</left>
                <width>680</width>
                <top>340</top>
                <height>426</height>
                <orientation>vertical</orientation>
                <pagecontrol>1224</pagecontrol>
                <usecontrolcoords>true</usecontrolcoords>
                <ondown>9100</ondown>
                <onup>9100</onup>
                <onleft>9100</onleft>
                <onright>9100</onright>
                <control type="button" id="9001">
                    <onback>Skin.Reset(NoBlurFoto)</onback>
                    <label>37640</label>
                    <label2>$INFO[Skin.String(colorbox_effect)]</label2>
                    <onclick condition="!String.IsEqual(Skin.String(colorbox_blend),100)">Skin.SetString(colorbox_blend,100)</onclick>
                    <onclick condition="String.IsEmpty(Skin.String(colorbox_effect))">Skin.SetString(colorbox_effect,blur)</onclick>
                    <onclick condition="String.IsEqual(Skin.String(colorbox_effect),blur)">Skin.SetString(colorbox_quality,1)</onclick>
                    <onclick condition="String.IsEqual(Skin.String(colorbox_effect),blur)">Skin.SetString(colorbox_effect,pixelate)</onclick>
                    <onclick condition="String.IsEqual(Skin.String(colorbox_effect),pixelate)">Skin.SetString(colorbox_quality,1)</onclick>
                    <onclick condition="String.IsEqual(Skin.String(colorbox_effect),pixelate)">Skin.SetString(colorbox_effect,desaturate)</onclick>
                    <onclick condition="String.IsEqual(Skin.String(colorbox_effect),desaturate)">Skin.SetString(colorbox_quality,1)</onclick>
                    <onclick condition="String.IsEqual(Skin.String(colorbox_effect),desaturate)">Skin.SetString(colorbox_effect,twotone)</onclick>
                    <onclick condition="String.IsEqual(Skin.String(colorbox_effect),twotone)">Skin.SetString(colorbox_quality,4)</onclick>
                    <onclick condition="String.IsEqual(Skin.String(colorbox_effect),twotone)">Skin.SetString(colorbox_effect,blur)</onclick>
                    <onclick>Skin.SetString(colorbox_blend,100)</onclick>
                    <onclick>Skin.SetString(colorbox_blursize,30)</onclick>
                    <onclick>Skin.SetString(colorbox_bitsize,1)</onclick>
                    <onclick>Skin.SetString(colorbox_pixelsize,12)</onclick>
                    <onclick>SetProperty(FIVE_daemon_set,$INFO[Skin.String(colorbox_effect)],home)</onclick>
                    <include>UpdateColorbox</include>
                    <include>DefDialogButtonsBlur</include>
                </control>
                <control type="button" id="9003">
                    <onback>Skin.Reset(NoBlurFoto)</onback>
                    <label>37639</label>
                    <label2>$INFO[Skin.String(colorbox_blursize)]</label2>
                    <onclick>Skin.SetNumeric(colorbox_blursize)</onclick>
                    <include>UpdateColorbox</include>
                    <include>DefDialogButtonsBlur</include>
                    <visible>String.IsEqual(Skin.String(colorbox_effect),blur)</visible>
                </control>
                <control type="button" id="9004">
                    <onback>Skin.Reset(NoBlurFoto)</onback>
                    <label>37638</label>
                    <label2>$INFO[Skin.String(colorbox_pixelsize)]</label2>
                    <onclick>Skin.SetNumeric(colorbox_pixelsize)</onclick>
                    <include>UpdateColorbox</include>
                    <include>DefDialogButtonsBlur</include>
                    <visible>String.IsEqual(Skin.String(colorbox_effect),pixelate)</visible>
                </control>
                <control type="button" id="9005">
                    <onback>Skin.Reset(NoBlurFoto)</onback>
                    <label>37637</label>
                    <label2>$INFO[Skin.String(colorbox_bitsize)]</label2>
                    <onclick condition="Integer.IsGreater(Skin.String(colorbox_bitsize),3)">Skin.SetString(colorbox_bitsize,1)</onclick>
                    <onclick condition="Integer.IsEqual(Skin.String(colorbox_bitsize),1)">Skin.SetString(colorbox_bitsize,2)</onclick>
                    <onclick condition="Integer.IsEqual(Skin.String(colorbox_bitsize),2)">Skin.SetString(colorbox_bitsize,3)</onclick>
                    <onclick condition="Integer.IsEqual(Skin.String(colorbox_bitsize),3)">Skin.SetString(colorbox_bitsize,4)</onclick>
                    <include>UpdateColorbox</include>
                    <include>DefDialogButtonsBlur</include>
                    <visible>String.IsEqual(Skin.String(colorbox_effect),posterize)</visible>
                </control>
                <control type="button" id="9096">
                    <onback>Skin.Reset(NoBlurFoto)</onback>
                    <label>37636</label>
                    <label2>$INFO[Skin.String(colorbox_quality)]</label2>
                    <onclick condition="Integer.IsGreater(Skin.String(colorbox_quality),7)">Skin.SetString(colorbox_quality,1)</onclick>
                    <onclick condition="Integer.IsEqual(Skin.String(colorbox_quality),1)">Skin.SetString(colorbox_quality,2)</onclick>
                    <onclick condition="Integer.IsEqual(Skin.String(colorbox_quality),2)">Skin.SetString(colorbox_quality,3)</onclick>
                    <onclick condition="Integer.IsEqual(Skin.String(colorbox_quality),3)">Skin.SetString(colorbox_quality,4)</onclick>
                    <onclick condition="Integer.IsEqual(Skin.String(colorbox_quality),4)">Skin.SetString(colorbox_quality,5)</onclick>
                    <onclick condition="Integer.IsEqual(Skin.String(colorbox_quality),5)">Skin.SetString(colorbox_quality,6)</onclick>
                    <onclick condition="Integer.IsEqual(Skin.String(colorbox_quality),6)">Skin.SetString(colorbox_quality,7)</onclick>
                    <onclick condition="Integer.IsEqual(Skin.String(colorbox_quality),7)">Skin.SetString(colorbox_quality,8)</onclick>
                    <include>UpdateColorbox</include>
                    <include>DefDialogButtonsBlur</include>
                </control>
                <control type="button" id="9097">
                    <onback>Skin.Reset(NoBlurFoto)</onback>
                    <label>37635</label>
                    <label2>$INFO[Skin.String(colorbox_blend)]</label2>
                    <onclick>Skin.SetNumeric(colorbox_blend)</onclick>
                    <include>UpdateColorbox</include>
                    <include>DefDialogButtonsBlur</include>
                </control>
                <control type="button" id="9098">
                    <onback>Skin.Reset(NoBlurFoto)</onback>
                    <label>$LOCALIZE[37727]:</label>
                    <label2>$VAR[BackgroundBlurLabel]%</label2>
                    <onclick condition="Integer.IsEqual(Skin.String(BackgroundBlur),100) | String.IsEmpty(Skin.String(BackgroundBlur))">Skin.SetString(BackgroundBlur,80)</onclick>
                    <onclick condition="Integer.IsEqual(Skin.String(BackgroundBlur),80)">Skin.SetString(BackgroundBlur,60)</onclick>
                    <onclick condition="Integer.IsEqual(Skin.String(BackgroundBlur),60)">Skin.SetString(BackgroundBlur,40)</onclick>
                    <onclick condition="Integer.IsEqual(Skin.String(BackgroundBlur),40)">Skin.SetString(BackgroundBlur,20)</onclick>
                    <onclick condition="Integer.IsEqual(Skin.String(BackgroundBlur),20)">Skin.SetString(BackgroundBlur,100)</onclick>
                    <include>DefDialogButtonsBlur</include>
                </control>
                <control type="radiobutton" id="9099">
                    <onback>Skin.Reset(NoBlurFoto)</onback>
                    <label>37593</label>
                    <selected>Skin.HasSetting(BlurOnHome)</selected>
                    <onclick>Skin.ToggleSetting(BlurOnHome)</onclick>
                    <include>DefContextButtonBlur</include>
                </control>
                <control type="button" id="9045">
                    <onback>Skin.Reset(NoBlurFoto)</onback>
                    <label>$LOCALIZE[37812]</label>
                    <label2>$VAR[FadetimeLabel]</label2>
                    <include>DefContextButtonBlur</include>
                    <onclick condition="Integer.IsEqual(Skin.String(Fadetime),600) | String.IsEmpty(Skin.String(Fadetime))">Skin.SetString(Fadetime,1800)</onclick>
                    <onclick condition="Integer.IsEqual(Skin.String(Fadetime),1800)">Skin.SetString(Fadetime,3600)</onclick>
                    <onclick condition="Integer.IsEqual(Skin.String(Fadetime),3600)">Skin.SetString(Fadetime,600)</onclick>
                    <ondown>SetFocus(9199)</ondown>
                </control>
            </control>
            <control type="scrollbar" id="1224">
                <onback>50</onback>
                <left>534</left>
                <posy>340</posy>
                <height>425</height>
                <width>8</width>
                <onleft>50</onleft>
                <onright>290000</onright>
                <texturesliderbackground border="4" colordiffuse="Dark4">scrollbar/scrollv.png</texturesliderbackground>
                <texturesliderbar border="4" colordiffuse="Dark3">scrollbar/scrollv.png</texturesliderbar>
                <texturesliderbarfocus border="4" colordiffuse="Dark2">scrollbar/scrollv.png</texturesliderbarfocus>
                <orientation>vertical</orientation>
                <showonepage>false</showonepage>
                <animation effect="fade" start="100" end="0" time="400" condition="ControlGroup(9100).HasFocus()">Conditional</animation>
            </control>
            <control type="grouplist" id="9100">
                <left>110</left>
                <top>777</top>
                <onup>9045</onup>
                <orientation>horizontal</orientation>
                <include>listdimensions</include>
                <control type="radiobutton" id="9199">
                    <onback>Skin.Reset(NoBlurFoto)</onback>
                    <ondown>9001</ondown>
                    <onright>9200</onright>
                    <label>Yes</label>
                    <onclick>Close</onclick>
                    <include>buttondimensionssquareblur</include>
                    <include content="buttontextures">
                        <param name="icon" value="buttonsdialogs/enabled.png"/>
                    </include>
                </control>
                <control type="radiobutton" id="9200">
                    <onback>Skin.Reset(NoBlurFoto)</onback>
                    <ondown>9001</ondown>
                    <onright>9201</onright>
                    <label>No</label>
                    <onclick>Skin.SetString(colorbox_effect,blur)</onclick>
                    <onclick>SetProperty(FIVE_daemon_set,$INFO[Skin.String(colorbox_effect)],home)</onclick>
                    <onclick>Skin.SetString(colorbox_quality,4)</onclick>
                    <onclick>Skin.SetString(colorbox_blend,100)</onclick>
                    <onclick>Skin.SetString(colorbox_blursize,30)</onclick>
                    <onclick>Skin.SetString(colorbox_bitsize,1)</onclick>
                    <onclick>Skin.SetString(colorbox_pixelsize,12)</onclick>
                    <onclick>Skin.SetString(BackgroundBlur,80)</onclick>
                    <include>UpdateColorbox</include>
                    <include>buttondimensionssquareblur</include>
                    <include content="buttontextures">
                        <param name="icon" value="buttonsdialogs/update.png"/>
                    </include>
                </control>
                <control type="radiobutton" id="9201">
                    <onback>Skin.Reset(NoBlurFoto)</onback>
                    <ondown>9001</ondown>
                    <onright>9202</onright>
                    <label>No</label>
                    <onclick condition="String.IsEqual(Window.Property(Fanart),Window(Home).Property(LatestMovie.1.Fanart))">SetProperty(Fanart,$INFO[Window(Home).Property(LatestMovie.2.Fanart)])</onclick>
                    <onclick condition="String.IsEqual(Window.Property(Fanart),Window(Home).Property(LatestMovie.2.Fanart))">SetProperty(Fanart,$INFO[Window(Home).Property(LatestMovie.3.Fanart)])</onclick>
                    <onclick condition="String.IsEqual(Window.Property(Fanart),Window(Home).Property(LatestMovie.3.Fanart))">SetProperty(Fanart,$INFO[Window(Home).Property(LatestMovie.4.Fanart)])</onclick>
                    <onclick condition="String.IsEqual(Window.Property(Fanart),Window(Home).Property(LatestMovie.4.Fanart))">SetProperty(Fanart,$INFO[Window(Home).Property(LatestMovie.1.Fanart)])</onclick>
                    <include>buttondimensionssquareblur</include>
                    <include content="buttontextures">
                        <param name="icon" value="buttonsdialogs/artworkdownloader.png"/>
                    </include>
                </control>
                <control type="radiobutton" id="9202">
                    <onback>Skin.Reset(NoBlurFoto)</onback>
                    <include>buttondimensionssquareblur</include>
                    <texturenofocus colordiffuse="Dark4" border="0">common/boxsquare.png</texturenofocus>
                    <texturefocus colordiffuse="$VAR[ColorHighlight]" border="0">common/boxsquare.png</texturefocus>
                    <textureradioonfocus colordiffuse="FFFFFFFF">buttonsdialogs/choose_image.png</textureradioonfocus>
                    <textureradioonnofocus colordiffuse="FFFFFFFF">buttonsdialogs/choose_image.png</textureradioonnofocus>
                    <textureradioofffocus colordiffuse="FFFFFFFF">buttonsdialogs/choose_image_blur.png</textureradioofffocus>
                    <textureradiooffnofocus colordiffuse="FFFFFFFF">buttonsdialogs/choose_image_blur.png</textureradiooffnofocus>
                    <textcolor>Dark4</textcolor>
                    <font>Null</font>
                    <selected>!Skin.HasSetting(NoBlurFoto)</selected>
                    <onclick condition="System.HasAddon(script.colorbox)">Skin.ToggleSetting(NoBlurFoto)</onclick>
                </control>
                <!--<control type="radiobutton" id ="9203">
                    <onup>9098</onup>
                    <include>buttondimensionssquareblur</include>
                    <texturenofocus colordiffuse="Dark4" border="0">common/box.png</texturenofocus>
                    <texturefocus colordiffuse="$VAR[ColorHighlight]" border="0">common/box.png</texturefocus>
                    <textureradioonfocus colordiffuse="FFFFFFFF">buttonsdialogs/disable.png</textureradioonfocus>
                    <textureradioonnofocus colordiffuse="FFFFFFFF">buttonsdialogs/disable.png</textureradioonnofocus>
                    <textureradioofffocus colordiffuse="FFFFFFFF">buttonsdialogs/enabled.png</textureradioofffocus>
                    <textureradiooffnofocus colordiffuse="FFFFFFFF">buttonsdialogs/enabled.png</textureradiooffnofocus>
                    <textcolor>Dark4</textcolor>
                    <font>Null</font>
                    <selected>Skin.HasSetting(EnableBlur)</selected>
                    <onclick condition="!System.HasAddon(script.colorbox)">InstallAddon(script.colorbox)</onclick>
                    <onclick condition="System.HasAddon(script.colorbox) + !Skin.HasSetting(EnableBlur)">SetProperty(FIVE_daemon_set,blur,home)</onclick>
                    <onclick condition="System.HasAddon(script.colorbox) + !Skin.HasSetting(EnableBlur)">RunScript(script.colorbox,daemon=True)</onclick>
                    <onclick condition="System.HasAddon(script.colorbox) + !Skin.HasSetting(EnableBlur)">AlarmClock(nms1,SetProperty(NINE_manual_set,"var=main,set=$INFO[Skin.String(colorbox_main)]|var=comp,set=$INFO[Skin.String(colorbox_comp)]|var=quality,set=$INFO[Skin.String(colorbox_quality)]|var=blursize,set=$INFO[Skin.String(colorbox_blursize)]|var=bitsize,set=$INFO[Skin.String(colorbox_bitsize)]|var=pixelsize,set=$INFO[Skin.String(colorbox_pixelsize)]|var=black,set=$INFO[Skin.String(colorbox_black)]|var=white,set=$INFO[Skin.String(colorbox_white)]|var=blend,set=$INFO[Skin.String(colorbox_blend)]|var=desat,set=$INFO[Skin.String(colorbox_desat)]",home),00:05,true)</onclick>
                    <onclick condition="System.HasAddon(script.colorbox)">Skin.ToggleSetting(EnableBlur)</onclick>            
                </control>-->
            </control>
        </control>
    </controls>
</window>