<?xml version="1.0" encoding="UTF-8"?>
<includes>
    <include name="weather_widget_extended">
        <control type="group">                        
            <visible>!String.Contains(Container(300).ListItem.Property(widgetEnable.2),yes) + !String.Contains(Container(300).ListItem.Property(widgetEnable.3),yes) + !String.Contains(Container(300).ListItem.Property(widgetEnable.4),yes) + !String.Contains(Container(300).ListItem.Property(widgetEnable.5),yes) + String.Contains(Container(300).ListItem.Property(widget),Weather)</visible>                                   
            <include>Animation.Vertical.Widgets.Container</include> 
            <control type="group">
                <left>518</left>
                <top>567</top>
                <width>1430</width>
                <height>325</height>
                <include>Animation.Vertical.Widgets.Container</include>                            
                <control type="image">
                    <left>0</left>
                    <top>0</top>
                    <right>0</right>
                    <bottom>0</bottom>
                    <texture border="10" colordiffuse="Light3">common/$VAR[nofocus-shadow10]</texture>
                </control>
                <control type="image">
                    <top>10</top>
                    <left>10</left>
                    <right>10</right>
                    <bottom>10</bottom>
                    <texture border="5" colordiffuse="Panel">common/box.png</texture>
                    <animation effect="fade" start="100" end="90" condition="true">Conditional</animation>
                </control>
                <control type="multiimage" description="Fanart">
                    <visible>!Skin.HasSetting(weather.hidefanart) + !Skin.HasSetting(weather.fanart.widgets) + String.Contains(Skin.String(weather.fanart.path),multi) + !String.IsEmpty(Skin.String(weather.fanart.path))</visible>
                    <top>10</top>
                    <left>10</left>
                    <right>10</right>
                    <bottom>10</bottom>
                    <fadetime>600</fadetime>
                    <timeperimage>12000</timeperimage>
                    <randomize>true</randomize>
                    <aspectratio>scale</aspectratio>
                    <animation effect="fade" start="100" end="10" condition="true">Conditional</animation>
                    <imagepath background="true">$INFO[Skin.String(weather.fanart.path)]$INFO[Window(weather).Property(Current.FanartCode)]/</imagepath>
                </control>
                <control type="image" description="Fanart">
                    <visible>!Skin.HasSetting(weather.hidefanart) + !Skin.HasSetting(weather.fanart.widgets) + !String.Contains(Skin.String(weather.fanart.path),multi) + !String.IsEmpty(Skin.String(weather.fanart.path))</visible>
                    <top>10</top>
                    <left>10</left>
                    <right>10</right>
                    <bottom>10</bottom>
                    <aspectratio>scale</aspectratio>
                    <animation effect="fade" start="100" end="10" condition="true">Conditional</animation>
                    <texture background="true">$INFO[Skin.String(weather.fanart.path)]$INFO[Window(weather).Property(Current.FanartCode)].jpg</texture>
                </control>                            
                <control type="image">
                    <left>9</left>
                    <top>9</top>
                    <right>9</right>
                    <bottom>9</bottom>                        
                    <texture colordiffuse="BoxWidget" border="4" background="true">common/box21.png</texture>   
                    <visible>!Skin.HasSetting(thumbnails.white)</visible>                        
                </control> 
            </control>            
            <control type="group">
                <left>1148</left>
                <top>565</top>
                <width>800</width>
                <height>325</height>
                <include>Animation.Vertical.Widgets.Container</include>                            
                <control type="image">
                    <top>40</top>
                    <left>480</left>
                    <height>250</height>
                    <width>250</width>
                    <aspectratio align="center" aligny="center">keep</aspectratio>
                    <texture>$INFO[Skin.String(weather.icons.path),,/]$INFO[Window(weather).Property(Current.FanartCode),,.png]</texture>
                    <visible>!String.IsEmpty(Skin.String(weather.icons.path))</visible>
                </control>
                <control type="multiimage">
                    <top>40</top>
                    <left>480</left>
                    <width>250</width>
                    <height>250</height>
                    <timeperimage>50</timeperimage>
                    <aspectratio align="center" aligny="center">keep</aspectratio>
                    <fadetime>10</fadetime>
                    <imagepath>$INFO[Skin.String(weather.icons.path),,/]$INFO[Window(weather).Property(Current.FanartCode)]</imagepath>
                    <visible>!String.IsEmpty(Skin.String(weather.icons.path)) + String.Contains(Skin.String(weather.icons.path),animated)</visible>
                </control>
                <control type="image">
                    <top>40</top>
                    <left>480</left>
                    <height>250</height>
                    <width>250</width>
                    <aspectratio align="center" aligny="center">keep</aspectratio>
                    <texture>$INFO[Window(Weather).Property(Day0.OutlookIcon)]</texture>
                    <visible>String.IsEmpty(Skin.String(weather.icons.path))</visible>
                </control>
            </control> 
            <control type="grouplist" id="9020">
                <height>40</height>
                <left>530</left>
                <top>517</top>
                <orientation>horizontal</orientation>
                <itemgap>10</itemgap>  
                <usecontrolcoords>true</usecontrolcoords>                              
                <include content="Kodi_Logo_Home">
                    <param name="dimensions" value="30" />
                    <param name="top" value="5" />
                    <param name="left" value="0" />
                    <param name="left-gradient" value="-40" />
                </include>
                <control type="label" id="90244">                            
                    <height>38</height>
                    <font>SmallNavi</font>
                    <width>1322</width>                                                               
                    <textcolor>Dark2</textcolor>
                    <label>$LOCALIZE[8] - $LOCALIZE[19030]</label>
                    <include>Animation.FadeIn</include>
                    <include>Animation.FadeOut</include>                          
                </control>
            </control> 

            <!-- Code from https://github.com/jurialmunkey/skin.arctic.zephyr.2/ -->
            <control type="group">
                <left>530</left>
                <top>602</top>
                <width>336</width>
                <control type="grouplist">
                    <top>32</top>
                    <left>30</left>
                    <right>30</right>
                    <itemgap>0</itemgap>
                    <usecontrolcoords>true</usecontrolcoords>
                    <orientation>vertical</orientation>
                    <control type="grouplist">
                        <orientation>horizontal</orientation>
                        <align>center</align>
                        <height>48</height>
                        <control type="button">
                            <height>48</height>
                            <font>Tiny</font>
                            <align>left</align>
                            <textoffsetx>0</textoffsetx>
                            <width>auto</width>
                            <texturenofocus border="8" colordiffuse="Dark3">common/underline.png</texturenofocus>
                            <textcolor>Dark2</textcolor>
                            <label>$LOCALIZE[19030]: $INFO[Weather.Temperature]</label>
                        </control>
                    </control>
                    <control type="label">
                        <height>32</height>
                        <aligny>top</aligny>
                        <align>center</align>
                        <font>Tiny</font>
                        <textcolor>Dark2</textcolor>
                        <label>$INFO[Window(Weather).Property(Current.Condition)]</label>
                    </control>
                    <control type="grouplist">
                        <top>24</top>
                        <orientation>horizontal</orientation>
                        <align>center</align>
                        <height>48</height>
                        <control type="button">
                            <height>48</height>
                            <font>Tiny</font>
                            <align>left</align>
                            <textoffsetx>0</textoffsetx>
                            <width>auto</width>
                            <texturenofocus border="8" colordiffuse="Dark3">common/underline.png</texturenofocus>
                            <textcolor>Dark2</textcolor>
                            <label>$LOCALIZE[402]$INFO[Window(Weather).Property(Current.FeelsLike), ,°]</label>
                        </control>
                    </control>
                    <control type="label">
                        <height>32</height>
                        <aligny>top</aligny>
                        <align>center</align>
                        <font>Tiny</font>
                        <textcolor>Dark2</textcolor>
                        <label>$INFO[Window(Weather).Property(Current.Humidity),, [LOWERCASE]$LOCALIZE[406][/LOWERCASE]]</label>
                    </control>
                </control>
            </control>            
            <control type="group">
                <width>366</width>
                <top>602</top>
                <left>880</left>
                <control type="grouplist">
                    <top>32</top>
                    <left>30</left>
                    <right>30</right>
                    <itemgap>0</itemgap>
                    <usecontrolcoords>true</usecontrolcoords>
                    <orientation>vertical</orientation>
                    <control type="grouplist">
                        <orientation>horizontal</orientation>
                        <align>center</align>
                        <height>48</height>
                        <control type="button">
                            <height>48</height>
                            <font>Tiny</font>
                            <align>left</align>
                            <textoffsetx>0</textoffsetx>
                            <width>auto</width>
                            <texturenofocus border="8" colordiffuse="Dark3">common/underline.png</texturenofocus>
                            <textcolor>Dark2</textcolor>
                            <label>$VAR[Weather_Sunrise]</label>
                        </control>
                    </control>
                    <control type="label">
                        <height>32</height>
                        <aligny>top</aligny>
                        <align>center</align>
                        <font>Tiny</font>
                        <textcolor>Dark2</textcolor>
                        <label>$INFO[Window(Weather).Property(Current.DewPoint),$LOCALIZE[405] ,°]</label>
                    </control>
                    <control type="grouplist">
                        <top>24</top>
                        <orientation>horizontal</orientation>
                        <align>center</align>
                        <height>48</height>
                        <control type="button">
                            <height>48</height>
                            <font>Tiny</font>
                            <align>left</align>
                            <textoffsetx>0</textoffsetx>
                            <width>auto</width>
                            <texturenofocus border="8" colordiffuse="Dark3">common/underline.png</texturenofocus>
                            <textcolor>Dark2</textcolor>
                            <label>$VAR[Weather_Sunset]</label>
                        </control>
                    </control>
                    <control type="label">
                        <height>32</height>
                        <aligny>top</aligny>
                        <align>center</align>
                        <font>Tiny</font>
                        <textcolor>Dark2</textcolor>
                        <label>$VAR[Weather_LowTemp,$LOCALIZE[391] ,]$VAR[Weather_HighTemp,  -  $LOCALIZE[393] ,]</label>
                    </control>
                </control>
            </control>
            <control type="group">
                <left>1240</left>
                <top>602</top>
                <width>336</width>
                <control type="grouplist">
                    <top>32</top>
                    <left>30</left>
                    <right>30</right>
                    <itemgap>0</itemgap>
                    <usecontrolcoords>true</usecontrolcoords>
                    <orientation>vertical</orientation>
                    <include>Animation.FadeIn</include>
                    <include>Animation.FadeOut</include>
                    <control type="grouplist">
                        <orientation>horizontal</orientation>
                        <align>center</align>
                        <height>48</height>
                        <control type="button">
                            <height>48</height>
                            <font>Tiny</font>
                            <align>left</align>
                            <textoffsetx>0</textoffsetx>
                            <width>auto</width>
                            <texturenofocus border="8" colordiffuse="Dark3">common/underline.png</texturenofocus>
                            <textcolor>Dark2</textcolor>
                            <label>$LOCALIZE[383]</label>
                        </control>
                    </control>
                    <control type="label">
                        <height>32</height>
                        <aligny>top</aligny>
                        <align>center</align>
                        <font>Tiny</font>
                        <textcolor>Dark2</textcolor>
                        <label>$INFO[Window(Weather).Property(Current.Wind)]</label>
                    </control>
                    <control type="grouplist">
                        <top>24</top>
                        <orientation>horizontal</orientation>
                        <align>center</align>
                        <height>48</height>
                        <control type="button">
                            <height>48</height>
                            <font>Tiny</font>
                            <align>left</align>
                            <textoffsetx>0</textoffsetx>
                            <width>auto</width>
                            <texturenofocus border="8" colordiffuse="Dark3">common/underline.png</texturenofocus>
                            <textcolor>Dark2</textcolor>
                            <label>$VAR[Weather_UVIndex_Label]</label>
                        </control>
                    </control>
                    <control type="label">
                        <height>32</height>
                        <aligny>top</aligny>
                        <align>center</align>
                        <font>Tiny</font>
                        <textcolor>Dark2</textcolor>
                        <label>$VAR[Weather_UVIndex_Info]</label>
                    </control>
                </control>
            </control> 
        </control>
    </include>
    
    <include name="weather_widget_normal">
        <control type="group">                        
            <visible>!String.Contains(Container(300).ListItem.Property(widgetEnable.2),yes) + !String.Contains(Container(300).ListItem.Property(widgetEnable.3),yes) + !String.Contains(Container(300).ListItem.Property(widgetEnable.4),yes) + !String.Contains(Container(300).ListItem.Property(widgetEnable.5),yes) + String.Contains(Container(300).ListItem.Property(widget),Weather)</visible>                        
            <control type="group">
                <left>518</left>
                <top>567</top>
                <width>800</width>
                <height>325</height>
                <include>Animation.Vertical.Widgets.Container</include>                            
                <control type="image">
                    <left>0</left>
                    <top>0</top>
                    <right>0</right>
                    <bottom>0</bottom>
                    <texture border="10" colordiffuse="Light3">common/$VAR[nofocus-shadow10]</texture>
                </control>
                <control type="image">
                    <top>10</top>
                    <left>10</left>
                    <right>10</right>
                    <bottom>10</bottom>
                    <texture border="5" colordiffuse="Panel">common/box.png</texture>
                    <animation effect="fade" start="100" end="90" condition="true">Conditional</animation>
                </control>
                <control type="multiimage" description="Fanart">
                    <visible>!Skin.HasSetting(weather.hidefanart) + !Skin.HasSetting(weather.fanart.widgets) + String.Contains(Skin.String(weather.fanart.path),multi) + !String.IsEmpty(Skin.String(weather.fanart.path))</visible>
                    <top>10</top>
                    <left>10</left>
                    <right>10</right>
                    <bottom>10</bottom>
                    <fadetime>600</fadetime>
                    <timeperimage>12000</timeperimage>
                    <randomize>true</randomize>
                    <aspectratio>scale</aspectratio>
                    <animation effect="fade" start="100" end="10" condition="true">Conditional</animation>
                    <imagepath background="true">$INFO[Skin.String(weather.fanart.path)]$INFO[Window(weather).Property(Current.FanartCode)]/</imagepath>
                </control>
                <control type="image" description="Fanart">
                    <visible>!Skin.HasSetting(weather.hidefanart) + !Skin.HasSetting(weather.fanart.widgets) + !String.Contains(Skin.String(weather.fanart.path),multi) + !String.IsEmpty(Skin.String(weather.fanart.path))</visible>
                    <top>10</top>
                    <left>10</left>
                    <right>10</right>
                    <bottom>10</bottom>
                    <aspectratio>scale</aspectratio>
                    <animation effect="fade" start="100" end="10" condition="true">Conditional</animation>
                    <texture background="true">$INFO[Skin.String(weather.fanart.path)]$INFO[Window(weather).Property(Current.FanartCode)].jpg</texture>
                </control>                            
                <control type="image">
                    <left>9</left>
                    <top>9</top>
                    <right>9</right>
                    <bottom>9</bottom>                        
                    <texture colordiffuse="BoxWidget" border="4" background="true">common/box21.png</texture>   
                    <visible>!Skin.HasSetting(thumbnails.white)</visible>                        
                </control> 
                <control type="image">
                    <top>40</top>
                    <left>480</left>
                    <height>250</height>
                    <width>250</width>
                    <aspectratio align="center" aligny="center">keep</aspectratio>
                    <texture>$INFO[Skin.String(weather.icons.path),,/]$INFO[Window(weather).Property(Current.FanartCode),,.png]</texture>
                    <visible>!String.IsEmpty(Skin.String(weather.icons.path))</visible>
                </control>
                <control type="multiimage">
                    <top>40</top>
                    <left>480</left>
                    <width>250</width>
                    <height>250</height>
                    <timeperimage>50</timeperimage>
                    <aspectratio align="center" aligny="center">keep</aspectratio>
                    <fadetime>10</fadetime>
                    <imagepath>$INFO[Skin.String(weather.icons.path),,/]$INFO[Window(weather).Property(Current.FanartCode)]</imagepath>
                    <visible>!String.IsEmpty(Skin.String(weather.icons.path)) + String.Contains(Skin.String(weather.icons.path),animated)</visible>
                </control>
                <control type="image">
                    <top>40</top>
                    <left>480</left>
                    <height>250</height>
                    <width>250</width>
                    <aspectratio align="center" aligny="center">keep</aspectratio>
                    <texture>$INFO[Window(Weather).Property(Day0.OutlookIcon)]</texture>
                    <visible>String.IsEmpty(Skin.String(weather.icons.path))</visible>
                </control>
            </control>                        
            <control type="grouplist">                            
                <left>530</left>
                <width>522</width>
                <orientation>vertical</orientation>
                <top>517</top>
                <usecontrolcoords>true</usecontrolcoords>
                <itemgap>15</itemgap>
                <include>Animation.Vertical.Widgets.Label</include>                            
                <control type="grouplist" id="9020">
                    <height>40</height>
                    <left>0</left>
                    <orientation>horizontal</orientation>
                    <itemgap>10</itemgap>  
                    <usecontrolcoords>true</usecontrolcoords>                              
                    <include content="Kodi_Logo_Home">
                        <param name="dimensions" value="30" />
                        <param name="top" value="5" />
                        <param name="left" value="0" />
                        <param name="left-gradient" value="-40" />
                    </include>
                    <control type="label" id="90244">                            
                        <height>38</height>
                        <font>SmallNavi</font>
                        <width>1322</width>                                                               
                        <textcolor>Dark1</textcolor>
                        <label>$LOCALIZE[8] - $LOCALIZE[19030]</label>
                        <include>Animation.FadeIn</include>
                        <include>Animation.FadeOut</include>                          
                    </control>
                </control> 
                <control type="label">
                    <font>SmallBold</font>
                    <width>100%</width>
                    <align>left</align>
                    <left>40</left>
                    <textcolor>PanelWhite100</textcolor>
                    <height>15</height>
                    <label> </label>
                </control>
                <control type="label">
                    <font>MediumBold</font>
                    <width>100%</width>
                    <align>left</align>
                    <left>35</left>
                    <textcolor>PanelWhite100</textcolor>
                    <label>$LOCALIZE[19030]: $INFO[Weather.Temperature]</label>
                </control>
                <control type="textbox">
                    <font>Tiny</font>
                    <width>400</width>
                    <height min="36" max="180">auto</height>
                    <align>left</align>
                    <left>35</left>
                    <textcolor>PanelWhite100</textcolor>
                    <include condition="Skin.HasSetting(widgets.autoscrollingplot)">ScrollTextWidget</include>
                    <include condition="!Skin.HasSetting(widgets.autoscrollingplot)">NoScrollTextWidget</include>
                    <label>$INFO[Window(Weather).Property(Current.Condition),,[CR]]$INFO[Window(Weather).Property(Current.FeelsLike),$LOCALIZE[402] ,°[CR]]$INFO[Window(Weather).Property(Current.Humidity),, $LOCALIZE[406][CR]]$INFO[Window(Weather).Property(Current.Wind),$LOCALIZE[404]: ][CR]$VAR[Weather_Sunrise] / $VAR[Weather_Sunset]</label>
                </control>
            </control>
        </control>    
    </include>
</includes>