<?xml version="1.0" encoding="UTF-8"?>
<!-- Foundation -->
<includes>

    <include name="View_50_List">
        <description>List View (id=50)</description>
        <control type="group">
            <include>Animation.Common</include>
            <visible>Control.IsVisible(50)</visible>
            <include>JumpBarHorizontal</include>
            <include>ViewSlideForJumpBar</include>
            <control type="group">
                <control type="list" id="50">
                    <oninfo condition="ListItem.IsCollection">ActivateWindow(1132)</oninfo>
                    <oninfo condition="Container.Content(actors)">RunScript(script.embuary.info,call=person,query='"$INFO[ListItem.Label]"')</oninfo>
                    <visible>String.Contains(Container.FolderPath,plugin://plugin.program.advanced.launcher/,left) | Container.Content(musicvideos) | Container.Content(movies) | Container.Content(tvshows) | Container.Content(actors) | Container.Content(sets) | Container.Content(seasons) | [Container.Content(files) + !String.Contains(Container.FolderPath,plugin://,left) + !String.IsEqual(Container.FolderPath,library://video/movies/) + !String.IsEqual(Container.FolderPath,library://video/tvshows/) + !String.IsEqual(Container.FolderPath,special://videoplaylists/)] | [Container.Content(episodes) + !String.Contains(Container.FolderPath,plugin://,left)]</visible>
                    <include content="forced_view" condition="Skin.HasSetting(enable.forcedviews)">
                        <param name="string" value="$LOCALIZE[535]" />
                    </include>
                    <top>PosterPad</top>
                    <height>PosterH</height>                    
                    <include condition="Skin.HasSetting(disable.poster)" content="def_left"><param name="left" value="SidePad" /></include>
                    <include condition="!Skin.HasSetting(disable.poster)" content="def_left"><param name="left" value="ListX" /></include>
                    <include condition="Skin.HasSetting(disable.poster)" content="def_width"><param name="width" value="1760" /></include>
                    <include condition="!Skin.HasSetting(disable.poster)" content="def_width"><param name="width" value="ListW" /></include>
                    <right>SidePad</right>
                    <onleft condition="!Skin.HasSetting(global.kioskmode)">9000</onleft>
                    <onright>1627</onright>
                    <onup>50</onup>
                    <ondown>50</ondown>
                    <pagecontrol>1627</pagecontrol>
                    <viewtype label="535">list</viewtype>
                    <scrolltime tween="quadratic">400</scrolltime>
                    <itemlayout condition="!Skin.HasSetting(511ListInfo) | Container.Content(files)" width="auto" height="64">
                        <include>50itemlayout</include>
                    </itemlayout>
                    <itemlayout condition="Skin.HasSetting(511ListInfo) + !Container.Content(files)" width="auto" height="91">
                        <include>50itemlayout_info</include>
                    </itemlayout>
                    <focusedlayout width="auto" height="182" condition="Skin.HasSetting(511ListInfo) + Skin.HasSetting(show.plot) + !Container.Content(files)">
                        <control type="group">
                            <visible>!Control.HasFocus(60)</visible>
                            <include>50focuslayout_info</include>
                        </control>
                        <control type="group">
                            <visible>Control.HasFocus(60)</visible>
                            <include>50itemlayout_info</include>
                        </control>
                    </focusedlayout>
                    <focusedlayout width="auto" height="91" condition="Skin.HasSetting(511ListInfo) + !Skin.HasSetting(show.plot) + !Container.Content(files)">
                        <control type="group">
                            <visible>!Control.HasFocus(60)</visible>
                            <include>50focuslayout_info</include>
                        </control>
                        <control type="group">
                            <visible>Control.HasFocus(60)</visible>
                            <include>50itemlayout_info</include>
                        </control>
                    </focusedlayout>
                    <focusedlayout width="auto" height="64" condition="!Skin.HasSetting(511ListInfo) | Container.Content(files)">
                        <control type="group">
                            <visible>!Control.HasFocus(60)</visible>
                            <include>50focuslayout</include>
                        </control>
                        <control type="group">
                            <visible>Control.HasFocus(60)</visible>
                            <include>50itemlayout</include>
                        </control>
                    </focusedlayout>
                </control>
                <control type="scrollbar" id="1627">
                    <include content="scrollbar_vertical">
                        <param name="scrollid" value="1627"/>
                    </include>
                </control>
            </control>
            <include condition="!Skin.HasSetting(disable.poster)">View_50_SidePoster</include>
        </control>
    </include>

    <include name="50focuslayout_new">
        <control type="image">
            <width>100%</width>
            <left>20</left>
            <height>100%</height>
            <texture border="8" colordiffuse="$VAR[ColorSelectBar]">common/box.png</texture>
            <include>ListViewScrollAnim</include>
        </control>
        <control type="image">
            <width>100%</width>
            <height>100%</height>
            <left>20</left>
            <texture border="8" colordiffuse="$VAR[ColorHighlight2]">common/gradient-box-wide.png</texture>
            <include>ListViewScrollAnim</include>
        </control>
        <control type="label">
            <posx>40</posx>
            <width>160</width>
            <aligny>center</aligny>
            <height>54</height>
            <font>SmallNavi</font>
            <textcolor>Light1</textcolor>
            <selectedcolor>Light1</selectedcolor>
            <label>$INFO[ListItem.Label]</label>
            <animation effect="slide" start="0" end="-90" time="0" condition="!Container.Content(movies)">Conditional</animation>
            <visible>!Container.Content(episodes) + !Container.Content(tvshows)</visible>
        </control>
        <control type="label">
            <posx>40</posx>
            <width>160</width>
            <aligny>center</aligny>
            <height>54</height>
            <font>SmallNavi</font>
            <textcolor>Light1</textcolor>
            <selectedcolor>Light1</selectedcolor>
            <label>$INFO[ListItem.Label]</label>
            <visible>Container.Content(episodes) | Container.Content(tvshows)</visible>
        </control>
    </include>

    <include name="50itemlayout_new">
        <control type="label">
            <posx>40</posx>
            <width>170</width>
            <aligny>center</aligny>
            <height>54</height>
            <font>SmallNavi</font>
            <label>$INFO[ListItem.Label]</label>
            <textcolor>Dark1</textcolor>
            <selectedcolor>Dark1</selectedcolor>
            <animation effect="slide" start="0" end="-90" time="0" condition="!Container.Content(movies)">Conditional</animation>
            <visible>!Container.Content(episodes) + !Container.Content(tvshows)</visible>
        </control>
        <control type="label">
            <posx>40</posx>
            <width>170</width>
            <aligny>center</aligny>
            <height>54</height>
            <font>SmallNavi</font>
            <label>$INFO[ListItem.Label]</label>
            <textcolor>Dark1</textcolor>
            <selectedcolor>Dark1</selectedcolor>
            <visible>Container.Content(episodes) | Container.Content(tvshows)</visible>
        </control>
    </include>

    <include name="View_50_LowList">
        <description>List View (id=50)</description>
        <control type="group">
            <include>Animation.Common</include>
            <visible>Control.IsVisible(50)</visible>
            <include>JumpBarHorizontal</include>
            <include>ViewSlideForJumpBar</include>
            <control type="group">
                <posy>320</posy>
                <control type="fixedlist" id="50">
                    <oninfo condition="ListItem.IsCollection">ActivateWindow(1132)</oninfo>
                    <visible>String.Contains(Container.FolderPath,plugin://plugin.program.advanced.launcher/,left) | Container.Content(musicvideos) | Container.Content(movies) | Container.Content(tvshows) | Container.Content(actors) | Container.Content(sets) | Container.Content(seasons) | [Container.Content(files) + !String.Contains(Container.FolderPath,plugin://,left) + !String.IsEqual(Container.FolderPath,library://video/movies/) + !String.IsEqual(Container.FolderPath,library://video/tvshows/) + !String.IsEqual(Container.FolderPath,special://videoplaylists/)] | [Container.Content(episodes) + !String.Contains(Container.FolderPath,plugin://,left)]</visible>
                    <top>PosterPad</top>
                    <height>320</height>
                    <left>ListX</left>
                    <right>SidePad</right>
                    <onleft condition="!Skin.HasSetting(global.kioskmode)">9000</onleft>
                    <onright>60</onright>
                    <onup>50</onup>
                    <ondown>50</ondown>
                    <focusposition>2</focusposition>
                    <movement>2</movement>
                    <pagecontrol>60</pagecontrol>
                    <viewtype label="535">list</viewtype>
                    <scrolltime tween="quadratic">400</scrolltime>
                    <itemlayout condition="!Skin.HasSetting(511ListInfo)" width="ListW" height="64">
                        <include>50itemlayout</include>
                    </itemlayout>
                    <focusedlayout condition="!Skin.HasSetting(511ListInfo)" width="ListW" height="64">
                        <control type="group">
                            <visible>!Control.HasFocus(60)</visible>
                            <include>50focuslayout</include>
                        </control>
                        <control type="group">
                            <visible>Control.HasFocus(60)</visible>
                            <include>50itemlayout</include>
                        </control>
                    </focusedlayout>
                    <itemlayout condition="Skin.HasSetting(511ListInfo)" width="ListW" height="90">
                        <include>50itemlayout_info</include>
                    </itemlayout>
                    <focusedlayout condition="Skin.HasSetting(511ListInfo)" width="ListW" height="90">
                        <control type="group">
                            <visible>!Control.HasFocus(60)</visible>
                            <include>50focuslayout_info</include>
                        </control>
                        <control type="group">
                            <visible>Control.HasFocus(60)</visible>
                            <include>50itemlayout_info</include>
                        </control>
                    </focusedlayout>
                </control>
                <control type="scrollbar" id="60">
                    <onback>50</onback>
                    <centerright>60</centerright>
                    <posy>PosterPad</posy>
                    <height>320</height>
                    <width>8</width>
                    <onleft>50</onleft>
                    <onright condition="!Skin.HasSetting(global.kioskmode)">9000</onright>
                    <texturesliderbackground border="4" colordiffuse="Dark4">scrollbar/scrollv.png</texturesliderbackground>
                    <texturesliderbar border="4" colordiffuse="Dark3">scrollbar/scrollv.png</texturesliderbar>
                    <texturesliderbarfocus border="4" colordiffuse="Dark2">scrollbar/scrollv.png</texturesliderbarfocus>
                    <animation effect="fade" start="100" end="33" time="400" condition="!Control.HasFocus(60) + !Container.Scrolling">Conditional</animation>
                </control>
            </control>
            <include>View_50_SidePoster</include>
        </control>
    </include>

    <include name="View_50_SidePoster">
        <control type="group" description="Poster">
            <include>Animation.PosterSlide</include>
            <left>SidePad</left>
            <top>PosterPad</top>
            <visible>!String.IsEmpty(ListItem.Icon)</visible>
            <control type="image">
                <top>PosterH</top>
                <width>PosterW</width>
                <height>PosterH</height>
                <fadetime>PosterFanartFadetime</fadetime>
                <aspectratio align="center" aligny="center" scalediffuse="false">scale</aspectratio>
                <texture flipy="true" diffuse="diffuse/listposter-ref.png" background="true">$VAR[PosterImage]</texture>
                <visible>Skin.HasSetting(show.reflections)</visible>
            </control>
            <control type="image">
                <centertop>PosterH</centertop>
                <width>PosterW</width>
                <height>48</height>
                <aspectratio>stretch</aspectratio>
                <texture>diffuse/shadowspot.png</texture>
            </control>
            <control type="image">
                <left>-24</left>
                <top>-24</top>
                <width>PosterShadowW</width>
                <height>PosterShadowH</height>
                <texture border="32">common/$VAR[shadow-24]</texture>
            </control>
            <control type="image">
                <width>PosterW</width>
                <height>PosterH</height>
                <texture border="5" colordiffuse="FF181818">common/box.png</texture>
            </control>            
            <control type="image">
                <width>PosterW</width>
                <height>PosterH</height>
                <fadetime>PosterFanartFadetime</fadetime>
                <aspectratio align="center" aligny="center" scalediffuse="false">scale</aspectratio>
                <texture diffuse="diffuse/listposter2.png" background="true">$VAR[PosterImage]</texture> 
                <visible>!String.StartsWith(ListItem.Icon,Default)</visible>               
            </control>
            <control type="image">
                <width>PosterW</width>
                <height>PosterH</height>
                <fadetime>PosterFanartFadetime</fadetime>
                <aspectratio scalediffuse="false">keep</aspectratio>
                <texture diffuse="diffuse/listposter2.png" background="true">$INFO[ListItem.Icon]</texture> 
                <visible>String.StartsWith(ListItem.Icon,Default)</visible>               
            </control>
            <control type="image">
                <left>-1</left>
                <top>-1</top>
                <height>642</height>
                <width>430</width>
                <texture colordiffuse="Box2" border="4" background="true">common/box21.png</texture>
                <visible>!Skin.HasSetting(thumbnails.white)</visible>
            </control>
        </control>
    </include>

    <include name="View_50_SidePoster_Square">
        <control type="group" description="Poster">
            <include>Animation.PosterSlideSquare</include>
            <left>SidePad</left>
            <top>PosterPad</top>
            <visible>!String.IsEmpty(ListItem.Icon)</visible>
            <control type="image">
                <top>PosterH</top>
                <width>PosterH</width>
                <height>PosterH</height>
                <fadetime>PosterFanartFadetime</fadetime>
                <aspectratio align="center" aligny="center" scalediffuse="false">keep</aspectratio>
                <texture flipy="true" diffuse="diffuse/listposter-ref.png" background="true">$VAR[PosterImage22]</texture>
                <visible>Skin.HasSetting(show.reflections)</visible>
            </control>
            <control type="image">
                <centertop>PosterH</centertop>
                <width>PosterH</width>
                <height>48</height>
                <aspectratio>stretch</aspectratio>
                <texture>diffuse/shadowspot.png</texture>
            </control>
            <control type="image">
                <left>-24</left>
                <top>-24</top>
                <width>PosterShadowH</width>
                <height>PosterShadowH</height>
                <texture border="32">common/$VAR[shadow-24]</texture>
            </control>
            <control type="image">
                <width>PosterH</width>
                <height>PosterH</height>
                <texture border="5" colordiffuse="FF181818">common/box.png</texture>
            </control>
            <control type="image">
                <width>PosterH</width>
                <height>PosterH</height>
                <fadetime>PosterFanartFadetime</fadetime>
                <aspectratio align="center" aligny="center" scalediffuse="false">keep</aspectratio>
                <texture diffuse="diffuse/listposter.png" background="true">$VAR[PosterImage22]</texture>
            </control>
            <control type="image">
                <left>-1</left>
                <top>-1</top>
                <width>641</width>
                <height>642</height>
                <texture colordiffuse="Box2" border="4" background="true">common/box21.png</texture>
                <visible>!Skin.HasSetting(thumbnails.white)</visible>
            </control>
        </control>
    </include>

    <include name="View_50_List_Square_Music">
        <description>List View (id=50)</description>
        <control type="group">
            <include>Animation.Common</include>
            <visible>Control.IsVisible(50)</visible>
            <include>JumpBarHorizontal</include>
            <include>ViewSlideForJumpBar</include>
            <control type="group">
                <control type="list" id="50">
                    <oninfo condition="ListItem.IsCollection">ActivateWindow(1132)</oninfo>
                    <top>PosterPad</top>
                    <height>PosterH</height>
                    <left>ListSquareX</left>
                    <right>SidePad</right>
                    <onleft condition="!Skin.HasSetting(global.kioskmode)">9000</onleft>
                    <onright>1679</onright>
                    <onup>50</onup>
                    <ondown>50</ondown>
                    <pagecontrol>1679</pagecontrol>
                    <viewtype label="535">list</viewtype>
                    <scrolltime>200</scrolltime>
                    <itemlayout condition="Skin.HasSetting(No50ListInfo) | [!Container.Content(songs) + !Container.Content(albums) + !Container.Content(artists)]" width="ListSquareW" height="64">
                        <include>50itemlayout_square</include>
                    </itemlayout>
                    <itemlayout condition="!Skin.HasSetting(No50ListInfo) + [Container.Content(songs) | Container.Content(albums) | Container.Content(artists)]" width="ListSquareW" height="91">
                        <include>50itemlayout_square</include>
                    </itemlayout>
                    <focusedlayout condition="Skin.HasSetting(No50ListInfo) | [!Container.Content(songs) + !Container.Content(albums) + !Container.Content(artists)]" width="ListSquareW" height="64">
                        <control type="group">
                            <visible>!Control.HasFocus(60)</visible>
                            <include>50focuslayout_square</include>
                        </control>
                        <control type="group">
                            <visible>Control.HasFocus(60)</visible>
                            <include>50itemlayout_square</include>
                        </control>
                    </focusedlayout>
                    <focusedlayout condition="!Skin.HasSetting(No50ListInfo) + [Container.Content(songs) | Container.Content(albums) | Container.Content(artists)]" width="ListSquareW" height="91">
                        <control type="group">
                            <visible>!Control.HasFocus(60)</visible>
                            <include>50focuslayout_square</include>
                        </control>
                        <control type="group">
                            <visible>Control.HasFocus(60)</visible>
                            <include>50itemlayout_square</include>
                        </control>
                    </focusedlayout>
                </control>
                <control type="scrollbar" id="1679">
                    <include content="scrollbar_vertical">
                        <param name="scrollid" value="1679"/>
                    </include>
                </control>
            </control>
            <include>View_50_SidePoster_Square</include>
        </control>
    </include>

    <include name="View_50_List_Square">
        <description>List View (id=50)</description>
        <control type="group">
            <include>Animation.Common</include>
            <visible>Control.IsVisible(50)</visible>
            <include>JumpBarHorizontal</include>
            <include>ViewSlideForJumpBar</include>
            <control type="group">
                <control type="list" id="50">
                    <oninfo condition="ListItem.IsCollection">ActivateWindow(1132)</oninfo>
                    <top>PosterPad</top>
                    <height>PosterH</height>
                    <left>ListSquareX</left>
                    <right>SidePad</right>
                    <onleft condition="!Skin.HasSetting(global.kioskmode)">9000</onleft>
                    <onright>1679</onright>
                    <onup>50</onup>
                    <ondown>50</ondown>
                    <pagecontrol>1679</pagecontrol>
                    <viewtype label="535">list</viewtype>
                    <scrolltime>200</scrolltime>
                    <itemlayout width="ListSquareW" height="64">
                        <include>50itemlayout_square</include>
                    </itemlayout>
                    <focusedlayout width="ListSquareW" height="64">
                        <control type="group">
                            <visible>!Control.HasFocus(60)</visible>
                            <include>50focuslayout_square</include>
                        </control>
                        <control type="group">
                            <visible>Control.HasFocus(60)</visible>
                            <include>50itemlayout_square</include>
                        </control>
                    </focusedlayout>
                </control>
                <control type="scrollbar" id="1679">
                    <include content="scrollbar_vertical">
                        <param name="scrollid" value="1679"/>
                    </include>
                </control>
            </control>
            <include>View_50_SidePoster_Square</include>
        </control>
    </include>

    <include name="View_50_List_Square_Playlist">
        <description>List View (id=50)</description>
        <control type="group">
            <include>Animation.Common</include>
            <visible>Control.IsVisible(50)</visible>
            <include>JumpBarHorizontal</include>
            <include>ViewSlideForJumpBar</include>
            <control type="group">
                <control type="list" id="50">
                    <oninfo condition="ListItem.IsCollection">ActivateWindow(1132)</oninfo>
                    <top>PosterPad</top>
                    <height>PosterH</height>
                    <left>ListSquareX</left>
                    <right>SidePad</right>
                    <onleft condition="!Skin.HasSetting(global.kioskmode)">9000</onleft>
                    <onright>60</onright>
                    <onup>50</onup>
                    <ondown>50</ondown>
                    <pagecontrol>60</pagecontrol>
                    <viewtype label="535">list</viewtype>
                    <scrolltime>200</scrolltime>
                    <itemlayout condition="!Skin.HasSetting(511ListInfo)" width="ListSquareW" height="64">
                        <include>50itemlayout_square_playlist</include>
                    </itemlayout>
                    <focusedlayout condition="!Skin.HasSetting(511ListInfo)" width="ListSquareW" height="64">
                        <control type="group">
                            <visible>!Control.HasFocus(60)</visible>
                            <include>50focuslayout_square_playlist</include>
                        </control>
                        <control type="group">
                            <visible>Control.HasFocus(60)</visible>
                            <include>50itemlayout_square_playlist</include>
                        </control>
                    </focusedlayout>
                    <itemlayout condition="Skin.HasSetting(511ListInfo)" width="ListSquareW" height="90">
                        <include>50itemlayout_square_playlist_info</include>
                    </itemlayout>
                    <focusedlayout condition="Skin.HasSetting(511ListInfo)" width="ListSquareW" height="90">
                        <control type="group">
                            <visible>!Control.HasFocus(60)</visible>
                            <include>50focuslayout_square_playlist_info</include>
                        </control>
                        <control type="group">
                            <visible>Control.HasFocus(60)</visible>
                            <include>50itemlayout_square_playlist_info</include>
                        </control>
                    </focusedlayout>
                </control>
                <include>Furniture_Scrollbar</include>
            </control>
            <include>View_50_SidePoster_Square</include>
        </control>
    </include>

    <include name="View_51_List_Squarepics">
        <description>List View (id=51)</description>
        <control type="group">
            <include>Animation.Common</include>
            <visible>Control.IsVisible(51)</visible>
            <include>JumpBarHorizontal</include>
            <include>ViewSlideForJumpBar</include>
            <control type="group">
                <control type="panel" id="51">
                    <top>206</top>
                    <right>-47</right>
                    <width>1220</width>
                    <height>682</height>
                    <onleft condition="!Skin.HasSetting(global.kioskmode)">9000</onleft>
                    <onright>1640</onright>
                    <onup>50</onup>
                    <ondown>50</ondown>
                    <preloaditems>2</preloaditems>
                    <pagecontrol>1640</pagecontrol>
                    <viewtype label="Squarepics">list</viewtype>
                    <scrolltime>200</scrolltime>
                    <itemlayout height="341" width="372" condition="!Skin.HasSetting(pics.layout.fanart)">
                        <include>Itemlayout_Pics_50</include>
                    </itemlayout>
                    <itemlayout height="341" width="557" condition="Skin.HasSetting(pics.layout.fanart)">
                        <include>Itemlayout_Pics_50</include>
                    </itemlayout>
                    <focusedlayout height="341" width="372" condition="!Skin.HasSetting(pics.layout.fanart)">                        
                        <include>Focuslayout_Pics_50</include>
                    </focusedlayout>                    
                    <focusedlayout height="341" width="557" condition="Skin.HasSetting(pics.layout.fanart)">
                        <include>Focuslayout_Pics_50</include>
                    </focusedlayout>
                </control>
                <control type="scrollbar" id="1640">
                    <include content="scrollbar_vertical">
                        <param name="scrollid" value="1640"/>
                    </include>
                </control>
            </control>
            <include>View_50_SidePoster_Square</include>
        </control>
    </include>

    <include name="View_550_List">
        <description>List View (id=550)</description>
        <control type="group">
            <include>Animation.Common</include>
            <visible>Control.IsVisible(550)</visible>
            <include>JumpBarHorizontal</include>
            <include>ViewSlideForJumpBar</include>
            <control type="group">
                <control type="list" id="550">
                    <oninfo condition="ListItem.IsCollection">ActivateWindow(1132)</oninfo>
                    <visible>String.Contains(Container.FolderPath,plugin://plugin.program.advanced.launcher/,left) | ![Container.Content(musicvideos) | Container.Content(movies) | Container.Content(tvshows) | Container.Content(actors) | Container.Content(sets) | Container.Content(seasons) | Container.Content(episodes) | [Container.Content(files) + !String.Contains(Container.FolderPath,plugin://,left) + !String.IsEqual(Container.FolderPath,library://video/movies/) + !String.IsEqual(Container.FolderPath,library://video/tvshows/) + !String.IsEqual(Container.FolderPath,special://videoplaylists/)]]</visible>
                    <top>PosterPad</top>
                    <height>PosterH</height>
                    <left>ListSquareX</left>
                    <right>SidePad</right>
                    <onleft condition="!Skin.HasSetting(global.kioskmode)">9000</onleft>
                    <onright>60</onright>
                    <onup>550</onup>
                    <ondown>550</ondown>
                    <pagecontrol>60</pagecontrol>
                    <viewtype label="535">list</viewtype>
                    <scrolltime>200</scrolltime>
                    <itemlayout width="ListSquareW" height="64">
                        <include>50itemlayout_square</include>
                    </itemlayout>
                    <focusedlayout width="ListSquareW" height="64">
                        <control type="group">
                            <visible>Control.HasFocus(550)</visible>
                            <include>50focuslayout_square</include>
                        </control>
                        <control type="group">
                            <visible>!Control.HasFocus(550)</visible>
                            <include>50itemlayout_square</include>
                        </control>
                    </focusedlayout>
                </control>
                <include>Furniture_Scrollbar</include>
            </control>
            <control type="group" description="Poster">
                <left>SidePad</left>
                <top>PosterPad</top>
                <control type="image">
                    <top>PosterH</top>
                    <width>PosterH</width>
                    <height>PosterH</height>
                    <fadetime>PosterFanartFadetime</fadetime>
                    <aspectratio align="center" aligny="center" scalediffuse="false">keep</aspectratio>
                    <texture flipy="true" diffuse="diffuse/listposter-ref.png" background="true">$VAR[PosterImage]</texture>
                    <visible>Skin.HasSetting(show.reflections)</visible>
                </control>
                <control type="image">
                    <centertop>PosterH</centertop>
                    <width>PosterH</width>
                    <height>48</height>
                    <aspectratio>stretch</aspectratio>
                    <texture>diffuse/shadowspot.png</texture>
                </control>
                <control type="image">
                    <width>PosterH</width>
                    <height>PosterH</height>
                    <texture border="5" colordiffuse="FF181818">common/box.png</texture>
                </control>
                <control type="image">
                    <left>-24</left>
                    <top>-24</top>
                    <width>PosterShadowH</width>
                    <height>PosterShadowH</height>
                    <texture border="32">common/$VAR[shadow-24]</texture>
                </control>
                <control type="image">
                    <width>PosterH</width>
                    <height>PosterH</height>
                    <fadetime>PosterFanartFadetime</fadetime>
                    <aspectratio align="center" aligny="center" scalediffuse="false">keep</aspectratio>
                    <texture diffuse="diffuse/listposter.png" background="true" fallback="DefaultFolder.png">$VAR[PosterImage]</texture>
                </control>
                <control type="image">
                    <left>-1</left>
                    <top>-1</top>
                    <width>641</width>
                    <height>642</height>
                    <texture colordiffuse="Box2" border="4" background="true">common/box21.png</texture>
                    <visible>!Skin.HasSetting(thumbnails.white)</visible>
                </control>
            </control>
        </control>
    </include>
    
    <include name="Itemlayout_Pics_50">
        <control type="image">
            <left>4</left>
            <top>0</top>
            <right>15</right>
            <bottom>22</bottom>
            <texture border="10">common/$VAR[nofocus-shadow10]</texture>
        </control> 
        <control type="image">
            <left>14</left>
            <top>10</top>
            <right>25</right>
            <bottom>32</bottom>
            <texture colordiffuse="Fallback" border="4" background="true">common/diffuse_box.png</texture> 
        </control> 
        <control type="image">
            <left>14</left>
            <top>10</top>
            <right>25</right>
            <bottom>32</bottom>
            <aspectratio scalediffuse="false">keep</aspectratio>
            <texture background="true">$INFO[ListItem.Icon]</texture>
            <visible>String.StartsWith(ListItem.Icon,Default)</visible>
        </control>                        
        <control type="image">
            <left>14</left>
            <top>10</top>
            <right>25</right>
            <bottom>32</bottom>
            <aspectratio scalediffuse="false">scale</aspectratio>
            <texture diffuse="diffuse/diffuse_box.png" background="true">$VAR[ThumbImage]</texture>
            <visible>!String.StartsWith(ListItem.Icon,Default)</visible>
        </control>
        <control type="image">
            <left>14</left>
            <right>25</right>
            <bottom>32</bottom>
            <height>60</height>
            <texture border="15" colordiffuse="df000000">common/white.png</texture>
        </control>
        <control type="label">
            <left>14</left>
            <right>25</right>
            <bottom>34</bottom>
            <height>60</height>
            <align>center</align>
            <font>Tiny</font>
            <label>$INFO[ListItem.Label]</label>
            <textcolor>PanelWhite70</textcolor>
        </control>
        <control type="image">
            <left>13</left>
            <top>9</top>
            <right>24</right>
            <bottom>31</bottom>
            <texture colordiffuse="Box2" border="4" background="true">common/box21.png</texture>
            <visible>!Skin.HasSetting(thumbnails.white)</visible>
        </control>
    </include>
    
    <include name="Focuslayout_Pics_50">
        <control type="image">
            <left>4</left>
            <top>0</top>
            <right>15</right>
            <bottom>22</bottom>
            <texture border="10">common/$VAR[nofocus-shadow10]</texture>
        </control> 
        <control type="image">
            <left>14</left>
            <top>10</top>
            <right>25</right>
            <bottom>32</bottom>
            <texture colordiffuse="Fallback" border="4" background="true">common/diffuse_box.png</texture>
        </control>
        <control type="image">
            <left>14</left>
            <top>10</top>
            <right>25</right>
            <bottom>32</bottom>
            <aspectratio scalediffuse="false">keep</aspectratio>
            <texture background="true">$INFO[ListItem.Icon]</texture>
            <visible>String.StartsWith(ListItem.Icon,Default)</visible>
        </control>                       
        <control type="image">
            <left>14</left>
            <top>10</top>
            <right>25</right>
            <bottom>32</bottom>
            <aspectratio scalediffuse="false">scale</aspectratio>
            <texture diffuse="diffuse/diffuse_box.png" background="true">$VAR[ThumbImage]</texture>
            <visible>!String.StartsWith(ListItem.Icon,Default)</visible>
        </control>
        <control type="image">
            <left>14</left>
            <right>25</right>
            <bottom>32</bottom>
            <height>60</height>
            <texture border="15" colordiffuse="df000000">common/white.png</texture>
        </control>
        <control type="label">
            <left>14</left>
            <right>25</right>
            <bottom>34</bottom>
            <height>60</height>
            <align>center</align>
            <font>Tiny</font>
            <label>$INFO[ListItem.Label]</label>
            <textcolor>PanelWhite70</textcolor>
        </control>
        <control type="image">
            <left>13</left>
            <top>9</top>
            <right>24</right>
            <bottom>31</bottom>
            <texture colordiffuse="Box2" border="4" background="true">common/box21.png</texture>
            <visible>!Skin.HasSetting(thumbnails.white)</visible>
        </control>
        <control type="image">
            <include>Animation.SelectBoxHome</include>
            <left>6</left>
            <top>3</top>
            <right>17</right>
            <bottom>24</bottom>
            <texture border="20" colordiffuse="$VAR[ColorSquares]">common/selectbox.png</texture>
        </control>
        <control type="image">
            <include>Animation.SelectBoxHome</include>
            <left>6</left>
            <top>3</top>
            <right>17</right>
            <bottom>24</bottom>
            <texture border="20" colordiffuse="$VAR[ColorHighlightSelectbox2]">common/gradient-selectbox.png</texture>
        </control>
    </include>
    
    <include name="50focuslayout">
        <control type="image">
            <width>100%</width>
            <height>100%</height>
            <texture border="8" colordiffuse="$VAR[ColorSelectBar]">common/box.png</texture>
            <include>ListViewScrollAnim</include>
        </control>
        <control type="image">
            <width>100%</width>
            <height>100%</height>
            <texture border="8" colordiffuse="$VAR[ColorHighlight2]">common/gradient-box-wide.png</texture>
            <include>ListViewScrollAnim</include>
        </control>
        <control type="label">
            <posx>30</posx>
            <width>200</width>
            <font>SmallNavi</font>
            <aligny>center</aligny>
            <height>64</height>
            <textcolor>Light1</textcolor>
            <selectedcolor>Light1</selectedcolor>
            <label>$VAR[LabelYear]</label>
            <visible>Container.Content(movies)</visible>
        </control>
        <control type="label">
            <posx>120</posx>
            <width>auto</width>
            <aligny>center</aligny>
            <height>64</height>
            <font>SmallNavi</font>
            <textcolor>Light1</textcolor>
            <selectedcolor>Light1</selectedcolor>
            <label>$INFO[ListItem.Label]</label>
            <animation effect="slide" start="0" end="-90" time="0" condition="!Container.Content(movies)">Conditional</animation>
            <visible>!Container.Content(episodes) + !Container.Content(tvshows)</visible>
        </control>
        <control type="label">
            <posx>30</posx>
            <width>auto</width>
            <aligny>center</aligny>
            <height>64</height>
            <font>SmallNavi</font>
            <textcolor>Light1</textcolor>
            <selectedcolor>Light1</selectedcolor>
            <label>$INFO[ListItem.Label]</label>
            <visible>Container.Content(episodes) | Container.Content(tvshows)</visible>
        </control>
        <control type="label">
            <right>154</right>
            <width>500</width>
            <aligny>center</aligny>
            <height>64</height>
            <align>right</align>
            <font>SmallNavi</font>
            <textcolor>Light1</textcolor>
            <selectedcolor>Light1</selectedcolor>
            <label>$VAR[50ListNormal]</label>
            <animation effect="slide" start="0" end="64" time="0" condition="Container.Content(Seasons)">Conditional</animation>
        </control>
        <control type="label">
            <align>right</align>
            <aligny>center</aligny>
            <width>64</width>
            <centerright>130</centerright>
            <height>68</height>
            <textcolor>WatchedIconsListFocus</textcolor>
            <selectedcolor>WatchedIconsListFocus</selectedcolor>
            <font>SymbolList</font>
            <label>$VAR[WatchedLabelList]</label>
            <visible>!String.IsEqual(ListItem.Label,..)</visible>
            <animation effect="slide" start="0" end="64" time="0" condition="Container.Content(Seasons)">Conditional</animation>
        </control>
        <control type="label">
            <right>30</right>
            <width>500</width>
            <aligny>center</aligny>
            <height>64</height>
            <align>right</align>
            <font>SmallNavi</font>
            <textcolor>Light1</textcolor>
            <selectedcolor>Light1</selectedcolor>
            <label>$VAR[LabelRating]</label>
            <visible>!String.IsEqual(ListItem.Label,..)</visible>
            <visible>!Container.Content(seasons)</visible>
        </control>
    </include>

    <include name="50itemlayout">
        <control type="label">
            <posx>30</posx>
            <width>200</width>
            <font>SmallNavi</font>
            <aligny>center</aligny>
            <height>64</height>
            <label>$VAR[LabelYear]</label>
            <textcolor>Dark1</textcolor>
            <selectedcolor>Dark1</selectedcolor>
            <visible>Container.Content(movies)</visible>
        </control>
        <control type="label">
            <posx>120</posx>
            <width>auto</width>
            <aligny>center</aligny>
            <height>64</height>
            <font>SmallNavi</font>
            <label>$INFO[ListItem.Label]</label>
            <textcolor>Dark1</textcolor>
            <selectedcolor>Dark1</selectedcolor>
            <animation effect="slide" start="0" end="-90" time="0" condition="!Container.Content(movies)">Conditional</animation>
            <visible>!Container.Content(episodes) + !Container.Content(tvshows)</visible>
        </control>
        <control type="label">
            <posx>30</posx>
            <width>auto</width>
            <aligny>center</aligny>
            <height>64</height>
            <font>SmallNavi</font>
            <label>$INFO[ListItem.Label]</label>
            <textcolor>Dark1</textcolor>
            <selectedcolor>Dark1</selectedcolor>
            <visible>Container.Content(episodes) | Container.Content(tvshows)</visible>
        </control>
        <control type="label">
            <right>154</right>
            <width>500</width>
            <aligny>center</aligny>
            <height>64</height>
            <align>right</align>
            <font>SmallNavi</font>
            <textcolor>Dark1</textcolor>
            <selectedcolor>Dark1</selectedcolor>
            <label>$VAR[50ListNormal]</label>
            <animation effect="slide" start="0" end="64" time="0" condition="Container.Content(Seasons)">Conditional</animation>
        </control>
        <control type="label">
            <align>right</align>
            <aligny>center</aligny>
            <width>64</width>
            <centerright>130</centerright>
            <height>68</height>
            <textcolor>WatchedIconsList</textcolor>
            <selectedcolor>WatchedIconsList</selectedcolor>
            <font>SymbolList</font>
            <label>$VAR[WatchedLabelList]</label>
            <visible>!String.IsEqual(ListItem.Label,..)</visible>
            <animation effect="slide" start="0" end="64" time="0" condition="Container.Content(Seasons)">Conditional</animation>
        </control>
        <control type="label">
            <right>30</right>
            <width>500</width>
            <aligny>center</aligny>
            <height>64</height>
            <align>right</align>
            <font>SmallNavi</font>
            <textcolor>Dark1</textcolor>
            <selectedcolor>Dark1</selectedcolor>
            <label>$VAR[LabelRating]</label>
            <visible>!String.IsEqual(ListItem.Label,..)</visible>
            <visible>!Container.Content(seasons)</visible>
        </control>
    </include>

    <include name="11focusepglayout">
        <control type="label">
            <posx>10</posx>
            <width>200</width>
            <font>EPGTimeline</font>
            <height>64</height>
            <textcolor>PanelWhite100</textcolor>
            <selectedcolor>PanelWhite100</selectedcolor>
            <label>[B]$INFO[ListItem.Label][/B]</label>
        </control>
    </include>

    <include name="11epglayout">
        <control type="label">
            <posx>10</posx>
            <width>200</width>
            <height>64</height>
            <font>EPGTimeline</font>
            <label>$INFO[ListItem.Label]</label>
            <textcolor>PanelWhite100</textcolor>
            <selectedcolor>PanelWhite100</selectedcolor>
        </control>
    </include>

    <include name="50itemlayout_square">
        <control type="image">
            <left>25</left>
            <centertop>32</centertop>
            <width>32</width>
            <height>32</height>
            <aspectratio aligny="top">keep</aspectratio>
            <texture colordiffuse="Dark1">indicator/playlist.png</texture>
            <visible>ListItem.IsPlaying</visible>
        </control>
        <control type="label">
            <visible>String.IsEqual(Container.SortMethod,$LOCALIZE[38018])</visible>
            <posx>30</posx>
            <width>810</width>
            <aligny>center</aligny>
            <height>64</height>
            <font>SmallNavi</font>
            <label>$INFO[ListItem.Label]</label>
            <textcolor>Dark1</textcolor>
            <selectedcolor>Dark1</selectedcolor>
            <visible>!ListItem.IsPlaying</visible>
        </control>
        <control type="label">
            <visible>String.IsEqual(Container.SortMethod,$LOCALIZE[38018])</visible>
            <posx>78</posx>
            <width>760</width>
            <aligny>center</aligny>
            <height>64</height>
            <font>SmallNavi</font>
            <label>$INFO[ListItem.Label]</label>
            <textcolor>Dark1</textcolor>
            <selectedcolor>Dark1</selectedcolor>
            <visible>ListItem.IsPlaying</visible>
        </control>
        <control type="label">
            <visible>!String.IsEqual(Container.SortMethod,$LOCALIZE[38018])</visible>
            <posx>30</posx>
            <width>auto</width>
            <aligny>center</aligny>
            <height>64</height>
            <font>SmallNavi</font>
            <label>$INFO[ListItem.Label]</label>
            <textcolor>Dark1</textcolor>
            <selectedcolor>Dark1</selectedcolor>
            <visible>!ListItem.IsPlaying</visible>
        </control>
        <control type="label">
            <visible>!String.IsEqual(Container.SortMethod,$LOCALIZE[38018])</visible>
            <posx>78</posx>
            <width>auto</width>
            <aligny>center</aligny>
            <height>64</height>
            <font>SmallNavi</font>
            <label>$INFO[ListItem.Label]</label>
            <textcolor>Dark1</textcolor>
            <selectedcolor>Dark1</selectedcolor>
            <visible>ListItem.IsPlaying</visible>
        </control>
        <control type="label">
            <right>30</right>
            <width>500</width>
            <aligny>center</aligny>
            <height>64</height>
            <align>right</align>
            <font>SmallNavi</font>
            <textcolor>Dark1</textcolor>
            <selectedcolor>Dark1</selectedcolor>
            <label>$INFO[ListItem.Duration]</label>
            <visible>Container.Content(songs)</visible>
            <animation effect="slide" start="0" end="-130" time="0" condition="String.IsEqual(Container.SortMethod,$LOCALIZE[38018])">Conditional</animation>
        </control>
        <control type="image">
            <right>97</right>
            <centertop>33</centertop>
            <width>32</width>
            <height>32</height>
            <aspectratio aligny="top">keep</aspectratio>
            <texture colordiffuse="Dark1">backg/star10.png</texture>
            <visible>!String.IsEqual(ListItem.Label,..) + String.IsEqual(Container.SortMethod,$LOCALIZE[38018])</visible>
        </control>
        <control type="label">
            <right>30</right>
            <width>500</width>
            <aligny>center</aligny>
            <height>64</height>
            <align>right</align>
            <font>SmallNavi</font>
            <textcolor>Dark1</textcolor>
            <selectedcolor>Dark1</selectedcolor>
            <label>$INFO[ListItem.Label2]</label>
            <visible>!Container.Content(songs) + !String.IsEqual(Container.SortMethod,$LOCALIZE[38018])</visible>
            <visible>!String.Contains(Container.FolderPath,plugin://plugin.video.youtube)</visible>
        </control>
        <control type="label">
            <right>85</right>
            <width>500</width>
            <aligny>center</aligny>
            <height>64</height>
            <align>right</align>
            <font>SmallNavi</font>
            <textcolor>Dark1</textcolor>
            <selectedcolor>Dark1</selectedcolor>
            <label>$INFO[ListItem.Label2]</label>
            <visible>String.Contains(Container.FolderPath,plugin://plugin.video.youtube)</visible>
            <visible>!Container.Content(songs)</visible>
        </control>
        <control type="label">
            <right>35</right>
            <width>500</width>
            <aligny>center</aligny>
            <height>64</height>
            <align>right</align>
            <textcolor>WatchedIconsList</textcolor>
            <selectedcolor>WatchedIconsList</selectedcolor>
            <font>SymbolList</font>
            <label>$VAR[WatchedLabelList]</label>
            <visible>String.Contains(Container.FolderPath,plugin://plugin.video.youtube)</visible>
            <visible>!Container.Content(songs)</visible>
            <visible>!ListItem.IsFolder</visible>
        </control>
        <control type="label">
            <top>28</top>
            <posx>30</posx>
            <width>auto</width>
            <aligny>center</aligny>
            <height>64</height>
            <font>Small24</font>
            <label>$VAR[50ListExtendedMusic]</label>
            <textcolor>Dark2</textcolor>
            <selectedcolor>Dark1</selectedcolor>
            <visible>!Skin.HasSetting(No50ListInfo) + [Container.Content(songs) | Container.Content(albums) | Container.Content(artists)]</visible>
        </control>
        <control type="label">
            <right>30</right>
            <width>500</width>
            <aligny>center</aligny>
            <height>64</height>
            <align>right</align>
            <font>SmallNavi</font>
            <textcolor>Dark1</textcolor>
            <selectedcolor>Dark1</selectedcolor>
            <label fallback="0.0">$INFO[ListItem.UserRating,,.0]</label>
            <visible>!String.IsEqual(ListItem.Label,..) + String.IsEqual(Container.SortMethod,$LOCALIZE[38018])</visible>
        </control>
    </include>

    <include name="50focuslayout_square">
        <control type="image">
            <width>100%</width>
            <height>100%</height>
            <texture border="8" colordiffuse="$VAR[ColorSelectBar]">common/box.png</texture>
            <include>ListViewScrollAnim</include>
        </control>
        <control type="image">
            <width>100%</width>
            <height>100%</height>
            <texture border="8" colordiffuse="$VAR[ColorHighlight2]">common/gradient-box-wide.png</texture>
            <include>ListViewScrollAnim</include>
        </control>
        <control type="image">
            <left>25</left>
            <centertop>32</centertop>
            <width>32</width>
            <height>32</height>
            <aspectratio aligny="top">keep</aspectratio>
            <texture colordiffuse="Light1">indicator/playlist.png</texture>
            <visible>ListItem.IsPlaying</visible>
        </control>
        <control type="label">
            <visible>String.IsEqual(Container.SortMethod,$LOCALIZE[38018])</visible>
            <posx>30</posx>
            <width>810</width>
            <aligny>center</aligny>
            <height>64</height>
            <font>SmallNavi</font>
            <label>$INFO[ListItem.Label]</label>
            <textcolor>Light1</textcolor>
            <selectedcolor>Light1</selectedcolor>
            <visible>!ListItem.IsPlaying</visible>
        </control>
        <control type="label">
            <visible>String.IsEqual(Container.SortMethod,$LOCALIZE[38018])</visible>
            <posx>78</posx>
            <width>760</width>
            <aligny>center</aligny>
            <height>64</height>
            <font>SmallNavi</font>
            <label>$INFO[ListItem.Label]</label>
            <textcolor>Light1</textcolor>
            <selectedcolor>Light1</selectedcolor>
            <visible>ListItem.IsPlaying</visible>
        </control>
        <control type="label">
            <visible>!String.IsEqual(Container.SortMethod,$LOCALIZE[38018])</visible>
            <posx>30</posx>
            <width>auto</width>
            <aligny>center</aligny>
            <height>64</height>
            <font>SmallNavi</font>
            <label>$INFO[ListItem.Label]</label>
            <textcolor>Light1</textcolor>
            <selectedcolor>Light1</selectedcolor>
            <visible>!ListItem.IsPlaying</visible>
        </control>
        <control type="label">
            <visible>!String.IsEqual(Container.SortMethod,$LOCALIZE[38018])</visible>
            <posx>78</posx>
            <width>auto</width>
            <aligny>center</aligny>
            <height>64</height>
            <font>SmallNavi</font>
            <label>$INFO[ListItem.Label]</label>
            <textcolor>Light1</textcolor>
            <selectedcolor>Light1</selectedcolor>
            <visible>ListItem.IsPlaying</visible>
        </control>
        <control type="label">
            <right>30</right>
            <width>500</width>
            <aligny>center</aligny>
            <height>64</height>
            <align>right</align>
            <font>SmallNavi</font>
            <textcolor>Light1</textcolor>
            <selectedcolor>Light1</selectedcolor>
            <label>$INFO[ListItem.Duration]</label>
            <visible>Container.Content(songs)</visible>
            <animation effect="slide" start="0" end="-130" time="0" condition="String.IsEqual(Container.SortMethod,$LOCALIZE[38018])">Conditional</animation>
        </control>
        <control type="image">
            <right>97</right>
            <centertop>33</centertop>
            <width>32</width>
            <height>32</height>
            <aspectratio aligny="top">keep</aspectratio>
            <texture colordiffuse="Light1">backg/star10.png</texture>
            <visible>!String.IsEqual(ListItem.Label,..) + String.IsEqual(Container.SortMethod,$LOCALIZE[38018])</visible>
        </control>
        <control type="label">
            <right>30</right>
            <width>500</width>
            <aligny>center</aligny>
            <height>64</height>
            <align>right</align>
            <font>SmallNavi</font>
            <textcolor>Light1</textcolor>
            <selectedcolor>Light1</selectedcolor>
            <label>$INFO[ListItem.Label2]</label>
            <visible>!Container.Content(songs) + !String.IsEqual(Container.SortMethod,$LOCALIZE[38018])</visible>
            <visible>!String.Contains(Container.FolderPath,plugin://plugin.video.youtube)</visible>
        </control>
        <control type="label">
            <right>85</right>
            <width>500</width>
            <aligny>center</aligny>
            <height>64</height>
            <align>right</align>
            <font>SmallNavi</font>
            <textcolor>Light1</textcolor>
            <selectedcolor>Light1</selectedcolor>
            <label>$INFO[ListItem.Label2]</label>
            <visible>String.Contains(Container.FolderPath,plugin://plugin.video.youtube)</visible>
            <visible>!Container.Content(songs)</visible>
        </control>
        <control type="label">
            <right>35</right>
            <width>500</width>
            <aligny>center</aligny>
            <height>64</height>
            <align>right</align>
            <textcolor>WatchedIconsListFocus</textcolor>
            <selectedcolor>WatchedIconsListFocus</selectedcolor>
            <font>SymbolList</font>
            <label>$VAR[WatchedLabelList]</label>
            <visible>String.Contains(Container.FolderPath,plugin://plugin.video.youtube)</visible>
            <visible>!Container.Content(songs)</visible>
            <visible>!ListItem.IsFolder</visible>
        </control>
        <control type="label">
            <top>28</top>
            <posx>30</posx>
            <width>auto</width>
            <aligny>center</aligny>
            <height>64</height>
            <font>Small24</font>
            <label>$VAR[50ListExtendedMusic]</label>
            <textcolor>Light1</textcolor>
            <selectedcolor>Light1</selectedcolor>
            <visible>!Skin.HasSetting(No50ListInfo) + [Container.Content(songs) | Container.Content(albums) | Container.Content(artists)]</visible>
        </control>
        <control type="label">
            <right>30</right>
            <width>500</width>
            <aligny>center</aligny>
            <height>64</height>
            <align>right</align>
            <font>SmallNavi</font>
            <textcolor>Light1</textcolor>
            <selectedcolor>Light1</selectedcolor>
            <label fallback="0.0">$INFO[ListItem.UserRating,,.0]</label>
            <visible>!String.IsEqual(ListItem.Label,..) + String.IsEqual(Container.SortMethod,$LOCALIZE[38018])</visible>
        </control>
    </include>

    <include name="50itemlayout_square_playlist">
        <control type="image">
            <left>25</left>
            <centertop>32</centertop>
            <width>32</width>
            <height>32</height>
            <aspectratio aligny="top">keep</aspectratio>
            <texture colordiffuse="Dark1">indicator/playlist.png</texture>
            <visible>ListItem.IsPlaying</visible>
        </control>
        <control type="label">
            <posx>30</posx>
            <width>auto</width>
            <aligny>center</aligny>
            <height>64</height>
            <font>SmallNavi</font>
            <label>$INFO[ListItem.Label]</label>
            <textcolor>Dark1</textcolor>
            <selectedcolor>Dark1</selectedcolor>
            <visible>!ListItem.IsPlaying</visible>
        </control>
        <control type="label">
            <posx>78</posx>
            <width>auto</width>
            <aligny>center</aligny>
            <height>64</height>
            <font>SmallNavi</font>
            <label>$INFO[ListItem.Label]</label>
            <textcolor>Dark1</textcolor>
            <selectedcolor>Dark1</selectedcolor>
            <visible>ListItem.IsPlaying</visible>
        </control>
        <control type="label">
            <right>45</right>
            <width>500</width>
            <aligny>center</aligny>
            <height>64</height>
            <align>right</align>
            <font>SmallNavi</font>
            <textcolor>Dark1</textcolor>
            <selectedcolor>Dark1</selectedcolor>
            <label>$INFO[ListItem.Duration]</label>
        </control>
    </include>

    <include name="50focuslayout_square_playlist">
        <control type="image">
            <width>100%</width>
            <height>100%</height>
            <texture border="8" colordiffuse="$VAR[ColorSelectBar]">common/box.png</texture>
            <include>ListViewScrollAnim</include>
        </control>
        <control type="image">
            <width>100%</width>
            <height>100%</height>
            <texture border="8" colordiffuse="$VAR[ColorHighlight2]">common/gradient-box-wide.png</texture>
            <include>ListViewScrollAnim</include>
        </control>
        <control type="image">
            <left>25</left>
            <centertop>32</centertop>
            <width>32</width>
            <height>32</height>
            <aspectratio aligny="top">keep</aspectratio>
            <texture colordiffuse="Light1">indicator/playlist.png</texture>
            <visible>ListItem.IsPlaying</visible>
        </control>
        <control type="label">
            <posx>30</posx>
            <width>auto</width>
            <aligny>center</aligny>
            <height>64</height>
            <font>SmallNavi</font>
            <label>$INFO[ListItem.Label]</label>
            <textcolor>Light1</textcolor>
            <selectedcolor>Light1</selectedcolor>
            <visible>!ListItem.IsPlaying</visible>
        </control>
        <control type="label">
            <posx>78</posx>
            <width>auto</width>
            <aligny>center</aligny>
            <height>64</height>
            <font>SmallNavi</font>
            <label>$INFO[ListItem.Label]</label>
            <textcolor>Light1</textcolor>
            <selectedcolor>Light1</selectedcolor>
            <visible>ListItem.IsPlaying</visible>
        </control>
        <control type="label">
            <right>45</right>
            <width>500</width>
            <aligny>center</aligny>
            <height>64</height>
            <align>right</align>
            <font>SmallNavi</font>
            <textcolor>Light1</textcolor>
            <selectedcolor>Light1</selectedcolor>
            <label>$INFO[ListItem.Duration]</label>
        </control>
    </include>

    <include name="50itemlayout_square_playlist_info">
        <control type="image">
            <left>25</left>
            <centertop>27</centertop>
            <width>32</width>
            <height>32</height>
            <aspectratio aligny="top">keep</aspectratio>
            <texture colordiffuse="Dark1">indicator/playlist.png</texture>
            <visible>ListItem.IsPlaying</visible>
        </control>
        <control type="label">
            <posx>30</posx>
            <top>-5</top>
            <width>auto</width>
            <aligny>center</aligny>
            <height>64</height>
            <font>SmallNavi</font>
            <label>$INFO[ListItem.Label]</label>
            <textcolor>Dark1</textcolor>
            <selectedcolor>Dark1</selectedcolor>
            <visible>!ListItem.IsPlaying</visible>
        </control>
        <control type="label">
            <posx>78</posx>
            <top>-5</top>
            <width>auto</width>
            <aligny>center</aligny>
            <height>64</height>
            <font>SmallNavi</font>
            <label>$INFO[ListItem.Label]</label>
            <textcolor>Dark1</textcolor>
            <selectedcolor>Dark1</selectedcolor>
            <visible>ListItem.IsPlaying</visible>
        </control>
        <control type="label">
            <right>45</right>
            <top>-5</top>
            <width>500</width>
            <aligny>center</aligny>
            <height>64</height>
            <align>right</align>
            <font>SmallNavi</font>
            <textcolor>Dark1</textcolor>
            <selectedcolor>Dark1</selectedcolor>
            <label>$INFO[ListItem.Duration]</label>
        </control>
        <control type="label">
            <visible>!Skin.HasSetting(list.show.filename)</visible>
            <top>28</top>
            <posx>30</posx>
            <width>auto</width>
            <aligny>center</aligny>
            <height>64</height>
            <font>Small24</font>
            <label>$VAR[LabelPlaylist]</label>
            <textcolor>Dark2</textcolor>
            <selectedcolor>Dark1</selectedcolor>
        </control>
        <control type="label">
            <visible>Skin.HasSetting(list.show.filename) + !String.IsEqual(ListItem.Label,..)</visible>
            <top>28</top>
            <posx>30</posx>
            <width>auto</width>
            <aligny>center</aligny>
            <height>64</height>
            <align>left</align>
            <font>Small24</font>
            <textcolor>Dark2</textcolor>
            <selectedcolor>Dark2</selectedcolor>
            <label>$VAR[50ListFolderPathFile]</label>
        </control>
    </include>

    <include name="50focuslayout_square_playlist_info">
        <control type="image">
            <width>100%</width>
            <height>100%</height>
            <texture border="8" colordiffuse="$VAR[ColorSelectBar]">common/box.png</texture>
            <include>ListViewScrollAnim</include>
        </control>
        <control type="image">
            <width>100%</width>
            <height>100%</height>
            <texture border="8" colordiffuse="$VAR[ColorHighlight2]">common/gradient-box-wide.png</texture>
            <include>ListViewScrollAnim</include>
        </control>
        <control type="image">
            <left>25</left>
            <centertop>27</centertop>
            <width>32</width>
            <height>32</height>
            <aspectratio aligny="top">keep</aspectratio>
            <texture colordiffuse="Light1">indicator/playlist.png</texture>
            <visible>ListItem.IsPlaying</visible>
        </control>
        <control type="label">
            <posx>30</posx>
            <top>-5</top>
            <width>auto</width>
            <aligny>center</aligny>
            <height>64</height>
            <font>SmallNavi</font>
            <label>$INFO[ListItem.Label]</label>
            <textcolor>Light1</textcolor>
            <selectedcolor>Light1</selectedcolor>
            <visible>!ListItem.IsPlaying</visible>
        </control>
        <control type="label">
            <posx>78</posx>
            <top>-5</top>
            <width>auto</width>
            <aligny>center</aligny>
            <height>64</height>
            <font>SmallNavi</font>
            <label>$INFO[ListItem.Label]</label>
            <textcolor>Light1</textcolor>
            <selectedcolor>Light1</selectedcolor>
            <visible>ListItem.IsPlaying</visible>
        </control>
        <control type="label">
            <right>45</right>
            <top>-5</top>
            <width>500</width>
            <aligny>center</aligny>
            <height>64</height>
            <align>right</align>
            <font>SmallNavi</font>
            <textcolor>Light1</textcolor>
            <selectedcolor>Light1</selectedcolor>
            <label>$INFO[ListItem.Duration]</label>
        </control>
        <control type="label">
            <visible>!Skin.HasSetting(list.show.filename)</visible>
            <top>28</top>
            <posx>30</posx>
            <width>auto</width>
            <aligny>center</aligny>
            <height>64</height>
            <align>left</align>
            <font>Small24</font>
            <textcolor>Light2</textcolor>
            <selectedcolor>Light2</selectedcolor>
            <label>$VAR[LabelPlaylist]</label>
        </control>
        <control type="label">
            <visible>Skin.HasSetting(list.show.filename) + !String.IsEqual(ListItem.Label,..)</visible>
            <top>28</top>
            <posx>30</posx>
            <width>auto</width>
            <aligny>center</aligny>
            <height>64</height>
            <align>left</align>
            <font>Small24</font>
            <textcolor>Light2</textcolor>
            <selectedcolor>Light2</selectedcolor>
            <label>$VAR[50ListFolderPathFile]</label>
        </control>
    </include>

    <include name="50focuslayout_info">
        <control type="image">
            <width>100%</width>
            <height>100%</height>
            <texture border="8" colordiffuse="$VAR[ColorSelectBar]">common/box.png</texture>
            <include>ListViewScrollAnim</include>
        </control>
        <control type="image">
            <width>100%</width>
            <height>100%</height>
            <texture border="8" colordiffuse="$VAR[ColorHighlight2]">common/gradient-box-wide.png</texture>
            <include>ListViewScrollAnim</include>
        </control>
        <control type="label">
            <top>-5</top>
            <posx>30</posx>
            <width>200</width>
            <font>SmallNavi</font>
            <aligny>center</aligny>
            <height>64</height>
            <textcolor>Light1</textcolor>
            <selectedcolor>Light1</selectedcolor>
            <label>$VAR[LabelYear]</label>
            <visible>Container.Content(movies)</visible>
        </control>
        <control type="label">
            <top>-5</top>
            <posx>120</posx>
            <width>auto</width>
            <aligny>center</aligny>
            <height>64</height>
            <font>SmallNavi</font>
            <textcolor>Light1</textcolor>
            <selectedcolor>Light1</selectedcolor>
            <label>$INFO[ListItem.Label]</label>
            <animation effect="slide" start="0" end="-90" time="0" condition="!Container.Content(movies)">Conditional</animation>
            <visible>!Container.Content(episodes) + !Container.Content(tvshows)</visible>
        </control>
        <control type="label">
            <top>-5</top>
            <posx>30</posx>
            <width>auto</width>
            <aligny>center</aligny>
            <height>64</height>
            <font>SmallNavi</font>
            <textcolor>Light1</textcolor>
            <selectedcolor>Light1</selectedcolor>
            <label>$INFO[ListItem.Label]</label>
            <visible>Container.Content(episodes) | Container.Content(tvshows)</visible>
        </control>
        <control type="group">
            <visible>!Skin.HasSetting(list.show.filename)</visible>
            <top>28</top>
            <posx>30</posx>
            <control type="label">
                <width>auto</width>
                <aligny>center</aligny>
                <height>64</height>
                <align>left</align>
                <font>Small24</font>
                <textcolor>Light2</textcolor>
                <selectedcolor>Light2</selectedcolor>
                <label>$VAR[LabelDurationVar50]</label>
                <include>Animation.TestIn</include>
            </control>
            <control type="label">
                <width>auto</width>
                <aligny>center</aligny>
                <height>64</height>
                <align>left</align>
                <font>Small24</font>
                <textcolor>Light2</textcolor>
                <selectedcolor>Light2</selectedcolor>
                <label>$VAR[50ListExtended]</label>
                <include>Animation.TestOut</include>
            </control>
        </control>
        <control type="label">
            <visible>Skin.HasSetting(list.show.filename) + !String.IsEqual(ListItem.Label,..)</visible>
            <top>28</top>
            <posx>30</posx>
            <width>auto</width>
            <aligny>center</aligny>
            <height>64</height>
            <align>left</align>
            <font>Small24</font>
            <textcolor>Light2</textcolor>
            <selectedcolor>Light2</selectedcolor>
            <label>$VAR[50ListFolderPathFile]</label>
        </control>
        <control type="label">
            <top>-5</top>
            <animation effect="slide" start="0" end="64" time="0" condition="Container.Content(Seasons)">Conditional</animation>
            <right>154</right>
            <width>500</width>
            <aligny>center</aligny>
            <height>64</height>
            <align>right</align>
            <font>SmallNavi</font>
            <textcolor>Light1</textcolor>
            <selectedcolor>Light1</selectedcolor>
            <label>$VAR[50ListNormalRight]</label>
            <visible>!Container.Content(seasons) | Control.HasFocus(5161)</visible>
        </control>
        <control type="label">
            <top>-5</top>
            <align>right</align>
            <aligny>center</aligny>
            <width>64</width>
            <centerright>130</centerright>
            <height>68</height>
            <textcolor>WatchedIconsListFocus</textcolor>
            <selectedcolor>WatchedIconsListFocus</selectedcolor>
            <font>SymbolList</font>
            <label>$VAR[WatchedLabelList]</label>
            <visible>!String.IsEqual(ListItem.Label,..)</visible>
            <animation effect="slide" start="0" end="64" time="0" condition="Container.Content(Seasons)">Conditional</animation>
        </control>
        <control type="label">
            <top>-5</top>
            <right>30</right>
            <width>500</width>
            <aligny>center</aligny>
            <height>64</height>
            <align>right</align>
            <font>SmallNavi</font>
            <textcolor>Light1</textcolor>
            <selectedcolor>Light1</selectedcolor>
            <label>$VAR[LabelRating]</label>
            <visible>!String.IsEqual(ListItem.Label,..)</visible>
            <visible>!Container.Content(seasons)</visible>
        </control>
        <control type="textbox">
            <visible>Skin.HasSetting(show.plot) + !Skin.HasSetting(50list.low) + !String.IsEqual(ListItem.Label,..) + !Control.IsVisible(57)</visible>
            <top>95</top>
            <left>30</left>
            <right>30</right>
            <height>72</height>
            <align>left</align>
            <font>Small24</font>
            <textcolor>Light2</textcolor>
            <selectedcolor>Light2</selectedcolor>
            <label>$INFO[ListItem.Plot]</label>
        </control>
    </include>

    <include name="50itemlayout_info">
        <control type="label">
            <top>-5</top>
            <posx>30</posx>
            <width>200</width>
            <font>SmallNavi</font>
            <aligny>center</aligny>
            <height>64</height>
            <label>$VAR[LabelYear]</label>
            <textcolor>Dark1</textcolor>
            <selectedcolor>Dark1</selectedcolor>
            <visible>Container.Content(movies)</visible>
        </control>
        <control type="label">
            <top>-5</top>
            <posx>120</posx>
            <width>auto</width>
            <aligny>center</aligny>
            <height>64</height>
            <font>SmallNavi</font>
            <label>$INFO[ListItem.Label]</label>
            <textcolor>Dark1</textcolor>
            <selectedcolor>Dark1</selectedcolor>
            <animation effect="slide" start="0" end="-90" time="0" condition="!Container.Content(movies)">Conditional</animation>
            <visible>!Container.Content(episodes) + !Container.Content(tvshows)</visible>
        </control>
        <control type="label">
            <top>-5</top>
            <posx>30</posx>
            <width>auto</width>
            <aligny>center</aligny>
            <height>64</height>
            <font>SmallNavi</font>
            <label>$INFO[ListItem.Label]</label>
            <textcolor>Dark1</textcolor>
            <selectedcolor>Dark1</selectedcolor>
            <visible>Container.Content(episodes) | Container.Content(tvshows)</visible>
        </control>
        <control type="label">
            <visible>!Skin.HasSetting(list.show.filename)</visible>
            <top>28</top>
            <posx>30</posx>
            <width>auto</width>
            <aligny>center</aligny>
            <height>64</height>
            <font>Small24</font>
            <label>$VAR[50ListExtended]</label>
            <textcolor>Dark2</textcolor>
            <selectedcolor>Dark1</selectedcolor>
        </control>
        <control type="label">
            <visible>Skin.HasSetting(list.show.filename) + !String.IsEqual(ListItem.Label,..)</visible>
            <top>28</top>
            <posx>30</posx>
            <width>auto</width>
            <aligny>center</aligny>
            <height>64</height>
            <align>left</align>
            <font>Small24</font>
            <textcolor>Dark2</textcolor>
            <selectedcolor>Dark2</selectedcolor>
            <label>$VAR[50ListFolderPathFile]</label>
        </control>
        <control type="label">
            <top>-5</top>
            <right>154</right>
            <width>500</width>
            <aligny>center</aligny>
            <height>64</height>
            <align>right</align>
            <font>SmallNavi</font>
            <textcolor>Dark1</textcolor>
            <selectedcolor>Dark1</selectedcolor>
            <label>$VAR[50ListNormalRight]</label>
            <animation effect="slide" start="0" end="64" time="0" condition="Container.Content(Seasons)">Conditional</animation>
        </control>
        <control type="label">
            <top>-5</top>
            <align>right</align>
            <aligny>center</aligny>
            <width>64</width>
            <centerright>130</centerright>
            <height>68</height>
            <textcolor>WatchedIconsList</textcolor>
            <selectedcolor>WatchedIconsList</selectedcolor>
            <font>SymbolList</font>
            <label>$VAR[WatchedLabelList]</label>
            <visible>!String.IsEqual(ListItem.Label,..)</visible>
            <animation effect="slide" start="0" end="64" time="0" condition="Container.Content(Seasons)">Conditional</animation>
        </control>
        <control type="label">
            <top>-5</top>
            <right>30</right>
            <width>500</width>
            <aligny>center</aligny>
            <height>64</height>
            <align>right</align>
            <font>SmallNavi</font>
            <textcolor>Dark1</textcolor>
            <selectedcolor>Dark1</selectedcolor>
            <label>$VAR[LabelRating]</label>
            <visible>!String.IsEqual(ListItem.Label,..)</visible>
            <visible>!Container.Content(seasons)</visible>
        </control>
    </include>
</includes>