<?xml version="1.0" encoding="UTF-8"?>
<!-- Foundation -->
<includes>

    <include name="View_509_Shift">
        <description>List View (id=509)</description>
        <control type="group">
            <include>Animation.Common</include>
            <include>JumpBarHorizontal</include>
            <include>ViewSlideForJumpBar</include>
            <visible>Control.IsVisible(509)</visible>
            <control type="label">
                <visible>[!Skin.HasSetting(509clearlogo) | Skin.HasSetting(509fanart)] | [String.IsEmpty(ListItem.Art(clearlogo)) + Skin.HasSetting(509clearlogo)]</visible>
                <animation effect="slide" start="0,0" end="0,75" time="0" condition="[String.IsEmpty(ListItem.Art(clearlogo)) + Skin.HasSetting(509clearlogo) + !Skin.HasSetting(509fanart)]">Conditional</animation>
                <top>180</top>
                <include condition="!Skin.HasSetting(509NoCenter)">CenterInfo</include>
                <left>80</left>
                <description>Header Label</description>
                <textcolor>Dark1</textcolor>
                <font>SmallBold</font>
                <label fallback="19055">$INFO[ListItem.Title]</label>
            </control>
            <control type="image" description="clearlogo">
                <animation effect="slide" start="0,0" end="-735,0" time="200" condition="Skin.HasSetting(509NoCenter)">Conditional</animation>
                <visible>!String.IsEmpty(ListItem.Art(clearlogo)) + [Skin.HasSetting(509clearlogo) + !Skin.HasSetting(509fanart)]</visible>
                <top>-550</top>
                <width>275</width>
                <left>815</left>
                <aspectratio scalediffuse="true" align="center">keep</aspectratio>
                <texture background="true">$INFO[ListItem.Art(clearlogo)]</texture>
                <include>Animation.ViHi2</include>
                <fadetime>100</fadetime>
            </control>
            <control type="group">
                <visible>!String.IsEqual(ListItem.Label,..)</visible>
                <visible>[!Skin.HasSetting(509clearlogo) | Skin.HasSetting(509fanart)]</visible>
                <top>250</top>
                <control type="label">
                    <include condition="!Skin.HasSetting(509NoCenter)">CenterInfo</include>
                    <left>80</left>
                    <height>36</height>
                    <font>Tiny</font>
                    <textcolor>Dark2</textcolor>
                    <label>$VAR[509_Row_1]</label>
                </control>
                <control type="label">
                    <include condition="!Skin.HasSetting(509NoCenter)">CenterInfo</include>
                    <left>80</left>
                    <top>36</top>
                    <height>36</height>
                    <font>Tiny</font>
                    <textcolor>Dark2</textcolor>
                    <label>$VAR[509_Row_2]</label>
                </control>
            </control>
            <control type="list" id="509">
                <oninfo condition="ListItem.IsCollection">ActivateWindow(1132)</oninfo>
                <visible>Container.Content(movies) | Container.Content(tvshows) | Container.Content(seasons)</visible>
                <top>350</top>
                <left>71</left>
                <width>1780</width>
                <height>395</height>
                <onup condition="!Skin.HasSetting(global.kioskmode)">9000</onup>
                <ondown>1615</ondown>
                <orientation>horizontal</orientation>
                <preloaditems>2</preloaditems>
                <pagecontrol>1615</pagecontrol>
                <focusposition>1</focusposition>
                <include content="forced_view" condition="Skin.HasSetting(enable.forcedviews)">
                    <param name="string" value="$LOCALIZE[37537]" />
                </include>
                <viewtype label="37537">list</viewtype>
                <scrolltime tween="quadratic">400</scrolltime>
                <itemlayout height="395" width="222.33" condition="!Skin.HasSetting(509fanart)">
                    <control type="image">
                        <left>0</left>
                        <top>0</top>
                        <right>2</right>
                        <bottom>70</bottom>
                        <texture border="10">common/$VAR[nofocus-shadow10]</texture>
                    </control>
                    <control type="image">
                        <left>10</left>
                        <width>200</width>
                        <height>305</height>
                        <bottom>80</bottom>
                        <texture colordiffuse="Fallback" border="4" background="true">common/diffuse_box.png</texture>
                    </control>                    
                    <control type="image">
                        <left>10</left>
                        <width>200</width>
                        <height>305</height>
                        <bottom>80</bottom>
                        <aspectratio scalediffuse="false">scale</aspectratio>
                        <texture diffuse="diffuse/listposter.png" background="true">$VAR[PosterImage]</texture>
                        <visible>!String.StartsWith(ListItem.Icon,Default)</visible>
                    </control>
                    <control type="image">
                        <left>10</left>
                        <width>200</width>
                        <height>305</height>
                        <bottom>80</bottom>
                        <aspectratio scalediffuse="false">keep</aspectratio>
                        <texture background="true">$INFO[ListItem.Icon]</texture>
                        <visible>String.StartsWith(ListItem.Icon,Default)</visible>
                    </control>
                    <control type="image">
                        <left>9</left>
                        <top>9</top>
                        <right>11</right>
                        <bottom>79</bottom>
                        <texture colordiffuse="Box2" border="4" background="true">common/box21.png</texture>
                        <visible>!Skin.HasSetting(thumbnails.white)</visible>
                    </control>
                    <control type="label">
                        <align>center</align>
                        <aligny>center</aligny>
                        <width>50</width>
                        <right>7</right>
                        <top>6</top>
                        <height>50</height>
                        <textcolor>$VAR[WatchedBackingColor]</textcolor>
                        <font>SymbolPosterBackground</font>
                        <label>$VAR[WatchedBacking]</label>
                        <visible>!String.IsEqual(ListItem.Label,..)</visible>
                    </control>
                    <control type="label">
                        <align>center</align>
                        <aligny>center</aligny>
                        <width>50</width>
                        <right>7</right>
                        <top>6</top>
                        <height>50</height>
                        <textcolor>$VAR[WatchedLabelPosterColor]</textcolor>
                        <font>SymbolPoster</font>
                        <label>$VAR[WatchedLabelPoster]</label>
                        <visible>!String.IsEqual(ListItem.Label,..)</visible>
                    </control>
                </itemlayout>
                <focusedlayout height="395" width="222.33" condition="!Skin.HasSetting(509fanart)">
                    <control type="image">
                        <left>0</left>
                        <top>0</top>
                        <right>2</right>
                        <bottom>70</bottom>
                        <texture border="10">common/$VAR[nofocus-shadow10]</texture>
                    </control>
                    <control type="image">
                        <left>10</left>
                        <width>200</width>
                        <height>305</height>
                        <bottom>80</bottom>
                        <texture colordiffuse="Fallback" border="4" background="true">common/box.png</texture>
                    </control>                    
                    <control type="image">
                        <left>10</left>
                        <width>200</width>
                        <height>305</height>
                        <bottom>80</bottom>
                        <aspectratio scalediffuse="false">scale</aspectratio>
                        <texture diffuse="diffuse/listposter.png" background="true">$VAR[PosterImage]</texture>
                        <visible>!String.StartsWith(ListItem.Icon,Default)</visible>
                    </control>
                    <control type="image">
                        <left>10</left>
                        <width>200</width>
                        <height>305</height>
                        <bottom>80</bottom>
                        <aspectratio scalediffuse="false">keep</aspectratio>
                        <texture background="true">$INFO[ListItem.Icon]</texture>
                        <visible>String.StartsWith(ListItem.Icon,Default)</visible>
                    </control>
                    <control type="image">
                        <left>9</left>
                        <top>9</top>
                        <right>11</right>
                        <bottom>79</bottom>
                        <texture colordiffuse="Box2" border="4" background="true">common/box21.png</texture>
                        <visible>!Skin.HasSetting(thumbnails.white)</visible>
                    </control>
                    <control type="label">
                        <align>center</align>
                        <aligny>center</aligny>
                        <width>50</width>
                        <right>7</right>
                        <top>6</top>
                        <height>50</height>
                        <textcolor>$VAR[WatchedBackingColor]</textcolor>
                        <font>SymbolPosterBackground</font>
                        <label>$VAR[WatchedBacking]</label>
                        <visible>!String.IsEqual(ListItem.Label,..)</visible>
                    </control>
                    <control type="label">
                        <align>center</align>
                        <aligny>center</aligny>
                        <width>50</width>
                        <right>7</right>
                        <top>6</top>
                        <height>50</height>
                        <textcolor>$VAR[WatchedLabelPosterColor]</textcolor>
                        <font>SymbolPoster</font>
                        <label>$VAR[WatchedLabelPoster]</label>
                        <visible>!String.IsEqual(ListItem.Label,..)</visible>
                    </control>
                    <control type="image">
                        <include>Animation.SelectBoxHome</include>
                        <left>3</left>
                        <top>3</top>
                        <right>4</right>
                        <bottom>72</bottom>
                        <texture border="20" colordiffuse="$VAR[ColorSquares]">common/selectbox.png</texture>
                    </control>
                    <control type="image">
                        <include>Animation.SelectBoxHome</include>
                        <left>3</left>
                        <top>3</top>
                        <right>4</right>
                        <bottom>72</bottom>
                        <texture border="20" colordiffuse="$VAR[ColorHighlightSelectbox2]">common/gradient-selectbox.png</texture>
                    </control>
                </focusedlayout>
                <itemlayout height="332" width="592.33" condition="Skin.HasSetting(509fanart)">
                    <control type="image">
                        <left>0</left>
                        <top>0</top>
                        <right>0</right>
                        <bottom>0</bottom>
                        <texture border="10">common/$VAR[nofocus-shadow10]</texture>
                    </control>
                    <control type="image">
                        <left>10</left>
                        <right>10</right>
                        <bottom>10</bottom>
                        <top>10</top>
                        <texture colordiffuse="Fallback" border="3" background="true">common/diffuse_box.png</texture>
                    </control>
                    <control type="image">
                        <left>10</left>
                        <right>10</right>
                        <bottom>10</bottom>
                        <top>10</top>
                        <aspectratio scalediffuse="false">scale</aspectratio>
                        <visible>!Skin.HasSetting(509fanartclearart)</visible>
                        <texture diffuse="diffuse/diffuse_box.png" background="true">$VAR[FanartImage]</texture>
                        <visible>!String.StartsWith(ListItem.Icon,Default)</visible>
                    </control>
                    <control type="image">
                        <left>10</left>
                        <right>10</right>
                        <bottom>10</bottom>
                        <top>10</top>
                        <aspectratio scalediffuse="false">scale</aspectratio>
                        <visible>Skin.HasSetting(509fanartclearart)</visible>
                        <texture diffuse="diffuse/diffuse_box.png" background="true">$VAR[FanartImageFanart]</texture>
                        <visible>!String.StartsWith(ListItem.Icon,Default)</visible>
                    </control>
                    <control type="image">
                        <left>10</left>
                        <right>10</right>
                        <bottom>10</bottom>
                        <top>10</top>
                        <aspectratio scalediffuse="false">keep</aspectratio>
                        <texture diffuse="diffuse/pvrinfo.png" background="true">$INFO[ListItem.Icon]</texture>
                        <visible>String.StartsWith(ListItem.Icon,Default)</visible>
                    </control>
                    <include content="ClearLogoImage">
                        <param name="width" value="250"/>
                        <param name="right" value="30"/>
                        <param name="bottom" value="30"/>
                        <param name="visible" value="Skin.HasSetting(509fanartclearart)"/>
                    </include>
                    <control type="image">
                        <left>9</left>
                        <top>9</top>
                        <right>9</right>
                        <bottom>9</bottom>
                        <texture colordiffuse="Box2" border="4" background="true">common/box21.png</texture>
                        <visible>!Skin.HasSetting(thumbnails.white)</visible>
                    </control>
                    <control type="label">
                        <align>center</align>
                        <aligny>center</aligny>
                        <width>50</width>
                        <right>7</right>
                        <top>6</top>
                        <height>50</height>
                        <textcolor>$VAR[WatchedBackingColor]</textcolor>
                        <font>SymbolPosterBackground</font>
                        <label>$VAR[WatchedBacking]</label>
                        <visible>!String.IsEqual(ListItem.Label,..)</visible>
                    </control>
                    <control type="label">
                        <align>center</align>
                        <aligny>center</aligny>
                        <width>50</width>
                        <right>7</right>
                        <top>6</top>
                        <height>50</height>
                        <textcolor>$VAR[WatchedLabelPosterColor]</textcolor>
                        <font>SymbolPoster</font>
                        <label>$VAR[WatchedLabelPoster]</label>
                        <visible>!String.IsEqual(ListItem.Label,..)</visible>
                    </control>
                </itemlayout>
                <focusedlayout height="332" width="592.33" condition="Skin.HasSetting(509fanart)">
                    <control type="image">
                        <left>0</left>
                        <top>0</top>
                        <right>0</right>
                        <bottom>0</bottom>
                        <texture border="10">common/$VAR[nofocus-shadow10]</texture>
                    </control>
                    <control type="image">
                        <left>10</left>
                        <right>10</right>
                        <bottom>10</bottom>
                        <top>10</top>
                        <texture colordiffuse="Fallback" border="4" background="true">common/box.png</texture>
                    </control>
                    <control type="image">
                        <left>10</left>
                        <right>10</right>
                        <bottom>10</bottom>
                        <top>10</top>
                        <aspectratio scalediffuse="false">scale</aspectratio>
                        <visible>!Skin.HasSetting(509fanartclearart)</visible>
                        <texture diffuse="diffuse/diffuse_box.png" background="true">$VAR[FanartImage]</texture>
                        <visible>!String.StartsWith(ListItem.Icon,Default)</visible>
                    </control>
                    <control type="image">
                        <left>10</left>
                        <right>10</right>
                        <bottom>10</bottom>
                        <top>10</top>
                        <aspectratio scalediffuse="false">scale</aspectratio>
                        <visible>Skin.HasSetting(509fanartclearart)</visible>
                        <texture diffuse="diffuse/diffuse_box.png" background="true">$VAR[FanartImageFanart]</texture>
                        <visible>!String.StartsWith(ListItem.Icon,Default)</visible>
                    </control>
                    <control type="image">
                        <left>10</left>
                        <right>10</right>
                        <bottom>10</bottom>
                        <top>10</top>
                        <aspectratio scalediffuse="false">keep</aspectratio>
                        <texture diffuse="diffuse/pvrinfo.png" background="true">$INFO[ListItem.Icon]</texture>
                        <visible>String.StartsWith(ListItem.Icon,Default)</visible>
                    </control>
                    <include content="ClearLogoImage">
                        <param name="width" value="250"/>
                        <param name="right" value="30"/>
                        <param name="bottom" value="30"/>
                        <param name="visible" value="Skin.HasSetting(509fanartclearart)"/>
                    </include>
                    <control type="image">
                        <left>9</left>
                        <top>9</top>
                        <right>9</right>
                        <bottom>9</bottom>
                        <texture colordiffuse="Box2" border="4" background="true">common/box21.png</texture>
                        <visible>!Skin.HasSetting(thumbnails.white)</visible>
                    </control>
                    <control type="label">
                        <align>center</align>
                        <aligny>center</aligny>
                        <width>50</width>
                        <right>7</right>
                        <top>6</top>
                        <height>50</height>
                        <textcolor>$VAR[WatchedBackingColor]</textcolor>
                        <font>SymbolPosterBackground</font>
                        <label>$VAR[WatchedBacking]</label>
                        <visible>!String.IsEqual(ListItem.Label,..)</visible>
                    </control>
                    <control type="label">
                        <align>center</align>
                        <aligny>center</aligny>
                        <width>50</width>
                        <right>7</right>
                        <top>6</top>
                        <height>50</height>
                        <textcolor>$VAR[WatchedLabelPosterColor]</textcolor>
                        <font>SymbolPoster</font>
                        <label>$VAR[WatchedLabelPoster]</label>
                        <visible>!String.IsEqual(ListItem.Label,..)</visible>
                    </control>
                    <control type="image">
                        <include>Animation.SelectBoxHome</include>
                        <left>3</left>
                        <top>3</top>
                        <right>3</right>
                        <bottom>3</bottom>
                        <texture border="20" colordiffuse="$VAR[ColorSquares]">common/selectbox.png</texture>
                    </control>
                    <control type="image">
                        <include>Animation.SelectBoxHome</include>
                        <left>3</left>
                        <top>3</top>
                        <right>3</right>
                        <bottom>3</bottom>
                        <texture border="20" colordiffuse="$VAR[ColorHighlightSelectbox2]">common/gradient-selectbox.png</texture>
                    </control>
                </focusedlayout>
            </control>
            <control type="scrollbar" id="1615">
                <include content="scrollbar_hor">
                    <param name="scrollid" value="1615"/>
                </include>
            </control>
            <control type="label">
                <visible>!String.IsEqual(ListItem.Label,..)</visible>
                <top>702</top>
                <include condition="!Skin.HasSetting(509NoCenter)">CenterInfo</include>
                <left>80</left>
                <height>36</height>
                <font>Tiny</font>
                <textcolor>Dark1</textcolor>
                <label>$VAR[509_Row_3]</label>
            </control>
            <control type="textbox">
                <top>758</top>
                <bottom>17</bottom>
                <include condition="!Skin.HasSetting(509NoCenter)">CenterInfo</include>
                <left>80</left>
                <right>80</right>
                <font>Tiny</font>
                <height>110</height>
                <textcolor>Dark2</textcolor>
                <selectedcolor>Dark2</selectedcolor>
                <label>$INFO[ListItem.Plot]</label>
            </control>
        </control>
    </include>
</includes>
