<?xml version="1.0" encoding="UTF-8"?>
<!-- Foundation -->
<includes>
	<include name="DoubleView511">
		<control type="panel" id="511">
			<animation effect="slide" start="0,0" end="1040,0" time="200" condition="Skin.HasSetting(flip511rightleft)">Conditional</animation>
			<oninfo condition="ListItem.IsCollection">ActivateWindow(1132)</oninfo>
			<visible>substring(Container.FolderPath,plugin://plugin.program.advanced.launcher/,left) | Container.Content(musicvideos) | Container.Content(movies) | Container.Content(tvshows) | Container.Content(seasons) | Container.Content(sets)</visible>
			<top>305</top>
			<left>70</left>
			<width>922</width>
			<height>568</height>
			<onleft condition="!Skin.HasSetting(global.kioskmode)">9000</onleft>
			<onright>1691</onright>
			<orientation>vertical</orientation>
			<preloaditems>2</preloaditems>
			<pagecontrol>1691</pagecontrol>
			<viewtype label="37606">list</viewtype>
			<scrolltime tween="quadratic">400</scrolltime>
			<itemlayout height="284" width="185">
				<control type="image">
					<left>2</left>
					<top>0</top>
					<right>0</right>
					<bottom>10</bottom>
					<texture border="10">common/$VAR[nofocus-shadow10]</texture>
				</control>
				<control type="image">
					<left>11</left>
					<top>9</top>
					<right>9</right>
					<bottom>19</bottom>                          
					<texture colordiffuse="Box2" border="4" background="true">common/box21.png</texture>    
					<visible>!Skin.HasSetting(thumbnails.white)</visible>                        
				</control>
				<control type="image">
					<left>12</left>
					<top>10</top>
					<right>10</right>
					<bottom>20</bottom>
					<aspectratio scalediffuse="false">scale</aspectratio>
					<texture diffuse="diffuse/wall.png" background="true">$VAR[PosterImage]</texture>
				</control>
				<control type="label">
					<align>center</align>
					<aligny>center</aligny>
					<width>50</width>
					<right>7</right>
					<top>6</top>
					<height>50</height>
					<textcolor>$VAR[WatchedBackingColor]</textcolor>
					<font>SymbolPosterBackground</font>
					<label>$VAR[WatchedBacking]</label>
					<visible>!String.IsEqual(ListItem.Label,..)</visible>
				</control>
				<control type="label">
					<align>center</align>
					<aligny>center</aligny>
					<width>50</width>
					<right>7</right>
					<top>6</top>
					<height>50</height>
					<textcolor>$VAR[WatchedLabelPosterColor]</textcolor>
					<font>SymbolPoster</font>
					<label>$VAR[WatchedLabelPoster]</label>
					<visible>!String.IsEqual(ListItem.Label,..)</visible>
				</control>	
			</itemlayout>
			<focusedlayout height="284" width="185">
				<control type="image">
					<left>2</left>
					<top>0</top>
					<right>0</right>
					<bottom>10</bottom>
					<texture border="10">common/$VAR[nofocus-shadow10]</texture>
				</control>
				<control type="image">
					<left>11</left>
					<top>9</top>
					<right>9</right>
					<bottom>19</bottom>                          
					<texture colordiffuse="Box2" border="4" background="true">common/box21.png</texture>   
					<visible>!Skin.HasSetting(thumbnails.white)</visible>                        
				</control>
				<control type="image">
					<left>12</left>
					<top>10</top>
					<right>10</right>
					<bottom>20</bottom>
					<aspectratio scalediffuse="false">scale</aspectratio>
					<texture diffuse="diffuse/wall.png" background="true">$VAR[PosterImage]</texture>
				</control>
				<control type="label">
					<align>center</align>
					<aligny>center</aligny>
					<width>50</width>
					<right>7</right>
					<top>6</top>
					<height>50</height>
					<textcolor>$VAR[WatchedBackingColor]</textcolor>
					<font>SymbolPosterBackground</font>
					<label>$VAR[WatchedBacking]</label>
					<visible>!String.IsEqual(ListItem.Label,..)</visible>
				</control>
				<control type="label">
					<align>center</align>
					<aligny>center</aligny>
					<width>50</width>
					<right>7</right>
					<top>6</top>
					<height>50</height>
					<textcolor>$VAR[WatchedLabelPosterColor]</textcolor>
					<font>SymbolPoster</font>
					<label>$VAR[WatchedLabelPoster]</label>
					<visible>!String.IsEqual(ListItem.Label,..)</visible>
				</control>
				
				<control type="image">
					<left>5</left>
					<top>3</top>
					<right>3</right>
					<bottom>13</bottom>
					<texture colordiffuse="$VAR[ColorSquares]" border="20">common/selectbox.png</texture>
					<animation center="auto" condition="Control.HasFocus(511)" effect="fade" end="100" start="0" time="250">Focus</animation>
                    <animation center="auto" condition="Control.HasFocus(511)"  effect="fade" end="0" start="100" time="50">UnFocus</animation>
				</control>
			</focusedlayout>
		</control> 
	</include> 
	
	<include name="ListView511">
		<control type="list" id="511">
			<animation effect="slide" start="0,0" end="1040,0" time="200" condition="Skin.HasSetting(flip511rightleft)">Conditional</animation>
			<oninfo condition="ListItem.IsCollection">ActivateWindow(1132)</oninfo>
			<visible>substring(Container.FolderPath,plugin://plugin.program.advanced.launcher/,left) | Container.Content(musicvideos) | Container.Content(movies) | Container.Content(tvshows) | Container.Content(episodes) | Container.Content(seasons) | Container.Content(sets)</visible>
			<top>314</top>
			<left>80</left>
			<width>742</width>
			<height>548</height>
			<onleft condition="!Skin.HasSetting(global.kioskmode)">9000</onleft>
			<onright>1691</onright>
			<orientation>vertical</orientation>
			<preloaditems>2</preloaditems>
			<pagecontrol>1691</pagecontrol>
			<viewtype label="37606">list</viewtype>
			<scrolltime tween="quadratic">400</scrolltime>
			<itemlayout condition="!Skin.HasSetting(511ListInfo)" width="720" height="67">
				<include>56itemlayout</include>
			</itemlayout>
			<focusedlayout condition="!Skin.HasSetting(511ListInfo)" width="720" height="67">
				<control type="group">
					<include>56focuslayout</include>
				</control>
			</focusedlayout>
			
			<itemlayout condition="Skin.HasSetting(511ListInfo)" width="720" height="90">
				<include>56itemlayout_info</include>
			</itemlayout>
			<focusedlayout condition="Skin.HasSetting(511ListInfo)" width="720" height="90">
				<control type="group">
					<include>56focuslayout_info</include>
				</control>
			</focusedlayout>
		</control> 
	</include> 

    <include name="View_511_Double">
        <description>List View (id=511)</description>
		<control type="group">
			<include>Animation.Common</include>	
			<include>JumpBarHorizontal</include>
			<include>ViewSlideForJumpBar</include>
            <visible>Control.IsVisible(511)</visible>
			<control type="group">
				<visible>!Skin.HasSetting(FullscreenFanart511)</visible>
				<include>Animation.ViHi2</include>
				<width>1920</width>
				<left>0</left>
				<top>-90</top>
				<animation effect="slide" start="0,0" end="0,-20" time="200" condition="Skin.HasSetting(ShowClearart511)">Conditional</animation>
				<control type="image" description="clearlogo">
					<visible>Skin.HasSetting(ShowClearart511) + !String.IsEmpty(ListItem.Art(clearlogo))</visible>
					<top>-530</top>
					<width>275</width>	
					<left>825</left>
					<aspectratio scalediffuse="true" align="center">keep</aspectratio>
					<texture background="true">$INFO[ListItem.Art(clearlogo)]</texture>
					<include>Animation.ViHi2</include>
					<fadetime>100</fadetime>
				</control>	
				<control type="label">
					<visible>!Skin.HasSetting(ShowClearart511) | [Skin.HasSetting(ShowClearart511) + String.IsEmpty(ListItem.Art(clearlogo))]</visible>
					<top>280</top>
					<align>center</align>
					<description>Header Label</description>
					<textcolor>Dark1</textcolor>
					<font>SmallBold</font>
					<label fallback="19055">$INFO[ListItem.Title]</label>
					<include>Animation.ViHi2</include>
				</control>
				<control type="label">
					<animation effect="slide" start="0,0" end="0,30" time="200" condition="Skin.HasSetting(ShowClearart511)">Conditional</animation>
					<align>center</align>
					<visible>!String.IsEqual(ListItem.Label,..)</visible>
					<top>335</top>					
					<height>36</height>
					<font>Tiny</font>
					<textcolor>Dark1</textcolor>
					<label>$VAR[509_Row_3]</label>				
				</control>
			</control>
			<control type="group">
				<visible>Skin.HasSetting(FullscreenFanart511) + !Skin.HasSetting(511fanartposter)</visible>
				<include>Animation.ViHi2</include>
				<width>1920</width>
				<left>0</left>
				<top>-90</top>
				<animation effect="slide" start="0,0" end="0,-20" time="200" condition="Skin.HasSetting(ShowClearartFanart511)">Conditional</animation>
				<control type="image" description="clearlogo">
					<visible>Skin.HasSetting(ShowClearartFanart511) + !String.IsEmpty(ListItem.Art(clearlogo))</visible>
					<top>-530</top>
					<width>275</width>	
					<left>825</left>
					<aspectratio scalediffuse="true" align="center">keep</aspectratio>
					<texture background="true">$INFO[ListItem.Art(clearlogo)]</texture>
					<include>Animation.ViHi2</include>
					<fadetime>100</fadetime>
				</control>	
				<control type="label">
					<visible>!Skin.HasSetting(ShowClearartFanart511) | [Skin.HasSetting(ShowClearartFanart511) + String.IsEmpty(ListItem.Art(clearlogo))]</visible>
					<top>280</top>
					<align>center</align>
					<description>Header Label</description>
					<textcolor>Dark1</textcolor>
					<font>SmallBold</font>
					<label fallback="19055">$INFO[ListItem.Title]</label>
					<include>Animation.ViHi2</include>
				</control>
				<control type="label">
					<animation effect="slide" start="0,0" end="0,30" time="200" condition="Skin.HasSetting(ShowClearartFanart511)">Conditional</animation>
					<align>center</align>
					<visible>!String.IsEqual(ListItem.Label,..)</visible>
					<top>335</top>					
					<height>36</height>
					<font>Tiny</font>
					<textcolor>Dark1</textcolor>
					<label>$VAR[509_Row_3]</label>				
				</control>
			</control>
			<control type="group">
				<animation effect="slide" start="0,0" end="-737,0" time="200" condition="Skin.HasSetting(flip511rightleft)">Conditional</animation>
				<visible>!Skin.HasSetting(FullscreenFanart511) + !Skin.HasSetting(511fanartposter)</visible>
				<include>Animation.ViHi2</include>
				<width>638</width>
				<height>540</height>
				<top>305</top>
				<right>82</right>
				<animation effect="slide" start="0,0" end="-380,0" time="200" condition="Skin.HasSetting(Flip511)">Conditional</animation>
				<control type="image">
					<left>-10</left>
					<top>3</top>	
					<width>658</width>
					<height>375</height> 
					<texture border="10">common/$VAR[nofocus-shadow10]</texture>
				</control>
				<control type="image">
					<left>-1</left>
					<top>9</top>	
					<width>641</width>
					<height>361</height>                           
					<texture colordiffuse="Box2" border="4" background="true">common/box21.png</texture>   
					<visible>!Skin.HasSetting(thumbnails.white)</visible>                        
				</control>
				<control type="image">										
					<width>639</width>
					<height>359</height> 
					<top>10</top>
					<fadetime>200</fadetime>
					<aspectratio aligny="center" align="center" scalediffuse="false">scale</aspectratio>
					<texture diffuse="diffuse/pvrinfo.png" background="true">$VAR[FanartImageFanart]</texture>		
				</control>
				<control type="label">
					<visible>!String.IsEqual(ListItem.Label,..)</visible>
					<top>387</top>	
					<left>5</left>				
					<height>36</height>
					<font>Tiny</font>
					<textcolor>Dark1</textcolor>
					<label>$VAR[509_Row_1]</label>				
				</control>
				<control type="textbox">			
					<top>422</top>
					<bottom>10</bottom>
					<left>5</left>
					<right>5</right>
					<font>Tiny</font>
					<textcolor>Dark2</textcolor>
					<selectedcolor>Dark2</selectedcolor>
					<label>$INFO[ListItem.Plot]</label>
					<align>justify</align>				
				</control>
			</control>
			
			
			<control type="group">
				<animation effect="slide" start="0,0" end="-740,0" time="200" condition="Skin.HasSetting(flip511rightleft)">Conditional</animation>
				<visible>Skin.HasSetting(511fanartposter)</visible>
				<include>Animation.ViHi2</include>
				<width>638</width>
				<height>545</height>
				<top>305</top>
				<right>162</right>
				<control type="group">
					<animation effect="slide" start="0,0" end="-296,0" time="200" condition="Skin.HasSetting(Flip511)">Conditional</animation>
					<control type="image">
						<left>-10</left>
						<top>1</top>	
						<width>738</width>
						<height>421</height> 
						<texture border="10">common/$VAR[nofocus-shadow10]</texture>
					</control>
					<control type="image">
						<left>-1</left>
						<top>9</top>	
						<width>722</width>
						<height>406</height>                           
						<texture colordiffuse="Box2" border="4" background="true">common/box21.png</texture>    
						<visible>!Skin.HasSetting(thumbnails.white)</visible>                        
					</control>
					<control type="image">										
						<width>720</width>
						<height>404</height> 
						<top>10</top>
						<fadetime>200</fadetime>
						<aspectratio aligny="center" align="center" scalediffuse="false">scale</aspectratio>
						<texture diffuse="diffuse/pvrinfo.png" background="true">$VAR[FanartImageFanart]</texture>		
					</control>
				</control>
			</control>
			<control type="group">
				<animation effect="slide" start="0,0" end="-740,0" time="200" condition="Skin.HasSetting(flip511rightleft)">Conditional</animation>
				<visible>Skin.HasSetting(511fanartposter)</visible>
				<include>Animation.ViHi2</include>
				<top>315</top>
				<left>823</left>
				<animation effect="slide" start="0,0" end="743,0" time="200" condition="Skin.HasSetting(Flip511)">Conditional</animation>
				<control type="image">
					<left>-9</left>
					<top>-9</top>	
					<width>291</width>
					<height>422</height> 
					<texture border="10">common/$VAR[nofocus-shadow10]</texture>
				</control>	
				<control type="image">
					<left>-1</left>
					<top>-1</top>	
					<width>275</width>
					<height>406</height>                           
					<texture colordiffuse="Box2" border="4" background="true">common/box21.png</texture>   
					<visible>!Skin.HasSetting(thumbnails.white)</visible>                        
				</control>
				<control type="image">										
					<width>273</width>
					<height>404</height>
					<fadetime>200</fadetime>
					<aspectratio aligny="center" align="center" scalediffuse="false">scale</aspectratio>
					<texture diffuse="diffuse/wall.png" background="true">$VAR[PosterImage]</texture>		
				</control>
			</control>
			<control type="group">
				<animation effect="slide" start="0,0" end="-740,0" time="200" condition="Skin.HasSetting(flip511rightleft)">Conditional</animation>
				<visible>Skin.HasSetting(511fanartposter)</visible>
				<include>Animation.ViHi2</include>
				<top>315</top>
				<left>821</left>
				<right>SidePad</right>
				<bottom>240</bottom>
				<control type="label">
					<visible>!String.IsEqual(ListItem.Label,..)</visible>
					<top>425</top>	
					<left>5</left>				
					<height>36</height>
					<font>Tiny</font>
					<textcolor>Dark1</textcolor>
					<label>$VAR[509_Row_1]</label>				
				</control>
				<control type="textbox">			
					<top>460</top>
					<left>5</left>
					<right>5</right>
					<font>Tiny</font>
					<textcolor>Dark2</textcolor>
					<selectedcolor>Dark2</selectedcolor>
					<label>$INFO[ListItem.Plot]</label>
					<align>justify</align>				
				</control>
			</control>
			<control type="group">
				<animation effect="slide" start="0,0" end="-736,0" time="200" condition="Skin.HasSetting(flip511rightleft)">Conditional</animation>
				<visible>!Skin.HasSetting(FullscreenFanart511) + !Skin.HasSetting(511fanartposter)</visible>
				<include>Animation.ViHi2</include>
				<top>315</top>
				<left>818</left>
				<animation effect="slide" start="0,0" end="659,0" time="200" condition="Skin.HasSetting(Flip511)">Conditional</animation>
				<control type="image">
					<left>-9</left>
					<top>-9</top>	
					<width>382</width>
					<height>557</height> 
					<texture border="10">common/$VAR[nofocus-shadow10]</texture>
				</control>	
				<control type="image">
					<left>-1</left>
					<top>-1</top>	
					<width>365</width>
					<height>541</height>                           
					<texture colordiffuse="Box2" border="4" background="true">common/box21.png</texture>   
					<visible>!Skin.HasSetting(thumbnails.white)</visible>                        
				</control>
				<control type="image">										
					<width>363</width>
					<height>539</height>
					<fadetime>200</fadetime>
					<aspectratio aligny="center" align="center" scalediffuse="false">scale</aspectratio>
					<texture diffuse="diffuse/wall.png" background="true">$VAR[PosterImage]</texture>		
				</control>
			</control>
			<control type="group">
				<animation effect="slide" start="0,0" end="-740,0" time="200" condition="Skin.HasSetting(flip511rightleft)">Conditional</animation>
				<visible>Skin.HasSetting(FullscreenFanart511) + !Skin.HasSetting(511fanartposter)</visible>
				<include>Animation.ViHi2</include>
				<top>305</top>
				<left>818</left>
				<control type="image">
					<left>-10</left>
					<top>1</top>	
					<width>1041</width>
					<height>557</height> 
					<texture border="10">common/$VAR[nofocus-shadow10]</texture>
				</control>
				<control type="image">
					<left>-1</left>
					<top>9</top>	
					<width>1024</width>
					<height>540</height>                           
					<texture colordiffuse="Box2" border="4" background="true">common/box21.png</texture>   
					<visible>!Skin.HasSetting(thumbnails.white)</visible>                        
				</control>
				<control type="image">									
					<width>1022</width>
					<height>538</height> 
					<top>10</top>
					<fadetime>200</fadetime>
					<aspectratio aligny="center" align="center" scalediffuse="false">scale</aspectratio>
					<texture diffuse="diffuse/pvrinfo.png" background="true">$VAR[FanartImageFanart]</texture>		
				</control>
				<control type="image" description="clearlogo">
					<visible>!Skin.HasSetting(ShowClearartFanart511)</visible>	
					<right>100</right>
					<bottom>250</bottom>
					<width>400</width>
					<height>90</height>
					<fadetime>200</fadetime>
					<aspectratio aligny="bottom" align="right">keep</aspectratio>
					<texture background="true">$VAR[ClearLogoTopVar]</texture>
				</control>
			</control>
			
			
			<include condition="Skin.HasSetting(ListView511)">ListView511</include>
			<include condition="!Skin.HasSetting(ListView511)">DoubleView511</include>
			
			<control type="scrollbar" id="1691">
				<include content="scrollbar_vertical">
				<param name="scrollid" value="1691" />
				</include>
			</control> 
		</control>			
    </include>
</includes>
